"stop_id","stop_name","day_of_week","hour","avg_vessel_count","median_vessel_count","sd_vessel_count"
4,"Hunters Point South","Sun",0,19.2948717948718,17,9.73427332963675
4,"Hunters Point South","Sun",1,18.6666666666667,12,15.0511393766983
4,"Hunters Point South","Sun",2,7.61538461538461,6,7.16997848034368
4,"Hunters Point South","Sun",3,2.24358974358974,1,3.36207224841017
4,"Hunters Point South","Sun",4,1.08974358974359,0,2.30293938338155
4,"Hunters Point South","Sun",5,1.48717948717949,0,2.97933832863219
4,"Hunters Point South","Sun",6,2.24358974358974,0,4.87289321092595
4,"Hunters Point South","Sun",7,1,0,2.25054106048636
4,"Hunters Point South","Sun",8,0.397435897435897,0,1.24148783372695
4,"Hunters Point South","Sun",9,0.717948717948718,0,1.59461297586296
4,"Hunters Point South","Sun",10,0.423076923076923,0,1.25376555700341
4,"Hunters Point South","Sun",11,2.52564102564103,0,3.39871770691272
4,"Hunters Point South","Sun",12,6.01282051282051,5,5.92484004878863
4,"Hunters Point South","Sun",13,8.14102564102564,8,5.15909072572068
4,"Hunters Point South","Sun",14,10.6923076923077,10,4.88652451934111
4,"Hunters Point South","Sun",15,13.9230769230769,14,7.59659737700319
4,"Hunters Point South","Sun",16,14.6794871794872,13,8.09119063966274
4,"Hunters Point South","Sun",17,14.1538461538462,13,7.73435063985205
4,"Hunters Point South","Sun",18,16.2307692307692,14,8.99628072778228
4,"Hunters Point South","Sun",19,14.2692307692308,13,7.66959433886026
4,"Hunters Point South","Sun",20,15.7307692307692,13,9.94357206312829
4,"Hunters Point South","Sun",21,14.7435897435897,14.5,9.07463411653519
4,"Hunters Point South","Sun",22,14.5641025641026,13,8.04304934030885
4,"Hunters Point South","Sun",23,18.5384615384615,17.5,9.93706469462964
4,"Hunters Point South","Mon",0,14.9620253164557,14,7.28617066949381
4,"Hunters Point South","Mon",1,8.73417721518987,7,6.28328850033552
4,"Hunters Point South","Mon",2,5.13924050632911,4,5.15586342147485
4,"Hunters Point South","Mon",3,1.43037974683544,0,2.63450255268378
4,"Hunters Point South","Mon",4,0.936708860759494,0,1.89697310952312
4,"Hunters Point South","Mon",5,0.645569620253165,0,1.83301611253388
4,"Hunters Point South","Mon",6,0.89873417721519,0,1.91883335755697
4,"Hunters Point South","Mon",7,0.949367088607595,0,1.8939765125748
4,"Hunters Point South","Mon",8,1.44303797468354,1,2.24034587212434
4,"Hunters Point South","Mon",9,3.16455696202532,3,2.46217737569941
4,"Hunters Point South","Mon",10,8.69620253164557,10,6.04757724403398
4,"Hunters Point South","Mon",11,15.0506329113924,15,7.03635018694081
4,"Hunters Point South","Mon",12,19.8860759493671,20,8.48375119887507
4,"Hunters Point South","Mon",13,22.6329113924051,23,7.97460265900258
4,"Hunters Point South","Mon",14,21.7721518987342,21,8.23212806566148
4,"Hunters Point South","Mon",15,21.2025316455696,21,8.07715954584988
4,"Hunters Point South","Mon",16,17.506329113924,16,7.01440535652738
4,"Hunters Point South","Mon",17,15.3924050632911,14,6.86577861108151
4,"Hunters Point South","Mon",18,15.5316455696203,14,6.55124854617761
4,"Hunters Point South","Mon",19,13.9746835443038,13,6.07004981085528
4,"Hunters Point South","Mon",20,14.3037974683544,14,5.25101804629899
4,"Hunters Point South","Mon",21,18.3924050632911,18,6.58361938006083
4,"Hunters Point South","Mon",22,19.126582278481,19,5.5547786971718
4,"Hunters Point South","Mon",23,23.6708860759494,22,7.76534299106654
4,"Hunters Point South","Tue",0,17.2051282051282,17,6.02669165637436
4,"Hunters Point South","Tue",1,10.9230769230769,10.5,4.52918166046434
4,"Hunters Point South","Tue",2,4.55128205128205,4,3.63120471546947
4,"Hunters Point South","Tue",3,2.29487179487179,1,2.84266645612048
4,"Hunters Point South","Tue",4,2.57692307692308,3,2.83539424762422
4,"Hunters Point South","Tue",5,2.51282051282051,1,3.48184004848157
4,"Hunters Point South","Tue",6,2.43589743589744,1,3.48871927376827
4,"Hunters Point South","Tue",7,2.16666666666667,0,3.22497021698386
4,"Hunters Point South","Tue",8,2.55128205128205,1.5,2.91724579189396
4,"Hunters Point South","Tue",9,4.88461538461539,4.5,3.67151467108876
4,"Hunters Point South","Tue",10,10.525641025641,10,6.48219210752154
4,"Hunters Point South","Tue",11,16.6153846153846,15,6.0543657516989
4,"Hunters Point South","Tue",12,21.2820512820513,20,7.74076313546758
4,"Hunters Point South","Tue",13,23,23,8.14957571997367
4,"Hunters Point South","Tue",14,23.9102564102564,23,6.03923513140207
4,"Hunters Point South","Tue",15,23.1666666666667,21,8.67361526306083
4,"Hunters Point South","Tue",16,18.3717948717949,18,6.65105982055467
4,"Hunters Point South","Tue",17,16.9615384615385,16.5,6.1863744447963
4,"Hunters Point South","Tue",18,15.3974358974359,15,5.31681904606173
4,"Hunters Point South","Tue",19,13.8076923076923,13,4.50124857803241
4,"Hunters Point South","Tue",20,16.2564102564103,15,6.64192879480186
4,"Hunters Point South","Tue",21,18.5641025641026,17,7.66098183594261
4,"Hunters Point South","Tue",22,17.9358974358974,18,4.55939089002525
4,"Hunters Point South","Tue",23,22.8974358974359,23,7.84358409923751
4,"Hunters Point South","Wed",0,17.0641025641026,16,6.1503663571373
4,"Hunters Point South","Wed",1,12.4871794871795,12,6.40969960951752
4,"Hunters Point South","Wed",2,4.24358974358974,4,3.57910929003618
4,"Hunters Point South","Wed",3,2.48717948717949,2,2.92656258514465
4,"Hunters Point South","Wed",4,2.6025641025641,1,3.23672009546037
4,"Hunters Point South","Wed",5,1.85897435897436,0,2.55700900238834
4,"Hunters Point South","Wed",6,1.82051282051282,0,2.37269965012507
4,"Hunters Point South","Wed",7,1.67948717948718,0,2.97824837277944
4,"Hunters Point South","Wed",8,2.76923076923077,2,2.90955915312517
4,"Hunters Point South","Wed",9,4.1025641025641,3,3.27362440066308
4,"Hunters Point South","Wed",10,10.025641025641,11,6.24806330299998
4,"Hunters Point South","Wed",11,17.4358974358974,17,6.75660281884925
4,"Hunters Point South","Wed",12,20.5,21,6.77035171447262
4,"Hunters Point South","Wed",13,22.4615384615385,20.5,8.66653858866913
4,"Hunters Point South","Wed",14,23.0128205128205,23,7.17588600754917
4,"Hunters Point South","Wed",15,22.3589743589744,22,7.41527794397128
4,"Hunters Point South","Wed",16,17.1666666666667,17,6.11027804895144
4,"Hunters Point South","Wed",17,17.0641025641026,17,6.240503941501
4,"Hunters Point South","Wed",18,16.6538461538462,15,6.70108912077697
4,"Hunters Point South","Wed",19,14.0641025641026,12,6.37841274802354
4,"Hunters Point South","Wed",20,14.8461538461538,14,7.03253463955518
4,"Hunters Point South","Wed",21,18.7692307692308,17,6.91492471514939
4,"Hunters Point South","Wed",22,19.2564102564103,19,5.83859949724624
4,"Hunters Point South","Wed",23,24.4615384615385,25,7.7286653267086
4,"Hunters Point South","Thu",0,17.7820512820513,17.5,5.78319876412595
4,"Hunters Point South","Thu",1,12.3589743589744,12,5.52908333910446
4,"Hunters Point South","Thu",2,5.28205128205128,4,4.2667467941194
4,"Hunters Point South","Thu",3,2.82051282051282,2,3.32149078461781
4,"Hunters Point South","Thu",4,2.24358974358974,1.5,2.88833703755134
4,"Hunters Point South","Thu",5,2.46153846153846,1,3.44791413583806
4,"Hunters Point South","Thu",6,2,0,2.75869346075087
4,"Hunters Point South","Thu",7,1.42307692307692,0,2.04189389276982
4,"Hunters Point South","Thu",8,2.69230769230769,1,3.15943317416558
4,"Hunters Point South","Thu",9,3.96153846153846,3,4.14804697493817
4,"Hunters Point South","Thu",10,9.16666666666667,10,5.73985082087396
4,"Hunters Point South","Thu",11,16.474358974359,16,6.59737129660807
4,"Hunters Point South","Thu",12,20.4871794871795,20,7.47071093079647
4,"Hunters Point South","Thu",13,22.474358974359,21,8.29289221394209
4,"Hunters Point South","Thu",14,22.8846153846154,22,8.42072392425921
4,"Hunters Point South","Thu",15,22.2307692307692,21,7.31112491020003
4,"Hunters Point South","Thu",16,19.6153846153846,19,7.12819674329973
4,"Hunters Point South","Thu",17,19.1025641025641,16.5,8.17755836863675
4,"Hunters Point South","Thu",18,16.3589743589744,15.5,5.68884613634174
4,"Hunters Point South","Thu",19,14.2948717948718,13,5.23005543502933
4,"Hunters Point South","Thu",20,15.5384615384615,14,6.74140589540145
4,"Hunters Point South","Thu",21,19.1282051282051,18.5,7.35616884751976
4,"Hunters Point South","Thu",22,19.9871794871795,20,7.19576641359725
4,"Hunters Point South","Thu",23,24.2435897435897,25,7.79474664489329
4,"Hunters Point South","Fri",0,17.1153846153846,16,6.83759806165493
4,"Hunters Point South","Fri",1,12.9102564102564,12,6.53499251767951
4,"Hunters Point South","Fri",2,4.83333333333333,4,4.32875215715744
4,"Hunters Point South","Fri",3,2.82051282051282,2,3.00105431579087
4,"Hunters Point South","Fri",4,2.32051282051282,1,2.83069258536149
4,"Hunters Point South","Fri",5,1.7051282051282,0,2.57414201748993
4,"Hunters Point South","Fri",6,1.80769230769231,0,2.63866205917648
4,"Hunters Point South","Fri",7,2.1025641025641,1,2.77554133524069
4,"Hunters Point South","Fri",8,2.37179487179487,1,3.30724892288068
4,"Hunters Point South","Fri",9,3.96153846153846,3,2.98238250306787
4,"Hunters Point South","Fri",10,10.4615384615385,11,5.96895063041835
4,"Hunters Point South","Fri",11,17.1794871794872,17,5.502640664177
4,"Hunters Point South","Fri",12,23.1538461538462,23,7.0877192548636
4,"Hunters Point South","Fri",13,22.1282051282051,21,7.14117196238383
4,"Hunters Point South","Fri",14,22.2692307692308,21,7.51392314034692
4,"Hunters Point South","Fri",15,23.4615384615385,24,7.18890253657119
4,"Hunters Point South","Fri",16,18.8461538461538,18,6.39211552298148
4,"Hunters Point South","Fri",17,17.2820512820513,17,6.51252028119072
4,"Hunters Point South","Fri",18,15.6282051282051,15,5.26470476067901
4,"Hunters Point South","Fri",19,13.4615384615385,12,5.71098805946787
4,"Hunters Point South","Fri",20,15.051282051282,15,6.27279725066779
4,"Hunters Point South","Fri",21,17.8205128205128,18,7.52785923544434
4,"Hunters Point South","Fri",22,18.2051282051282,18,6.66520130415492
4,"Hunters Point South","Fri",23,22.6025641025641,22,8.35625552068666
4,"Hunters Point South","Sat",0,16.9102564102564,16,7.38757450563154
4,"Hunters Point South","Sat",1,12.4615384615385,12,6.62284967835884
4,"Hunters Point South","Sat",2,7.11538461538461,5,7.55925642125981
4,"Hunters Point South","Sat",3,3.2051282051282,2,3.95546301280743
4,"Hunters Point South","Sat",4,1.93589743589744,0,2.76029239741266
4,"Hunters Point South","Sat",5,1.43589743589744,0,2.19556662857514
4,"Hunters Point South","Sat",6,1.84615384615385,0,2.72590708399414
4,"Hunters Point South","Sat",7,2.48717948717949,0,4.47429480692924
4,"Hunters Point South","Sat",8,1.53846153846154,0,2.34488837655473
4,"Hunters Point South","Sat",9,2.21794871794872,0,3.03934133285417
4,"Hunters Point South","Sat",10,2.17948717948718,0,3.24635095742813
4,"Hunters Point South","Sat",11,3.41025641025641,2,4.11344295212817
4,"Hunters Point South","Sat",12,6.55128205128205,7,5.22890924012761
4,"Hunters Point South","Sat",13,9.85897435897436,9,6.40763416229231
4,"Hunters Point South","Sat",14,11.7692307692308,10,6.75339852284697
4,"Hunters Point South","Sat",15,16.0384615384615,15,8.92019787168032
4,"Hunters Point South","Sat",16,15.9230769230769,15,6.52222818823909
4,"Hunters Point South","Sat",17,16.948717948718,15,8.2176519474728
4,"Hunters Point South","Sat",18,17.6153846153846,17,9.88929733591835
4,"Hunters Point South","Sat",19,16.8846153846154,16,7.3660872082294
4,"Hunters Point South","Sat",20,18.6538461538462,14,12.837472465431
4,"Hunters Point South","Sat",21,14.6923076923077,15.5,7.70951123201487
4,"Hunters Point South","Sat",22,15.3846153846154,14,7.62468780579665
4,"Hunters Point South","Sat",23,19.4230769230769,19.5,9.51897521327212
8,"South Williamsburg","Sun",0,37.8076923076923,38,18.3097856827504
8,"South Williamsburg","Sun",1,30.6282051282051,24.5,14.5415740536359
8,"South Williamsburg","Sun",2,12.6923076923077,11.5,7.91071555419739
8,"South Williamsburg","Sun",3,5.19230769230769,4,3.82424830847516
8,"South Williamsburg","Sun",4,5.76923076923077,4,5.81293469688158
8,"South Williamsburg","Sun",5,5.07692307692308,4,4.59183134325675
8,"South Williamsburg","Sun",6,6.37179487179487,5,5.6202532049051
8,"South Williamsburg","Sun",7,3.71794871794872,3,3.01897650110416
8,"South Williamsburg","Sun",8,2.84615384615385,2,3.05820982809345
8,"South Williamsburg","Sun",9,2.08974358974359,1,2.45047515899029
8,"South Williamsburg","Sun",10,2.65384615384615,2,2.8822201177552
8,"South Williamsburg","Sun",11,4.7051282051282,4,4.20299514217756
8,"South Williamsburg","Sun",12,11.2564102564103,9,9.18417031358763
8,"South Williamsburg","Sun",13,16.6153846153846,17,7.71948246907845
8,"South Williamsburg","Sun",14,25.6282051282051,26,7.39095441240217
8,"South Williamsburg","Sun",15,29.0641025641026,28.5,9.38130185575672
8,"South Williamsburg","Sun",16,31.8205128205128,33,12.9572159003948
8,"South Williamsburg","Sun",17,32.1410256410256,32.5,12.6918773073076
8,"South Williamsburg","Sun",18,34.474358974359,35,14.8715053596356
8,"South Williamsburg","Sun",19,30.9358974358974,30.5,12.1520023934808
8,"South Williamsburg","Sun",20,31.3076923076923,31.5,12.6586633671078
8,"South Williamsburg","Sun",21,29.6666666666667,29.5,10.8408398901473
8,"South Williamsburg","Sun",22,29.4102564102564,27.5,10.3653216756593
8,"South Williamsburg","Sun",23,33.0897435897436,30.5,15.4156152047588
8,"South Williamsburg","Mon",0,30.7594936708861,28,12.9260373187603
8,"South Williamsburg","Mon",1,21.5189873417722,19,9.46093284213705
8,"South Williamsburg","Mon",2,10.3670886075949,11,7.25219191479177
8,"South Williamsburg","Mon",3,3.9873417721519,3,3.90099813291115
8,"South Williamsburg","Mon",4,3.20253164556962,3,2.83014789336965
8,"South Williamsburg","Mon",5,3.68354430379747,3,4.01453865471383
8,"South Williamsburg","Mon",6,3.21518987341772,2,3.68180169829082
8,"South Williamsburg","Mon",7,2.68354430379747,2,2.58964557419256
8,"South Williamsburg","Mon",8,4.06329113924051,3,3.29468014148021
8,"South Williamsburg","Mon",9,6.79746835443038,6,4.74579367557895
8,"South Williamsburg","Mon",10,16.7594936708861,19,9.66916217550629
8,"South Williamsburg","Mon",11,32.1772151898734,34,13.7344406079051
8,"South Williamsburg","Mon",12,38.4810126582278,40,13.3434520189451
8,"South Williamsburg","Mon",13,39.6329113924051,42,12.7663190839641
8,"South Williamsburg","Mon",14,39.0253164556962,38,10.4218393518368
8,"South Williamsburg","Mon",15,34.7974683544304,35,10.0758402930557
8,"South Williamsburg","Mon",16,35.5063291139241,34,10.9062125529108
8,"South Williamsburg","Mon",17,35.2151898734177,34,9.40086041626244
8,"South Williamsburg","Mon",18,32.1772151898734,31,8.91665036232042
8,"South Williamsburg","Mon",19,28.1392405063291,26,9.24417235303935
8,"South Williamsburg","Mon",20,31.3291139240506,32,9.39001313314849
8,"South Williamsburg","Mon",21,34.3544303797468,34,8.88392090424669
8,"South Williamsburg","Mon",22,35.620253164557,36,9.21162002716295
8,"South Williamsburg","Mon",23,39.9873417721519,41,9.34865089798862
8,"South Williamsburg","Tue",0,32.3076923076923,32,7.93039147149174
8,"South Williamsburg","Tue",1,22.6666666666667,22,8.23780746688534
8,"South Williamsburg","Tue",2,8.91025641025641,8,5.2525464385614
8,"South Williamsburg","Tue",3,3.93589743589744,3,3.30029413718556
8,"South Williamsburg","Tue",4,3.42307692307692,3,2.64584570610221
8,"South Williamsburg","Tue",5,3.69230769230769,3,2.79288377849845
8,"South Williamsburg","Tue",6,4.24358974358974,4,3.66516028754541
8,"South Williamsburg","Tue",7,3.48717948717949,2,3.30188293287798
8,"South Williamsburg","Tue",8,5.32051282051282,5,3.7015040458079
8,"South Williamsburg","Tue",9,7.06410256410256,7,3.57966748651594
8,"South Williamsburg","Tue",10,19.3333333333333,21.5,9.73368320547719
8,"South Williamsburg","Tue",11,35.2692307692308,35,11.8219178756132
8,"South Williamsburg","Tue",12,42.9615384615385,43,12.055544941485
8,"South Williamsburg","Tue",13,41.9102564102564,41.5,10.0830137442714
8,"South Williamsburg","Tue",14,42.5,41.5,9.90572443708064
8,"South Williamsburg","Tue",15,38.7564102564103,38.5,10.2199015135366
8,"South Williamsburg","Tue",16,37.4102564102564,36,10.4290253027102
8,"South Williamsburg","Tue",17,36.1538461538462,35,10.3209243055784
8,"South Williamsburg","Tue",18,31.3974358974359,30,6.39061760239129
8,"South Williamsburg","Tue",19,27.8205128205128,27,7.38327979375159
8,"South Williamsburg","Tue",20,32.7564102564103,33,8.98799473097583
8,"South Williamsburg","Tue",21,32.1282051282051,32.5,8.00707313025304
8,"South Williamsburg","Tue",22,36,36,6.77466633097925
8,"South Williamsburg","Tue",23,40.3717948717949,42,8.41320695585526
8,"South Williamsburg","Wed",0,33.4358974358974,32.5,9.83446067238141
8,"South Williamsburg","Wed",1,23.6153846153846,23,9.5757143699207
8,"South Williamsburg","Wed",2,10.2564102564103,10,6.01823181832623
8,"South Williamsburg","Wed",3,4.76923076923077,4,5.56875111770934
8,"South Williamsburg","Wed",4,4.28205128205128,4,3.42222467287315
8,"South Williamsburg","Wed",5,4.07692307692308,3,4.46274398952975
8,"South Williamsburg","Wed",6,3.83333333333333,2.5,3.8860946465226
8,"South Williamsburg","Wed",7,3.02564102564103,3,3.03218389846975
8,"South Williamsburg","Wed",8,4.46153846153846,4,3.42523980653439
8,"South Williamsburg","Wed",9,7.24358974358974,7,3.76306692216238
8,"South Williamsburg","Wed",10,17.7820512820513,20.5,10.6461961207509
8,"South Williamsburg","Wed",11,33.6025641025641,34,12.1530710603179
8,"South Williamsburg","Wed",12,41.7307692307692,41,12.0945120933927
8,"South Williamsburg","Wed",13,40.4358974358974,41,10.1592383184038
8,"South Williamsburg","Wed",14,41.2435897435897,42,9.92332408885052
8,"South Williamsburg","Wed",15,37.2948717948718,36.5,9.2133570095784
8,"South Williamsburg","Wed",16,37.525641025641,37,11.0250297982038
8,"South Williamsburg","Wed",17,36.051282051282,36,9.60640673108579
8,"South Williamsburg","Wed",18,31.3333333333333,31,7.93589030785803
8,"South Williamsburg","Wed",19,28.4102564102564,27.5,8.88371616613301
8,"South Williamsburg","Wed",20,31.474358974359,31.5,10.4081940234847
8,"South Williamsburg","Wed",21,33.9102564102564,33,7.25094870180841
8,"South Williamsburg","Wed",22,35.7948717948718,35,8.32826352608834
8,"South Williamsburg","Wed",23,42.6025641025641,43,8.83520076516502
8,"South Williamsburg","Thu",0,32.7564102564103,33,8.31550874256564
8,"South Williamsburg","Thu",1,23.948717948718,23,9.14230559441936
8,"South Williamsburg","Thu",2,9.96153846153846,9.5,5.8519445268436
8,"South Williamsburg","Thu",3,3.64102564102564,3,2.91424784341354
8,"South Williamsburg","Thu",4,3.74358974358974,3,3.22504765870714
8,"South Williamsburg","Thu",5,4.19230769230769,3,3.75225539901278
8,"South Williamsburg","Thu",6,3.12820512820513,2,3.54693566064463
8,"South Williamsburg","Thu",7,3.46153846153846,3,2.65649074098576
8,"South Williamsburg","Thu",8,4.6025641025641,4,3.72893126846398
8,"South Williamsburg","Thu",9,6.83333333333333,7,3.6553347126456
8,"South Williamsburg","Thu",10,18.4871794871795,19.5,11.003828837466
8,"South Williamsburg","Thu",11,33.025641025641,34,12.4002245046438
8,"South Williamsburg","Thu",12,39.7179487179487,40,11.8144721245493
8,"South Williamsburg","Thu",13,40.3076923076923,40.5,10.2783440127462
8,"South Williamsburg","Thu",14,40.7435897435897,42,10.3690797816304
8,"South Williamsburg","Thu",15,37.2692307692308,35.5,9.63849570216221
8,"South Williamsburg","Thu",16,37.1538461538462,36,10.782473661537
8,"South Williamsburg","Thu",17,38.2435897435897,37.5,9.30463632154729
8,"South Williamsburg","Thu",18,32.5,32,9.39155464772999
8,"South Williamsburg","Thu",19,29.2692307692308,28,9.42595625645756
8,"South Williamsburg","Thu",20,32.6410256410256,31,10.3170195522201
8,"South Williamsburg","Thu",21,35.9615384615385,35,7.94697084770956
8,"South Williamsburg","Thu",22,38.3461538461538,36.5,8.80204657883745
8,"South Williamsburg","Thu",23,41.2564102564103,40.5,9.8869399589348
8,"South Williamsburg","Fri",0,36.2435897435897,34,10.1689441884311
8,"South Williamsburg","Fri",1,25.025641025641,23.5,10.6465949180939
8,"South Williamsburg","Fri",2,12.9871794871795,11,8.99277284100757
8,"South Williamsburg","Fri",3,4.17948717948718,4,3.30974001310963
8,"South Williamsburg","Fri",4,4.42307692307692,3.5,3.62358519016314
8,"South Williamsburg","Fri",5,3.74358974358974,3,3.22101822021521
8,"South Williamsburg","Fri",6,3.51282051282051,2,3.42164079172927
8,"South Williamsburg","Fri",7,3.8974358974359,3,3.34815220832674
8,"South Williamsburg","Fri",8,5.12820512820513,4,4.79815704435683
8,"South Williamsburg","Fri",9,8.14102564102564,8,5.14648880173142
8,"South Williamsburg","Fri",10,19.1538461538462,22,10.2019566789866
8,"South Williamsburg","Fri",11,34.051282051282,35,11.7117960691846
8,"South Williamsburg","Fri",12,43.3076923076923,42.5,11.3678833222712
8,"South Williamsburg","Fri",13,41.5769230769231,40.5,10.6825737824451
8,"South Williamsburg","Fri",14,40.7051282051282,41,10.1432710397557
8,"South Williamsburg","Fri",15,38.7435897435897,39,8.66915100538566
8,"South Williamsburg","Fri",16,36.1794871794872,35.5,9.33745924693357
8,"South Williamsburg","Fri",17,35.7564102564103,35,9.21205576198773
8,"South Williamsburg","Fri",18,31,30,6.79954161938628
8,"South Williamsburg","Fri",19,28.8076923076923,27,7.95614226872545
8,"South Williamsburg","Fri",20,29.4230769230769,30,8.12007170138075
8,"South Williamsburg","Fri",21,33.2307692307692,35,8.59012280414022
8,"South Williamsburg","Fri",22,34.7692307692308,35.5,9.38072502517806
8,"South Williamsburg","Fri",23,40.8974358974359,41.5,11.6145785501857
8,"South Williamsburg","Sat",0,32.9358974358974,32,9.3716063898889
8,"South Williamsburg","Sat",1,26.1410256410256,25,11.260463369597
8,"South Williamsburg","Sat",2,10.9102564102564,11,5.52723104730416
8,"South Williamsburg","Sat",3,4.34615384615385,4,3.8640095018736
8,"South Williamsburg","Sat",4,4.55128205128205,4,3.59164772770568
8,"South Williamsburg","Sat",5,4.7948717948718,4,3.78431134039105
8,"South Williamsburg","Sat",6,6.17948717948718,5,5.44331733685476
8,"South Williamsburg","Sat",7,4.15384615384615,3.5,3.88495908510078
8,"South Williamsburg","Sat",8,3.2948717948718,2,2.86541841807138
8,"South Williamsburg","Sat",9,3.41025641025641,2.5,3.55453212599051
8,"South Williamsburg","Sat",10,3.35897435897436,2.5,3.34576436620082
8,"South Williamsburg","Sat",11,5.56410256410256,5,4.21065359886131
8,"South Williamsburg","Sat",12,11.8974358974359,9,9.02606578027567
8,"South Williamsburg","Sat",13,16.9615384615385,17,7.96981693754518
8,"South Williamsburg","Sat",14,26.6538461538462,27,6.3385584068716
8,"South Williamsburg","Sat",15,29.7051282051282,29,8.67465179414043
8,"South Williamsburg","Sat",16,33.6410256410256,34,13.0214352341735
8,"South Williamsburg","Sat",17,34.0769230769231,34,13.1749163784224
8,"South Williamsburg","Sat",18,38.3461538461538,38.5,17.3937045807085
8,"South Williamsburg","Sat",19,34.2179487179487,32,13.3325570037062
8,"South Williamsburg","Sat",20,31.5897435897436,30,13.837119189552
8,"South Williamsburg","Sat",21,30.5384615384615,30,11.3900073631349
8,"South Williamsburg","Sat",22,31,29.5,11.1086721709931
8,"South Williamsburg","Sat",23,35.3589743589744,34.5,17.1176026654529
11,"Atlantic Ave/BBP Pier 6","Sun",0,21.8974358974359,21.5,8.79431596771422
11,"Atlantic Ave/BBP Pier 6","Sun",1,15.8717948717949,15,8.36094659147084
11,"Atlantic Ave/BBP Pier 6","Sun",2,8.12820512820513,8.5,5.48991749839596
11,"Atlantic Ave/BBP Pier 6","Sun",3,4.51282051282051,3.5,3.75116809424239
11,"Atlantic Ave/BBP Pier 6","Sun",4,4.44871794871795,3.5,4.29027119264353
11,"Atlantic Ave/BBP Pier 6","Sun",5,4.67948717948718,4,4.65565872623394
11,"Atlantic Ave/BBP Pier 6","Sun",6,5.16666666666667,3,5.65321806220797
11,"Atlantic Ave/BBP Pier 6","Sun",7,5.2948717948718,4,4.43747024678951
11,"Atlantic Ave/BBP Pier 6","Sun",8,4.84615384615385,4,4.70996987079707
11,"Atlantic Ave/BBP Pier 6","Sun",9,3.84615384615385,3,3.76269081347938
11,"Atlantic Ave/BBP Pier 6","Sun",10,4.33333333333333,4,3.5844783230597
11,"Atlantic Ave/BBP Pier 6","Sun",11,6.48717948717949,6,4.80730934205644
11,"Atlantic Ave/BBP Pier 6","Sun",12,9.82051282051282,9.5,6.20586984336769
11,"Atlantic Ave/BBP Pier 6","Sun",13,14.1282051282051,15,6.64959519197343
11,"Atlantic Ave/BBP Pier 6","Sun",14,21.9615384615385,21,9.14165904362715
11,"Atlantic Ave/BBP Pier 6","Sun",15,23.8974358974359,21.5,12.8513880634807
11,"Atlantic Ave/BBP Pier 6","Sun",16,25.025641025641,21,11.8321314225009
11,"Atlantic Ave/BBP Pier 6","Sun",17,25.5,22,13.8148705875462
11,"Atlantic Ave/BBP Pier 6","Sun",18,27.8846153846154,27,15.1142667351433
11,"Atlantic Ave/BBP Pier 6","Sun",19,25.2435897435897,25,11.842237742023
11,"Atlantic Ave/BBP Pier 6","Sun",20,22.6923076923077,20,10.308624169487
11,"Atlantic Ave/BBP Pier 6","Sun",21,22.6794871794872,21.5,9.91325177590889
11,"Atlantic Ave/BBP Pier 6","Sun",22,21.8461538461538,20,8.5752239349457
11,"Atlantic Ave/BBP Pier 6","Sun",23,19.8974358974359,18,7.84523967433663
11,"Atlantic Ave/BBP Pier 6","Mon",0,18.6075949367089,17,6.99343597279728
11,"Atlantic Ave/BBP Pier 6","Mon",1,12.620253164557,12,7.07161860387533
11,"Atlantic Ave/BBP Pier 6","Mon",2,6.27848101265823,6,4.65457235596811
11,"Atlantic Ave/BBP Pier 6","Mon",3,4.74683544303798,4,4.17399874199967
11,"Atlantic Ave/BBP Pier 6","Mon",4,4.26582278481013,3,4.12841579089984
11,"Atlantic Ave/BBP Pier 6","Mon",5,3.49367088607595,3,3.85264949699627
11,"Atlantic Ave/BBP Pier 6","Mon",6,4.17721518987342,4,4.53691269045283
11,"Atlantic Ave/BBP Pier 6","Mon",7,4.18987341772152,3,3.86329190493624
11,"Atlantic Ave/BBP Pier 6","Mon",8,6.48101265822785,6,5.07346227680828
11,"Atlantic Ave/BBP Pier 6","Mon",9,6.62025316455696,6,4.91544869086454
11,"Atlantic Ave/BBP Pier 6","Mon",10,13.6835443037975,15,8.60760591480293
11,"Atlantic Ave/BBP Pier 6","Mon",11,17.6962025316456,18,7.55552850801174
11,"Atlantic Ave/BBP Pier 6","Mon",12,20.3544303797468,21,6.91901500082413
11,"Atlantic Ave/BBP Pier 6","Mon",13,21.7088607594937,22,6.93773017402255
11,"Atlantic Ave/BBP Pier 6","Mon",14,23.4177215189873,23,8.12499719122115
11,"Atlantic Ave/BBP Pier 6","Mon",15,21.4177215189873,21,8.46502244523765
11,"Atlantic Ave/BBP Pier 6","Mon",16,21.3544303797468,20,7.56516641856633
11,"Atlantic Ave/BBP Pier 6","Mon",17,23.7848101265823,22,8.28911997134698
11,"Atlantic Ave/BBP Pier 6","Mon",18,24.3291139240506,24,7.75212380988449
11,"Atlantic Ave/BBP Pier 6","Mon",19,21.2911392405063,20,7.89376888102446
11,"Atlantic Ave/BBP Pier 6","Mon",20,22.253164556962,21,8.10581993263273
11,"Atlantic Ave/BBP Pier 6","Mon",21,23.2784810126582,22,8.05420213441845
11,"Atlantic Ave/BBP Pier 6","Mon",22,22.5189873417722,23,7.2498642949168
11,"Atlantic Ave/BBP Pier 6","Mon",23,22.1012658227848,21,7.0630765010158
11,"Atlantic Ave/BBP Pier 6","Tue",0,22.1794871794872,21,8.33509804824511
11,"Atlantic Ave/BBP Pier 6","Tue",1,11.6666666666667,11.5,5.36381979288667
11,"Atlantic Ave/BBP Pier 6","Tue",2,9.62820512820513,8.5,5.37698069662905
11,"Atlantic Ave/BBP Pier 6","Tue",3,7.46153846153846,6,6.33213266569045
11,"Atlantic Ave/BBP Pier 6","Tue",4,5.66666666666667,5,4.45370607870544
11,"Atlantic Ave/BBP Pier 6","Tue",5,5.53846153846154,5,4.70339006694938
11,"Atlantic Ave/BBP Pier 6","Tue",6,6.74358974358974,5,5.17595815193117
11,"Atlantic Ave/BBP Pier 6","Tue",7,6.46153846153846,5,5.34933496945037
11,"Atlantic Ave/BBP Pier 6","Tue",8,7.07692307692308,6.5,4.86377874253586
11,"Atlantic Ave/BBP Pier 6","Tue",9,7.21794871794872,6,5.4692705558347
11,"Atlantic Ave/BBP Pier 6","Tue",10,15.5641025641026,17,8.41549242887859
11,"Atlantic Ave/BBP Pier 6","Tue",11,20.5641025641026,20.5,6.40330625554728
11,"Atlantic Ave/BBP Pier 6","Tue",12,20.8846153846154,20,7.26489650846599
11,"Atlantic Ave/BBP Pier 6","Tue",13,22.7307692307692,22,7.08331325534362
11,"Atlantic Ave/BBP Pier 6","Tue",14,24.6410256410256,24,6.97486090532884
11,"Atlantic Ave/BBP Pier 6","Tue",15,25.1666666666667,23.5,9.81043264818574
11,"Atlantic Ave/BBP Pier 6","Tue",16,22.7948717948718,22,7.97131052850104
11,"Atlantic Ave/BBP Pier 6","Tue",17,23.8333333333333,22,7.70295383833357
11,"Atlantic Ave/BBP Pier 6","Tue",18,25.3205128205128,24,7.58243628350018
11,"Atlantic Ave/BBP Pier 6","Tue",19,20.9871794871795,19,7.98292591892886
11,"Atlantic Ave/BBP Pier 6","Tue",20,22.974358974359,22,8.97322765334829
11,"Atlantic Ave/BBP Pier 6","Tue",21,22.7179487179487,21,7.23608819466515
11,"Atlantic Ave/BBP Pier 6","Tue",22,22.7820512820513,23,6.88428935282647
11,"Atlantic Ave/BBP Pier 6","Tue",23,24.0769230769231,23,7.36395085723501
11,"Atlantic Ave/BBP Pier 6","Wed",0,21,21,6.17493887661005
11,"Atlantic Ave/BBP Pier 6","Wed",1,12.7692307692308,11,6.35921067740018
11,"Atlantic Ave/BBP Pier 6","Wed",2,8.64102564102564,7,5.38630866292687
11,"Atlantic Ave/BBP Pier 6","Wed",3,7.15384615384615,7,4.79197631077585
11,"Atlantic Ave/BBP Pier 6","Wed",4,6.01282051282051,5,4.57972264158644
11,"Atlantic Ave/BBP Pier 6","Wed",5,5.30769230769231,5,3.6549475179052
11,"Atlantic Ave/BBP Pier 6","Wed",6,4.78205128205128,4,4.63372010067095
11,"Atlantic Ave/BBP Pier 6","Wed",7,5.14102564102564,4,4.60864337301051
11,"Atlantic Ave/BBP Pier 6","Wed",8,7.23076923076923,7,5.19720973321156
11,"Atlantic Ave/BBP Pier 6","Wed",9,7.43589743589744,6,5.86114155715253
11,"Atlantic Ave/BBP Pier 6","Wed",10,15.9615384615385,16,10.1347317287034
11,"Atlantic Ave/BBP Pier 6","Wed",11,18.3846153846154,18,6.40663367494623
11,"Atlantic Ave/BBP Pier 6","Wed",12,21.5641025641026,21,7.40934780520087
11,"Atlantic Ave/BBP Pier 6","Wed",13,22.1666666666667,21,7.44750750018877
11,"Atlantic Ave/BBP Pier 6","Wed",14,23.948717948718,24,7.84574901177559
11,"Atlantic Ave/BBP Pier 6","Wed",15,22.5384615384615,22,7.69498454922342
11,"Atlantic Ave/BBP Pier 6","Wed",16,22.9871794871795,22,7.68282549104218
11,"Atlantic Ave/BBP Pier 6","Wed",17,23.1282051282051,22.5,8.37336372751238
11,"Atlantic Ave/BBP Pier 6","Wed",18,23.9615384615385,22,8.60601165252735
11,"Atlantic Ave/BBP Pier 6","Wed",19,20.1025641025641,19,7.83695830140211
11,"Atlantic Ave/BBP Pier 6","Wed",20,22.1666666666667,24,8.32991271787681
11,"Atlantic Ave/BBP Pier 6","Wed",21,23.3076923076923,22.5,7.3666635777489
11,"Atlantic Ave/BBP Pier 6","Wed",22,23.6282051282051,22.5,7.85106324896151
11,"Atlantic Ave/BBP Pier 6","Wed",23,23.4102564102564,23,7.43008258407181
11,"Atlantic Ave/BBP Pier 6","Thu",0,21.7564102564103,20,8.05208031107473
11,"Atlantic Ave/BBP Pier 6","Thu",1,11.8076923076923,11,6.30204603408958
11,"Atlantic Ave/BBP Pier 6","Thu",2,9.61538461538461,8,6.04148164770038
11,"Atlantic Ave/BBP Pier 6","Thu",3,7.23076923076923,7,5.45804083808557
11,"Atlantic Ave/BBP Pier 6","Thu",4,5.2948717948718,4,5.00936518869802
11,"Atlantic Ave/BBP Pier 6","Thu",5,5.43589743589744,5,4.71964599043808
11,"Atlantic Ave/BBP Pier 6","Thu",6,4.3974358974359,3.5,4.2620028935547
11,"Atlantic Ave/BBP Pier 6","Thu",7,6.1025641025641,5,5.44056372076769
11,"Atlantic Ave/BBP Pier 6","Thu",8,7.03846153846154,5.5,5.6578696089154
11,"Atlantic Ave/BBP Pier 6","Thu",9,7.37179487179487,7,4.46954768146135
11,"Atlantic Ave/BBP Pier 6","Thu",10,14.8461538461538,17,8.59488963699522
11,"Atlantic Ave/BBP Pier 6","Thu",11,19.3589743589744,19,6.55441629440586
11,"Atlantic Ave/BBP Pier 6","Thu",12,19.051282051282,17.5,7.2540135525592
11,"Atlantic Ave/BBP Pier 6","Thu",13,22.1538461538462,23,7.77454541716469
11,"Atlantic Ave/BBP Pier 6","Thu",14,24,24,6.94692307858236
11,"Atlantic Ave/BBP Pier 6","Thu",15,23.2051282051282,21.5,9.0026821030338
11,"Atlantic Ave/BBP Pier 6","Thu",16,23.8974358974359,23,8.46626574574976
11,"Atlantic Ave/BBP Pier 6","Thu",17,23.3205128205128,21,7.62854105937949
11,"Atlantic Ave/BBP Pier 6","Thu",18,25.8205128205128,26,9.39431105792651
11,"Atlantic Ave/BBP Pier 6","Thu",19,20.8846153846154,20,7.85746525539631
11,"Atlantic Ave/BBP Pier 6","Thu",20,23.6153846153846,22,9.34925619547306
11,"Atlantic Ave/BBP Pier 6","Thu",21,24.551282051282,25,7.12531145074117
11,"Atlantic Ave/BBP Pier 6","Thu",22,23.6923076923077,23,8.06999845879013
11,"Atlantic Ave/BBP Pier 6","Thu",23,24.525641025641,23.5,7.95396553711215
11,"Atlantic Ave/BBP Pier 6","Fri",0,22.7307692307692,21,8.99158781020635
11,"Atlantic Ave/BBP Pier 6","Fri",1,12.8205128205128,12,6.78758145964099
11,"Atlantic Ave/BBP Pier 6","Fri",2,11.6538461538462,11,6.84679643180819
11,"Atlantic Ave/BBP Pier 6","Fri",3,7.17948717948718,5.5,6.45814413803422
11,"Atlantic Ave/BBP Pier 6","Fri",4,6.61538461538461,6,5.2650051966052
11,"Atlantic Ave/BBP Pier 6","Fri",5,5.88461538461539,5,5.19485452024534
11,"Atlantic Ave/BBP Pier 6","Fri",6,5.73076923076923,5,4.14876942144146
11,"Atlantic Ave/BBP Pier 6","Fri",7,5.15384615384615,5,4.00673758236624
11,"Atlantic Ave/BBP Pier 6","Fri",8,7.57692307692308,6.5,5.03885997921255
11,"Atlantic Ave/BBP Pier 6","Fri",9,9.19230769230769,8,6.13708694445795
11,"Atlantic Ave/BBP Pier 6","Fri",10,16.6153846153846,17,10.1472672659703
11,"Atlantic Ave/BBP Pier 6","Fri",11,19.4230769230769,19,6.27201417713336
11,"Atlantic Ave/BBP Pier 6","Fri",12,21.6410256410256,21,7.39247486628698
11,"Atlantic Ave/BBP Pier 6","Fri",13,23.474358974359,23,8.66508797322621
11,"Atlantic Ave/BBP Pier 6","Fri",14,24.3205128205128,23,8.94934313738962
11,"Atlantic Ave/BBP Pier 6","Fri",15,23.7692307692308,22,8.4759753327955
11,"Atlantic Ave/BBP Pier 6","Fri",16,24.3974358974359,22.5,10.3388559034325
11,"Atlantic Ave/BBP Pier 6","Fri",17,23.3974358974359,21,8.66301249842026
11,"Atlantic Ave/BBP Pier 6","Fri",18,26.2948717948718,24.5,9.73694127064682
11,"Atlantic Ave/BBP Pier 6","Fri",19,22.7179487179487,20.5,10.3118862646462
11,"Atlantic Ave/BBP Pier 6","Fri",20,22.2820512820513,22,9.8809766538384
11,"Atlantic Ave/BBP Pier 6","Fri",21,22.7051282051282,22.5,8.44863621417409
11,"Atlantic Ave/BBP Pier 6","Fri",22,22.2051282051282,22,6.7542367162925
11,"Atlantic Ave/BBP Pier 6","Fri",23,22.5128205128205,21.5,7.71529698234666
11,"Atlantic Ave/BBP Pier 6","Sat",0,21.3205128205128,20,7.67098359690525
11,"Atlantic Ave/BBP Pier 6","Sat",1,12.7692307692308,12,6.84318426093955
11,"Atlantic Ave/BBP Pier 6","Sat",2,9.80769230769231,10,5.82885275809267
11,"Atlantic Ave/BBP Pier 6","Sat",3,5.57692307692308,5,4.7139451334608
11,"Atlantic Ave/BBP Pier 6","Sat",4,6.42307692307692,5,5.98812511205656
11,"Atlantic Ave/BBP Pier 6","Sat",5,4.7948717948718,3,4.36145744245098
11,"Atlantic Ave/BBP Pier 6","Sat",6,5.12820512820513,5,4.41767105111025
11,"Atlantic Ave/BBP Pier 6","Sat",7,5.69230769230769,5,4.28318273549639
11,"Atlantic Ave/BBP Pier 6","Sat",8,5.6025641025641,5,4.09732172132544
11,"Atlantic Ave/BBP Pier 6","Sat",9,4.8974358974359,4,4.05990769388301
11,"Atlantic Ave/BBP Pier 6","Sat",10,6.24358974358974,5,5.78665257168149
11,"Atlantic Ave/BBP Pier 6","Sat",11,7.38461538461539,7,4.19099457938513
11,"Atlantic Ave/BBP Pier 6","Sat",12,11.6025641025641,11,7.68256542580742
11,"Atlantic Ave/BBP Pier 6","Sat",13,14.6153846153846,14,7.90566255917241
11,"Atlantic Ave/BBP Pier 6","Sat",14,23.9615384615385,24,8.61204578873874
11,"Atlantic Ave/BBP Pier 6","Sat",15,25.9230769230769,22.5,12.46894243609
11,"Atlantic Ave/BBP Pier 6","Sat",16,26.6538461538462,24.5,11.4515659033322
11,"Atlantic Ave/BBP Pier 6","Sat",17,24.9358974358974,22.5,11.5593777565756
11,"Atlantic Ave/BBP Pier 6","Sat",18,28.0384615384615,23,15.3592835903109
11,"Atlantic Ave/BBP Pier 6","Sat",19,28.2692307692308,24,13.6292972033683
11,"Atlantic Ave/BBP Pier 6","Sat",20,24.9358974358974,22,12.332345542789
11,"Atlantic Ave/BBP Pier 6","Sat",21,24.4102564102564,22,11.3233879302581
11,"Atlantic Ave/BBP Pier 6","Sat",22,23.9102564102564,22.5,10.064965464597
11,"Atlantic Ave/BBP Pier 6","Sat",23,22.0897435897436,21,9.44593074956659
16,"Beach Channel Dr/Beach 108th Street","Sun",0,5.61538461538461,5,3.24029327368689
16,"Beach Channel Dr/Beach 108th Street","Sun",1,3.88461538461538,3.5,3.67505020455422
16,"Beach Channel Dr/Beach 108th Street","Sun",2,1.25641025641026,0,2.43585712499726
16,"Beach Channel Dr/Beach 108th Street","Sun",3,0.897435897435897,0,1.83465728842402
16,"Beach Channel Dr/Beach 108th Street","Sun",4,0.41025641025641,0,1.34295562232332
16,"Beach Channel Dr/Beach 108th Street","Sun",5,0.769230769230769,0,2.16178784188613
16,"Beach Channel Dr/Beach 108th Street","Sun",6,0.294871794871795,0,1.18550744638231
16,"Beach Channel Dr/Beach 108th Street","Sun",7,0.512820512820513,0,1.50102639986119
16,"Beach Channel Dr/Beach 108th Street","Sun",8,0.41025641025641,0,1.42733879555487
16,"Beach Channel Dr/Beach 108th Street","Sun",9,0.641025641025641,0,1.59523933777617
16,"Beach Channel Dr/Beach 108th Street","Sun",10,0.756410256410256,0,1.84592142504114
16,"Beach Channel Dr/Beach 108th Street","Sun",11,1.32051282051282,0,2.58614485057299
16,"Beach Channel Dr/Beach 108th Street","Sun",12,3.2948717948718,3,3.43060698260006
16,"Beach Channel Dr/Beach 108th Street","Sun",13,4.21794871794872,3.5,2.64156307474485
16,"Beach Channel Dr/Beach 108th Street","Sun",14,7.41025641025641,7,4.43549993503096
16,"Beach Channel Dr/Beach 108th Street","Sun",15,6.24358974358974,5.5,3.38900398131191
16,"Beach Channel Dr/Beach 108th Street","Sun",16,6.34615384615385,6,3.20643396645226
16,"Beach Channel Dr/Beach 108th Street","Sun",17,5.55128205128205,5,2.98762571717199
16,"Beach Channel Dr/Beach 108th Street","Sun",18,5.94871794871795,5,3.31818067776952
16,"Beach Channel Dr/Beach 108th Street","Sun",19,5.46153846153846,4.5,2.98347094859308
16,"Beach Channel Dr/Beach 108th Street","Sun",20,5.46153846153846,5,2.48993979842891
16,"Beach Channel Dr/Beach 108th Street","Sun",21,6.37179487179487,5,4.67129664236947
16,"Beach Channel Dr/Beach 108th Street","Sun",22,5.67948717948718,5,2.75159264268207
16,"Beach Channel Dr/Beach 108th Street","Sun",23,5.41025641025641,5,2.81662917924954
16,"Beach Channel Dr/Beach 108th Street","Mon",0,5.0379746835443,4,3.11918397437816
16,"Beach Channel Dr/Beach 108th Street","Mon",1,3.45569620253165,3,4.0439808654168
16,"Beach Channel Dr/Beach 108th Street","Mon",2,0.962025316455696,0,2.07205483279765
16,"Beach Channel Dr/Beach 108th Street","Mon",3,0.759493670886076,0,1.74837059582459
16,"Beach Channel Dr/Beach 108th Street","Mon",4,0.670886075949367,0,1.53356898122916
16,"Beach Channel Dr/Beach 108th Street","Mon",5,0.746835443037975,0,2.08454849338934
16,"Beach Channel Dr/Beach 108th Street","Mon",6,0.379746835443038,0,1.41696495322776
16,"Beach Channel Dr/Beach 108th Street","Mon",7,0.860759493670886,0,1.99829528127319
16,"Beach Channel Dr/Beach 108th Street","Mon",8,0.506329113924051,0,1.41306556838378
16,"Beach Channel Dr/Beach 108th Street","Mon",9,2.9493670886076,4,2.70753333751863
16,"Beach Channel Dr/Beach 108th Street","Mon",10,3.62025316455696,3,1.89671644386275
16,"Beach Channel Dr/Beach 108th Street","Mon",11,4.0126582278481,4,1.91815663972335
16,"Beach Channel Dr/Beach 108th Street","Mon",12,4.82278481012658,4,2.63000191903453
16,"Beach Channel Dr/Beach 108th Street","Mon",13,4.08860759493671,4,2.0012167671625
16,"Beach Channel Dr/Beach 108th Street","Mon",14,4.63291139240506,4,2.4660630681616
16,"Beach Channel Dr/Beach 108th Street","Mon",15,4.74683544303798,4,2.47276630325685
16,"Beach Channel Dr/Beach 108th Street","Mon",16,4.74683544303798,4,2.82601628840271
16,"Beach Channel Dr/Beach 108th Street","Mon",17,4.62025316455696,4,2.52832060136588
16,"Beach Channel Dr/Beach 108th Street","Mon",18,3.9493670886076,4,2.28090588266364
16,"Beach Channel Dr/Beach 108th Street","Mon",19,4.34177215189873,4,2.61105183613988
16,"Beach Channel Dr/Beach 108th Street","Mon",20,5.27848101265823,4,3.66527960545622
16,"Beach Channel Dr/Beach 108th Street","Mon",21,4.06329113924051,4,2.77508037375819
16,"Beach Channel Dr/Beach 108th Street","Mon",22,5.18987341772152,4,3.77262728750644
16,"Beach Channel Dr/Beach 108th Street","Mon",23,4.82278481012658,4,2.48977135017988
16,"Beach Channel Dr/Beach 108th Street","Tue",0,4.64102564102564,4,3.07471615826233
16,"Beach Channel Dr/Beach 108th Street","Tue",1,3.88461538461538,3,2.76800255813432
16,"Beach Channel Dr/Beach 108th Street","Tue",2,1.96153846153846,0,2.50942280160255
16,"Beach Channel Dr/Beach 108th Street","Tue",3,0.692307692307692,0,1.72308762662581
16,"Beach Channel Dr/Beach 108th Street","Tue",4,0.538461538461538,0,1.601073565904
16,"Beach Channel Dr/Beach 108th Street","Tue",5,0.717948717948718,0,2.13138230798479
16,"Beach Channel Dr/Beach 108th Street","Tue",6,0.948717948717949,0,2.03155263953611
16,"Beach Channel Dr/Beach 108th Street","Tue",7,0.448717948717949,0,1.49151222744191
16,"Beach Channel Dr/Beach 108th Street","Tue",8,0.384615384615385,0,1.26111442399554
16,"Beach Channel Dr/Beach 108th Street","Tue",9,3.05128205128205,3,2.45952923326478
16,"Beach Channel Dr/Beach 108th Street","Tue",10,3.78205128205128,4,1.49151222744191
16,"Beach Channel Dr/Beach 108th Street","Tue",11,4.12820512820513,4,1.76810834685183
16,"Beach Channel Dr/Beach 108th Street","Tue",12,4.53846153846154,4,2.18431425651823
16,"Beach Channel Dr/Beach 108th Street","Tue",13,5.14102564102564,4,2.59732309235629
16,"Beach Channel Dr/Beach 108th Street","Tue",14,5.91025641025641,5,2.93738065769575
16,"Beach Channel Dr/Beach 108th Street","Tue",15,5.55128205128205,5,2.40479734760547
16,"Beach Channel Dr/Beach 108th Street","Tue",16,5.33333333333333,4,3.25403512407973
16,"Beach Channel Dr/Beach 108th Street","Tue",17,4.44871794871795,4,1.96493571420857
16,"Beach Channel Dr/Beach 108th Street","Tue",18,4.38461538461539,4,2.450712958711
16,"Beach Channel Dr/Beach 108th Street","Tue",19,4.65384615384615,4,2.34563381668964
16,"Beach Channel Dr/Beach 108th Street","Tue",20,5.14102564102564,4,3.44803485900946
16,"Beach Channel Dr/Beach 108th Street","Tue",21,4.17948717948718,4,2.54692883427207
16,"Beach Channel Dr/Beach 108th Street","Tue",22,4.87179487179487,4,3.02954702524242
16,"Beach Channel Dr/Beach 108th Street","Tue",23,4.84615384615385,4,2.8968272975116
16,"Beach Channel Dr/Beach 108th Street","Wed",0,3.83333333333333,4,2.07280891462209
16,"Beach Channel Dr/Beach 108th Street","Wed",1,3.80769230769231,3,2.65827642776924
16,"Beach Channel Dr/Beach 108th Street","Wed",2,2.07692307692308,1.5,2.43230012870203
16,"Beach Channel Dr/Beach 108th Street","Wed",3,0.935897435897436,0,2.07858433086387
16,"Beach Channel Dr/Beach 108th Street","Wed",4,0.653846153846154,0,1.88519125129151
16,"Beach Channel Dr/Beach 108th Street","Wed",5,0.743589743589744,0,1.67824813913701
16,"Beach Channel Dr/Beach 108th Street","Wed",6,0.538461538461538,0,1.64902417183033
16,"Beach Channel Dr/Beach 108th Street","Wed",7,0.846153846153846,0,2.05177732948539
16,"Beach Channel Dr/Beach 108th Street","Wed",8,0.576923076923077,0,1.55854769868327
16,"Beach Channel Dr/Beach 108th Street","Wed",9,2.96153846153846,3.5,2.50942280160255
16,"Beach Channel Dr/Beach 108th Street","Wed",10,3.6025641025641,4,1.78986862747792
16,"Beach Channel Dr/Beach 108th Street","Wed",11,3.92307692307692,4,1.97233615038357
16,"Beach Channel Dr/Beach 108th Street","Wed",12,4.69230769230769,4,2.93349528811529
16,"Beach Channel Dr/Beach 108th Street","Wed",13,5.07692307692308,4,2.76231237016555
16,"Beach Channel Dr/Beach 108th Street","Wed",14,6.15384615384615,5,3.80046792428991
16,"Beach Channel Dr/Beach 108th Street","Wed",15,5.1025641025641,4,2.46318210192955
16,"Beach Channel Dr/Beach 108th Street","Wed",16,5.12820512820513,4,2.61046333330289
16,"Beach Channel Dr/Beach 108th Street","Wed",17,4.3974358974359,4,2.17625762172065
16,"Beach Channel Dr/Beach 108th Street","Wed",18,4.14102564102564,4,2.65664742820261
16,"Beach Channel Dr/Beach 108th Street","Wed",19,4.1025641025641,4,2.33877392448767
16,"Beach Channel Dr/Beach 108th Street","Wed",20,4.84615384615385,4.5,3.11292622628769
16,"Beach Channel Dr/Beach 108th Street","Wed",21,4.7948717948718,4,3.08897904521729
16,"Beach Channel Dr/Beach 108th Street","Wed",22,5.30769230769231,4,2.90681104469321
16,"Beach Channel Dr/Beach 108th Street","Wed",23,4.66666666666667,4,2.79919592660068
16,"Beach Channel Dr/Beach 108th Street","Thu",0,4.85897435897436,4,2.9705234090997
16,"Beach Channel Dr/Beach 108th Street","Thu",1,3.96153846153846,3.5,2.82126575485906
16,"Beach Channel Dr/Beach 108th Street","Thu",2,2.08974358974359,2,2.69769453006744
16,"Beach Channel Dr/Beach 108th Street","Thu",3,1.16666666666667,0,2.35441925818025
16,"Beach Channel Dr/Beach 108th Street","Thu",4,0.538461538461538,0,1.38350493822245
16,"Beach Channel Dr/Beach 108th Street","Thu",5,0.692307692307692,0,1.76773163259448
16,"Beach Channel Dr/Beach 108th Street","Thu",6,0.782051282051282,0,1.73315593753981
16,"Beach Channel Dr/Beach 108th Street","Thu",7,0.384615384615385,0,1.24034734589209
16,"Beach Channel Dr/Beach 108th Street","Thu",8,0.564102564102564,0,1.44680340517988
16,"Beach Channel Dr/Beach 108th Street","Thu",9,2.64102564102564,3,2.29609696486478
16,"Beach Channel Dr/Beach 108th Street","Thu",10,3.84615384615385,3,2.34701757737165
16,"Beach Channel Dr/Beach 108th Street","Thu",11,4.02564102564103,4,1.76528103037933
16,"Beach Channel Dr/Beach 108th Street","Thu",12,4.96153846153846,4,2.63069941661517
16,"Beach Channel Dr/Beach 108th Street","Thu",13,4.75641025641026,4,2.35865853045117
16,"Beach Channel Dr/Beach 108th Street","Thu",14,5.75641025641026,5,2.82008518539431
16,"Beach Channel Dr/Beach 108th Street","Thu",15,5.71794871794872,5,3.53056206075866
16,"Beach Channel Dr/Beach 108th Street","Thu",16,4.87179487179487,4,2.58044078767071
16,"Beach Channel Dr/Beach 108th Street","Thu",17,4.62820512820513,4,2.29685824019633
16,"Beach Channel Dr/Beach 108th Street","Thu",18,4.19230769230769,4,2.49705120797807
16,"Beach Channel Dr/Beach 108th Street","Thu",19,4.82051282051282,4,3.01400880626601
16,"Beach Channel Dr/Beach 108th Street","Thu",20,4.53846153846154,4,2.89061314527634
16,"Beach Channel Dr/Beach 108th Street","Thu",21,4.2948717948718,4,2.79195957976442
16,"Beach Channel Dr/Beach 108th Street","Thu",22,5.55128205128205,4,3.67387207144397
16,"Beach Channel Dr/Beach 108th Street","Thu",23,5.19230769230769,4.5,2.44448859181721
16,"Beach Channel Dr/Beach 108th Street","Fri",0,5.21794871794872,4,3.52227581350849
16,"Beach Channel Dr/Beach 108th Street","Fri",1,4.03846153846154,3.5,2.25884873384598
16,"Beach Channel Dr/Beach 108th Street","Fri",2,1.8974358974359,0,2.75204643379424
16,"Beach Channel Dr/Beach 108th Street","Fri",3,0.769230769230769,0,1.65084061171111
16,"Beach Channel Dr/Beach 108th Street","Fri",4,0.371794871794872,0,1.15217439109964
16,"Beach Channel Dr/Beach 108th Street","Fri",5,0.628205128205128,0,1.54675172294745
16,"Beach Channel Dr/Beach 108th Street","Fri",6,0.67948717948718,0,1.86904788417525
16,"Beach Channel Dr/Beach 108th Street","Fri",7,0.833333333333333,0,2.2471723453673
16,"Beach Channel Dr/Beach 108th Street","Fri",8,0.576923076923077,0,1.8552784001486
16,"Beach Channel Dr/Beach 108th Street","Fri",9,2.80769230769231,3,2.61393713250096
16,"Beach Channel Dr/Beach 108th Street","Fri",10,4.35897435897436,4,1.79446739176649
16,"Beach Channel Dr/Beach 108th Street","Fri",11,4.14102564102564,4,1.79988714634939
16,"Beach Channel Dr/Beach 108th Street","Fri",12,5.55128205128205,4,3.62045930894488
16,"Beach Channel Dr/Beach 108th Street","Fri",13,5.47435897435897,4,2.83175113998644
16,"Beach Channel Dr/Beach 108th Street","Fri",14,5.69230769230769,5,3.24460668301607
16,"Beach Channel Dr/Beach 108th Street","Fri",15,4.83333333333333,4,2.46226939281033
16,"Beach Channel Dr/Beach 108th Street","Fri",16,4.88461538461539,4,2.55831097502924
16,"Beach Channel Dr/Beach 108th Street","Fri",17,4.38461538461539,4,2.09656967344384
16,"Beach Channel Dr/Beach 108th Street","Fri",18,4.83333333333333,4,2.44639499771572
16,"Beach Channel Dr/Beach 108th Street","Fri",19,4.6025641025641,4,2.70324357162388
16,"Beach Channel Dr/Beach 108th Street","Fri",20,5.1025641025641,4,3.15236354778378
16,"Beach Channel Dr/Beach 108th Street","Fri",21,4.23076923076923,4,3.28682168716175
16,"Beach Channel Dr/Beach 108th Street","Fri",22,4.80769230769231,4,2.44448859181721
16,"Beach Channel Dr/Beach 108th Street","Fri",23,5.38461538461539,4.5,3.4120899229589
16,"Beach Channel Dr/Beach 108th Street","Sat",0,4.51282051282051,4,2.54182463220271
16,"Beach Channel Dr/Beach 108th Street","Sat",1,4.75641025641026,4,3.13416820273104
16,"Beach Channel Dr/Beach 108th Street","Sat",2,2.26923076923077,2,2.86797397569691
16,"Beach Channel Dr/Beach 108th Street","Sat",3,0.948717948717949,0,1.93328625340267
16,"Beach Channel Dr/Beach 108th Street","Sat",4,1.06410256410256,0,2.26973162547506
16,"Beach Channel Dr/Beach 108th Street","Sat",5,0.948717948717949,0,2.24994912437394
16,"Beach Channel Dr/Beach 108th Street","Sat",6,1,0,2.37956669634151
16,"Beach Channel Dr/Beach 108th Street","Sat",7,0.782051282051282,0,1.99770931089648
16,"Beach Channel Dr/Beach 108th Street","Sat",8,0.756410256410256,0,1.94859854691424
16,"Beach Channel Dr/Beach 108th Street","Sat",9,0.692307692307692,0,2.25231593541561
16,"Beach Channel Dr/Beach 108th Street","Sat",10,0.717948717948718,0,1.77205901148724
16,"Beach Channel Dr/Beach 108th Street","Sat",11,1.1025641025641,0,2.0863797240628
16,"Beach Channel Dr/Beach 108th Street","Sat",12,3.17948717948718,3,3.19798471339471
16,"Beach Channel Dr/Beach 108th Street","Sat",13,4.7948717948718,4,3.56883688848296
16,"Beach Channel Dr/Beach 108th Street","Sat",14,6.92307692307692,6,3.54843748590962
16,"Beach Channel Dr/Beach 108th Street","Sat",15,5.71794871794872,5,3.67121988960829
16,"Beach Channel Dr/Beach 108th Street","Sat",16,6.2051282051282,5,3.27667464613085
16,"Beach Channel Dr/Beach 108th Street","Sat",17,5.62820512820513,5,3.05409656486265
16,"Beach Channel Dr/Beach 108th Street","Sat",18,5.88461538461539,5,3.33022665751291
16,"Beach Channel Dr/Beach 108th Street","Sat",19,5.94871794871795,4.5,3.48986449295014
16,"Beach Channel Dr/Beach 108th Street","Sat",20,6.14102564102564,6,3.08209896001637
16,"Beach Channel Dr/Beach 108th Street","Sat",21,6.74358974358974,5,4.07219235581407
16,"Beach Channel Dr/Beach 108th Street","Sat",22,5.87179487179487,5,2.93372231247721
16,"Beach Channel Dr/Beach 108th Street","Sat",23,5.3974358974359,5,2.50889194556856
17,"East 34th Street","Sun",0,42.8076923076923,39.5,16.5294367031148
17,"East 34th Street","Sun",1,27.7307692307692,23.5,14.9784894049816
17,"East 34th Street","Sun",2,11.5897435897436,12,7.56175595878055
17,"East 34th Street","Sun",3,4.41025641025641,3,4.38544196542392
17,"East 34th Street","Sun",4,3.37179487179487,3,4.49273287483784
17,"East 34th Street","Sun",5,3.43589743589744,2,4.45931024772306
17,"East 34th Street","Sun",6,3.91025641025641,3,4.86489117732002
17,"East 34th Street","Sun",7,3.65384615384615,3,3.97990707676201
17,"East 34th Street","Sun",8,3.3974358974359,2,4.02698605865686
17,"East 34th Street","Sun",9,2.92307692307692,2,3.33719390159804
17,"East 34th Street","Sun",10,3.91025641025641,3,3.80425563972257
17,"East 34th Street","Sun",11,5.66666666666667,4,5.57747479673599
17,"East 34th Street","Sun",12,14.5641025641026,7.5,14.3342200160966
17,"East 34th Street","Sun",13,21.0769230769231,24.5,11.8253186780806
17,"East 34th Street","Sun",14,32.2948717948718,31,8.69259869436477
17,"East 34th Street","Sun",15,39.8333333333333,41,10.8369457846477
17,"East 34th Street","Sun",16,41.6794871794872,43,15.8912649286424
17,"East 34th Street","Sun",17,40.7692307692308,42,14.1631707112286
17,"East 34th Street","Sun",18,41.1025641025641,41,14.5848077367039
17,"East 34th Street","Sun",19,39.9102564102564,38.5,16.467351325385
17,"East 34th Street","Sun",20,38.9102564102564,38,13.0724116133155
17,"East 34th Street","Sun",21,41.5897435897436,42.5,15.4998415554833
17,"East 34th Street","Sun",22,41.7435897435897,39,15.436872620354
17,"East 34th Street","Sun",23,40.448717948718,41,13.8673188036668
17,"East 34th Street","Mon",0,40.379746835443,37,16.1929897759433
17,"East 34th Street","Mon",1,23.5569620253165,24,13.419032441947
17,"East 34th Street","Mon",2,10.1645569620253,11,7.01542326472553
17,"East 34th Street","Mon",3,3.93670886075949,3,3.55304770639163
17,"East 34th Street","Mon",4,3.92405063291139,3,4.53129333407745
17,"East 34th Street","Mon",5,4.18987341772152,3,4.80137787212702
17,"East 34th Street","Mon",6,3.51898734177215,3,4.08832220459147
17,"East 34th Street","Mon",7,3.93670886075949,3,4.49027945036346
17,"East 34th Street","Mon",8,4.15189873417722,3,5.28686957833572
17,"East 34th Street","Mon",9,8.84810126582278,9,6.11867382898543
17,"East 34th Street","Mon",10,23.1139240506329,26,12.4509162898036
17,"East 34th Street","Mon",11,42.5189873417722,48,18.5575064358125
17,"East 34th Street","Mon",12,50.8607594936709,54,14.4769792298291
17,"East 34th Street","Mon",13,56.2405063291139,61,15.5342592355334
17,"East 34th Street","Mon",14,55.5696202531646,57,12.9690791483631
17,"East 34th Street","Mon",15,47.253164556962,46,14.3245068420328
17,"East 34th Street","Mon",16,41.6329113924051,40,10.2346535712166
17,"East 34th Street","Mon",17,44.3291139240506,44,12.1240611785496
17,"East 34th Street","Mon",18,40.9367088607595,40,10.2748657389093
17,"East 34th Street","Mon",19,39.0253164556962,38,9.46244220054061
17,"East 34th Street","Mon",20,40.3164556962025,41,11.3120588071467
17,"East 34th Street","Mon",21,47.6582278481013,48,11.2874857820842
17,"East 34th Street","Mon",22,54.6835443037975,56,12.6354652525601
17,"East 34th Street","Mon",23,53.253164556962,54,9.99418850931647
17,"East 34th Street","Tue",0,40.9230769230769,39,11.0191913234401
17,"East 34th Street","Tue",1,25.6794871794872,24,9.83169218202905
17,"East 34th Street","Tue",2,8.24358974358974,7.5,5.82691002615284
17,"East 34th Street","Tue",3,4.35897435897436,3,4.74266175189002
17,"East 34th Street","Tue",4,4.69230769230769,4,4.1193483670395
17,"East 34th Street","Tue",5,4.14102564102564,3,4.02822625067246
17,"East 34th Street","Tue",6,4.46153846153846,4,4.85288054153918
17,"East 34th Street","Tue",7,4.30769230769231,4,4.25885690506997
17,"East 34th Street","Tue",8,6.03846153846154,5,5.13819996702142
17,"East 34th Street","Tue",9,9.7051282051282,10,6.07979189313824
17,"East 34th Street","Tue",10,25.448717948718,29,11.0602217350515
17,"East 34th Street","Tue",11,46.3974358974359,50,14.2567730484699
17,"East 34th Street","Tue",12,55.8076923076923,56,11.1867938053919
17,"East 34th Street","Tue",13,58.9102564102564,60,13.2735318090796
17,"East 34th Street","Tue",14,60.7692307692308,60,10.4059461983866
17,"East 34th Street","Tue",15,50.2820512820513,50.5,12.7257765164012
17,"East 34th Street","Tue",16,44.8076923076923,44.5,11.7474039047569
17,"East 34th Street","Tue",17,43.7948717948718,42,9.63402920976051
17,"East 34th Street","Tue",18,41.5,41,7.56401254059548
17,"East 34th Street","Tue",19,38.1794871794872,37,7.19260729732965
17,"East 34th Street","Tue",20,41.5769230769231,40.5,9.20688510120189
17,"East 34th Street","Tue",21,49.3717948717949,49,12.1592346118901
17,"East 34th Street","Tue",22,53.2307692307692,55,10.232267622541
17,"East 34th Street","Tue",23,57.7435897435897,58,9.6516412673793
17,"East 34th Street","Wed",0,42.7435897435897,42,10.8381671635876
17,"East 34th Street","Wed",1,26.9871794871795,27.5,10.784179838937
17,"East 34th Street","Wed",2,9.51282051282051,10,6.79905186236333
17,"East 34th Street","Wed",3,4.97435897435897,5,3.78985096843799
17,"East 34th Street","Wed",4,4.32051282051282,4,3.92293817048445
17,"East 34th Street","Wed",5,4.01282051282051,3,4.28677698002321
17,"East 34th Street","Wed",6,4.35897435897436,3.5,4.75906342137659
17,"East 34th Street","Wed",7,4.05128205128205,3.5,3.99641864315564
17,"East 34th Street","Wed",8,4.7948717948718,4,4.32257431221821
17,"East 34th Street","Wed",9,9.41025641025641,10,5.76247578789943
17,"East 34th Street","Wed",10,22.8974358974359,27,11.2603081127711
17,"East 34th Street","Wed",11,46.0384615384615,50,15.5867428748457
17,"East 34th Street","Wed",12,56.2435897435897,56,13.4755053370641
17,"East 34th Street","Wed",13,57.1410256410256,58,13.093791885752
17,"East 34th Street","Wed",14,57.8076923076923,58,12.7605903990633
17,"East 34th Street","Wed",15,48.3333333333333,49,10.8516162739739
17,"East 34th Street","Wed",16,42.8717948717949,44.5,10.6616913138424
17,"East 34th Street","Wed",17,43.2948717948718,44,10.4485243777129
17,"East 34th Street","Wed",18,41.3205128205128,41,9.18000875667125
17,"East 34th Street","Wed",19,40.1666666666667,39,10.6129260401738
17,"East 34th Street","Wed",20,42.2179487179487,42.5,11.7281406902068
17,"East 34th Street","Wed",21,50.0769230769231,49.5,10.8229784780745
17,"East 34th Street","Wed",22,54.1025641025641,54,9.63703589660539
17,"East 34th Street","Wed",23,56.551282051282,55.5,10.5985142745814
17,"East 34th Street","Thu",0,41.7948717948718,40.5,12.3618169705961
17,"East 34th Street","Thu",1,26.9102564102564,26.5,10.9202372571104
17,"East 34th Street","Thu",2,9.15384615384615,9,5.65703084683105
17,"East 34th Street","Thu",3,4.5,3,4.38933181318453
17,"East 34th Street","Thu",4,3.57692307692308,3,4.22890250344181
17,"East 34th Street","Thu",5,4.83333333333333,4.5,4.35268738205346
17,"East 34th Street","Thu",6,3.58974358974359,3,4.05621504026604
17,"East 34th Street","Thu",7,4.75641025641026,4,3.841624039137
17,"East 34th Street","Thu",8,3.78205128205128,3,3.22187102169731
17,"East 34th Street","Thu",9,9.28205128205128,9,5.82180727037918
17,"East 34th Street","Thu",10,23.448717948718,27,11.1304513110182
17,"East 34th Street","Thu",11,44.2948717948718,49,17.6430030826829
17,"East 34th Street","Thu",12,54.2692307692308,54.5,12.3694985955169
17,"East 34th Street","Thu",13,56.1282051282051,57,12.515298663344
17,"East 34th Street","Thu",14,56.0384615384615,55.5,9.8922011885952
17,"East 34th Street","Thu",15,49.3974358974359,50,11.7576609384091
17,"East 34th Street","Thu",16,43.5,44,9.49196515993409
17,"East 34th Street","Thu",17,44.2948717948718,43.5,11.3080926938613
17,"East 34th Street","Thu",18,41.1794871794872,40,9.86103915619917
17,"East 34th Street","Thu",19,40.5641025641026,39,8.88394106939082
17,"East 34th Street","Thu",20,41.2051282051282,42,10.6653449897124
17,"East 34th Street","Thu",21,51.6794871794872,50,12.7253643733647
17,"East 34th Street","Thu",22,54.0769230769231,55,8.56111600743193
17,"East 34th Street","Thu",23,56.6538461538462,57,9.80435488063211
17,"East 34th Street","Fri",0,43.5897435897436,42,10.3326941677652
17,"East 34th Street","Fri",1,27.3589743589744,25,12.3203710086808
17,"East 34th Street","Fri",2,9.87179487179487,8,6.94572460173093
17,"East 34th Street","Fri",3,5.15384615384615,4,5.2448538119276
17,"East 34th Street","Fri",4,4.74358974358974,4,4.35870795056689
17,"East 34th Street","Fri",5,4.32051282051282,3.5,4.22882375879516
17,"East 34th Street","Fri",6,4.12820512820513,3,4.60479415437099
17,"East 34th Street","Fri",7,3.93589743589744,3,4.07825957145951
17,"East 34th Street","Fri",8,4.64102564102564,4,4.23029997700374
17,"East 34th Street","Fri",9,10.3461538461538,10,6.3139238485774
17,"East 34th Street","Fri",10,24.1923076923077,28,10.9533339433948
17,"East 34th Street","Fri",11,46.6282051282051,48.5,15.4836394379064
17,"East 34th Street","Fri",12,58.6538461538462,60,11.5509339849242
17,"East 34th Street","Fri",13,56.525641025641,58,12.2757541191627
17,"East 34th Street","Fri",14,57.6153846153846,57,12.3543259884694
17,"East 34th Street","Fri",15,50.7051282051282,51,12.4578343100892
17,"East 34th Street","Fri",16,43.3461538461538,42,10.9838451894068
17,"East 34th Street","Fri",17,43.8589743589744,42.5,10.3405950229136
17,"East 34th Street","Fri",18,40.2692307692308,39,9.56002645886014
17,"East 34th Street","Fri",19,37.6410256410256,37.5,8.04689882828042
17,"East 34th Street","Fri",20,39.525641025641,40,11.6993998724703
17,"East 34th Street","Fri",21,47.8589743589744,49,13.8495856367988
17,"East 34th Street","Fri",22,51.7564102564103,52.5,13.6497808340104
17,"East 34th Street","Fri",23,54.7307692307692,56.5,12.8635931205876
17,"East 34th Street","Sat",0,40.7435897435897,40,12.844156685916
17,"East 34th Street","Sat",1,26.7692307692308,27,11.4278346415848
17,"East 34th Street","Sat",2,9.05128205128205,7.5,6.50254183247215
17,"East 34th Street","Sat",3,4.7051282051282,4,4.08388971180114
17,"East 34th Street","Sat",4,4.1025641025641,3,4.6559269407558
17,"East 34th Street","Sat",5,3.19230769230769,3,3.79013652328447
17,"East 34th Street","Sat",6,3.7948717948718,3,5.31686601947654
17,"East 34th Street","Sat",7,3.80769230769231,3,4.14684261773988
17,"East 34th Street","Sat",8,3.35897435897436,3,3.73114083376813
17,"East 34th Street","Sat",9,3.06410256410256,1.5,3.85900782480956
17,"East 34th Street","Sat",10,4.03846153846154,3,3.49932204080372
17,"East 34th Street","Sat",11,6.24358974358974,5,5.30421517613102
17,"East 34th Street","Sat",12,15.1153846153846,9,14.390636177404
17,"East 34th Street","Sat",13,21.7435897435897,25.5,12.1947784199886
17,"East 34th Street","Sat",14,34.1923076923077,31,10.7788365180717
17,"East 34th Street","Sat",15,41.9615384615385,42.5,11.2370471553353
17,"East 34th Street","Sat",16,43.0641025641026,42,13.5304752161097
17,"East 34th Street","Sat",17,45.4358974358974,47,15.6873592453682
17,"East 34th Street","Sat",18,43,43,15.7579087543902
17,"East 34th Street","Sat",19,43.1538461538462,44.5,17.8856954546951
17,"East 34th Street","Sat",20,39.1794871794872,38.5,14.28535131074
17,"East 34th Street","Sat",21,40.8846153846154,41,15.3749507605426
17,"East 34th Street","Sat",22,43.1538461538462,44,13.8358436472291
17,"East 34th Street","Sat",23,40.6025641025641,41,13.1290693071695
18,"Greenpoint","Sun",0,32.1410256410256,32,15.5251989208448
18,"Greenpoint","Sun",1,28.5128205128205,22,17.392148989899
18,"Greenpoint","Sun",2,14.974358974359,13,11.3789214550349
18,"Greenpoint","Sun",3,6.3974358974359,6,4.60473991704523
18,"Greenpoint","Sun",4,4.26923076923077,3,4.45080782664117
18,"Greenpoint","Sun",5,4.38461538461539,3.5,4.45243481975602
18,"Greenpoint","Sun",6,7.51282051282051,6,7.35155004371786
18,"Greenpoint","Sun",7,6.28205128205128,5,6.05579562672492
18,"Greenpoint","Sun",8,3.11538461538462,2,3.73116314593431
18,"Greenpoint","Sun",9,2.84615384615385,2,3.95125139827721
18,"Greenpoint","Sun",10,3.1025641025641,2,3.12754724689361
18,"Greenpoint","Sun",11,5.83333333333333,4.5,5.53716291616683
18,"Greenpoint","Sun",12,11.1025641025641,9,8.60925165849008
18,"Greenpoint","Sun",13,14.8846153846154,14,7.39775460709351
18,"Greenpoint","Sun",14,21.1282051282051,21,7.0422822716602
18,"Greenpoint","Sun",15,27.5128205128205,28,8.75754752739822
18,"Greenpoint","Sun",16,28.0769230769231,28,13.2926786125034
18,"Greenpoint","Sun",17,27.3589743589744,27,11.4732601136598
18,"Greenpoint","Sun",18,28.8846153846154,30,13.1118869130869
18,"Greenpoint","Sun",19,27.448717948718,26.5,12.3768189647279
18,"Greenpoint","Sun",20,29.2564102564103,27,15.1798190511912
18,"Greenpoint","Sun",21,26.1794871794872,25,11.8406559024884
18,"Greenpoint","Sun",22,26.0897435897436,25,11.6643378104707
18,"Greenpoint","Sun",23,29.6153846153846,31,14.0196807578293
18,"Greenpoint","Mon",0,24.5949367088608,22,10.7004900287285
18,"Greenpoint","Mon",1,17.4810126582278,15,8.34644214005426
18,"Greenpoint","Mon",2,10.0253164556962,10,7.16289349130662
18,"Greenpoint","Mon",3,4.43037974683544,3,4.15927614604654
18,"Greenpoint","Mon",4,3.46835443037975,2,3.6120717935832
18,"Greenpoint","Mon",5,3.92405063291139,3,4.45999928681935
18,"Greenpoint","Mon",6,3.81012658227848,3,4.01623611704716
18,"Greenpoint","Mon",7,3.65822784810127,3,3.42646590732877
18,"Greenpoint","Mon",8,4.41772151898734,3,4.62326223746024
18,"Greenpoint","Mon",9,7.67088607594937,6,5.85885592880958
18,"Greenpoint","Mon",10,15.2278481012658,15,8.56640631214958
18,"Greenpoint","Mon",11,27.2405063291139,29,12.2351062676778
18,"Greenpoint","Mon",12,32.4936708860759,33,11.2316784344281
18,"Greenpoint","Mon",13,37.0886075949367,37,12.5454965598731
18,"Greenpoint","Mon",14,37.2658227848101,36,10.703113446814
18,"Greenpoint","Mon",15,33.2658227848101,32,10.0673486703423
18,"Greenpoint","Mon",16,32.1392405063291,31,10.4313803905174
18,"Greenpoint","Mon",17,26.6582278481013,25,9.58482518058057
18,"Greenpoint","Mon",18,26.253164556962,26,8.31660118328422
18,"Greenpoint","Mon",19,25.1772151898734,25,7.48118921999753
18,"Greenpoint","Mon",20,26.2025316455696,26,9.94778643955843
18,"Greenpoint","Mon",21,29.6835443037975,30,9.13649248722757
18,"Greenpoint","Mon",22,32.5443037974684,33,8.49705449470645
18,"Greenpoint","Mon",23,36.7594936708861,37,9.43427356445964
18,"Greenpoint","Tue",0,27,26,9.12538915733062
18,"Greenpoint","Tue",1,20.9102564102564,20,6.83228755104417
18,"Greenpoint","Tue",2,9.92307692307692,9,6.83719626361952
18,"Greenpoint","Tue",3,5.98717948717949,5,4.70284133441865
18,"Greenpoint","Tue",4,6.17948717948718,5,5.27612507788584
18,"Greenpoint","Tue",5,4.98717948717949,3,5.03879389233613
18,"Greenpoint","Tue",6,5.8974358974359,5,5.66279666483497
18,"Greenpoint","Tue",7,6.02564102564103,4,5.62687050336789
18,"Greenpoint","Tue",8,6.83333333333333,6,5.44015055814066
18,"Greenpoint","Tue",9,9.8974358974359,9.5,5.65131807080401
18,"Greenpoint","Tue",10,18.5,19,8.49254829973764
18,"Greenpoint","Tue",11,30.7179487179487,31,9.5453768450606
18,"Greenpoint","Tue",12,36.0641025641026,36,9.39375275076956
18,"Greenpoint","Tue",13,39.1538461538462,40,9.81130665414848
18,"Greenpoint","Tue",14,40.2051282051282,40,8.49806543968192
18,"Greenpoint","Tue",15,35.3205128205128,34,9.51075070403903
18,"Greenpoint","Tue",16,34.8846153846154,35,10.0233244468606
18,"Greenpoint","Tue",17,28.2179487179487,26.5,8.73364510250771
18,"Greenpoint","Tue",18,27.8461538461538,27,8.76248930277343
18,"Greenpoint","Tue",19,26.3461538461538,25.5,7.31273026823935
18,"Greenpoint","Tue",20,27.3846153846154,27.5,8.20710931794157
18,"Greenpoint","Tue",21,30.2435897435897,30.5,9.1483954982904
18,"Greenpoint","Tue",22,32.4615384615385,32,7.57077825039694
18,"Greenpoint","Tue",23,38.6153846153846,38,8.90240120713211
18,"Greenpoint","Wed",0,28.7307692307692,27.5,8.20464403957806
18,"Greenpoint","Wed",1,23.8333333333333,24,8.49203854293647
18,"Greenpoint","Wed",2,10.5897435897436,11,6.85553316659872
18,"Greenpoint","Wed",3,6.14102564102564,5,4.88231464952806
18,"Greenpoint","Wed",4,5.75641025641026,4.5,4.81390274867074
18,"Greenpoint","Wed",5,4.98717948717949,3,5.53499748294406
18,"Greenpoint","Wed",6,5.26923076923077,4.5,5.06496260142621
18,"Greenpoint","Wed",7,4.5,3,4.4276287224536
18,"Greenpoint","Wed",8,5.98717948717949,6,4.73312063045417
18,"Greenpoint","Wed",9,8.94871794871795,9,5.50536323134308
18,"Greenpoint","Wed",10,16.551282051282,17,8.63494476312796
18,"Greenpoint","Wed",11,30.0897435897436,31.5,11.9111275022543
18,"Greenpoint","Wed",12,35.2051282051282,34,10.3112080922175
18,"Greenpoint","Wed",13,37.448717948718,35.5,11.4740219693523
18,"Greenpoint","Wed",14,36.7564102564103,35.5,9.29905161682421
18,"Greenpoint","Wed",15,33.525641025641,33,8.84898461997357
18,"Greenpoint","Wed",16,34.3333333333333,35,9.5654500938448
18,"Greenpoint","Wed",17,28.6538461538462,28,9.94638474173252
18,"Greenpoint","Wed",18,27.8846153846154,28,9.2623813510192
18,"Greenpoint","Wed",19,27.1923076923077,27.5,9.24002824011496
18,"Greenpoint","Wed",20,25.2820512820513,24.5,8.95718160087771
18,"Greenpoint","Wed",21,32.1794871794872,32,8.70399757350459
18,"Greenpoint","Wed",22,32.7820512820513,32,8.28493772699549
18,"Greenpoint","Wed",23,39.3589743589744,40,11.3480639220333
18,"Greenpoint","Thu",0,26.7435897435897,27,8.39826187557893
18,"Greenpoint","Thu",1,23.1666666666667,23,7.85487964256195
18,"Greenpoint","Thu",2,11.3205128205128,12,6.08274884405344
18,"Greenpoint","Thu",3,6.2051282051282,6,4.80086294829222
18,"Greenpoint","Thu",4,5.23076923076923,4.5,4.48640971466853
18,"Greenpoint","Thu",5,6.23076923076923,5,5.93016299664968
18,"Greenpoint","Thu",6,4.57692307692308,3.5,4.94257735691319
18,"Greenpoint","Thu",7,4.97435897435897,4,4.38407495603271
18,"Greenpoint","Thu",8,5.26923076923077,4.5,4.6028592946465
18,"Greenpoint","Thu",9,7.97435897435897,6.5,5.1218258690725
18,"Greenpoint","Thu",10,15.6666666666667,17,8.33186134185594
18,"Greenpoint","Thu",11,29.2179487179487,31,12.0762162259128
18,"Greenpoint","Thu",12,35.051282051282,34,10.7918890128127
18,"Greenpoint","Thu",13,37.4102564102564,37,10.277242413299
18,"Greenpoint","Thu",14,38.7820512820513,39.5,10.4628563008082
18,"Greenpoint","Thu",15,34.0128205128205,31.5,10.8418304748455
18,"Greenpoint","Thu",16,35.5128205128205,34,11.5564605979418
18,"Greenpoint","Thu",17,30.7307692307692,30,9.42871143903553
18,"Greenpoint","Thu",18,27.6153846153846,27,9.48030188739388
18,"Greenpoint","Thu",19,27.4230769230769,27,7.88804657195169
18,"Greenpoint","Thu",20,27.1153846153846,26,10.706207410791
18,"Greenpoint","Thu",21,33.3076923076923,34,8.99972249544423
18,"Greenpoint","Thu",22,35.0384615384615,33.5,8.77783854661554
18,"Greenpoint","Thu",23,37.6923076923077,36,10.3889397885477
18,"Greenpoint","Fri",0,30.3205128205128,29,9.20402733666731
18,"Greenpoint","Fri",1,22.3205128205128,21,8.63020005448037
18,"Greenpoint","Fri",2,13.2179487179487,12.5,8.64696844391509
18,"Greenpoint","Fri",3,6.26923076923077,5,4.79900714007278
18,"Greenpoint","Fri",4,5.28205128205128,4,4.6231979596335
18,"Greenpoint","Fri",5,4.76923076923077,3,5.1746712723827
18,"Greenpoint","Fri",6,4.51282051282051,4,4.24797458152565
18,"Greenpoint","Fri",7,5.61538461538461,5,4.73788480733253
18,"Greenpoint","Fri",8,5.42307692307692,5,4.23810552741888
18,"Greenpoint","Fri",9,8.98717948717949,8,6.12954011906783
18,"Greenpoint","Fri",10,16.9871794871795,18,8.88380050552191
18,"Greenpoint","Fri",11,29.9871794871795,32,10.2722594408102
18,"Greenpoint","Fri",12,37.3846153846154,36,10.1741086839333
18,"Greenpoint","Fri",13,37.8076923076923,38,9.62957793616996
18,"Greenpoint","Fri",14,38.7307692307692,37.5,10.6486668599457
18,"Greenpoint","Fri",15,34.5897435897436,35,9.12031541012443
18,"Greenpoint","Fri",16,33.0384615384615,31,8.50583040326756
18,"Greenpoint","Fri",17,28.3461538461538,28,9.54255938207563
18,"Greenpoint","Fri",18,26.6410256410256,26,9.06824681143496
18,"Greenpoint","Fri",19,26.7435897435897,26,8.34240598363192
18,"Greenpoint","Fri",20,26.5384615384615,26,9.27178698881904
18,"Greenpoint","Fri",21,30.8974358974359,31,11.2464594643315
18,"Greenpoint","Fri",22,32.3846153846154,32,8.89218359408582
18,"Greenpoint","Fri",23,36.551282051282,36,11.5518564718139
18,"Greenpoint","Sat",0,27.1923076923077,27,9.70079350390444
18,"Greenpoint","Sat",1,23.3974358974359,22.5,9.81033081718403
18,"Greenpoint","Sat",2,13.5897435897436,12,8.73333053714688
18,"Greenpoint","Sat",3,7.07692307692308,6,6.02110839079868
18,"Greenpoint","Sat",4,5.16666666666667,4,3.99160374196894
18,"Greenpoint","Sat",5,4.33333333333333,3.5,4.17682743788721
18,"Greenpoint","Sat",6,6.06410256410256,5,6.2425846786298
18,"Greenpoint","Sat",7,6.80769230769231,5.5,5.87545564369088
18,"Greenpoint","Sat",8,4.08974358974359,3,4.7868485889904
18,"Greenpoint","Sat",9,5.15384615384615,4,5.19259443467685
18,"Greenpoint","Sat",10,4.74358974358974,4,3.90615863196507
18,"Greenpoint","Sat",11,6.78205128205128,6,6.16998902501168
18,"Greenpoint","Sat",12,12.1666666666667,11,8.90121349769804
18,"Greenpoint","Sat",13,16.7307692307692,16.5,8.12990803117751
18,"Greenpoint","Sat",14,22.3076923076923,21,7.87451535067346
18,"Greenpoint","Sat",15,29.8589743589744,27,11.046212677602
18,"Greenpoint","Sat",16,29.6666666666667,29,11.0237838115508
18,"Greenpoint","Sat",17,31.1666666666667,29.5,13.1459506052631
18,"Greenpoint","Sat",18,32.1153846153846,32,16.1438185421813
18,"Greenpoint","Sat",19,29.8205128205128,30,12.846489833114
18,"Greenpoint","Sat",20,31.1410256410256,29.5,16.7872279519587
18,"Greenpoint","Sat",21,28.551282051282,28,12.5000233100016
18,"Greenpoint","Sat",22,29.6923076923077,29,13.4147696199392
18,"Greenpoint","Sat",23,32.8589743589744,33.5,15.5953076184351
19,"North Williamsburg","Sun",0,36.5769230769231,37,17.4322579255705
19,"North Williamsburg","Sun",1,29.5128205128205,24,15.4303997387377
19,"North Williamsburg","Sun",2,14.1923076923077,12,10.0505962765642
19,"North Williamsburg","Sun",3,6.21794871794872,6,3.77499440404655
19,"North Williamsburg","Sun",4,6,4.5,5.42959662226574
19,"North Williamsburg","Sun",5,4.46153846153846,3,4.25087403599896
19,"North Williamsburg","Sun",6,7.28205128205128,6.5,6.49254804781452
19,"North Williamsburg","Sun",7,5.06410256410256,5,4.31048176892712
19,"North Williamsburg","Sun",8,2.94871794871795,2,3.4298060825023
19,"North Williamsburg","Sun",9,2.48717948717949,1.5,3.42922349221712
19,"North Williamsburg","Sun",10,3.44871794871795,2,3.54799169788277
19,"North Williamsburg","Sun",11,5.47435897435897,4,5.18420267504632
19,"North Williamsburg","Sun",12,11.6923076923077,9.5,9.24459504048379
19,"North Williamsburg","Sun",13,16.6153846153846,16.5,8.4733819575304
19,"North Williamsburg","Sun",14,24.6794871794872,23.5,7.54466112041564
19,"North Williamsburg","Sun",15,31.3461538461538,32,9.8202374175507
19,"North Williamsburg","Sun",16,31.9102564102564,31,14.3320419308424
19,"North Williamsburg","Sun",17,32.9871794871795,34.5,12.7935592457751
19,"North Williamsburg","Sun",18,33.7692307692308,32.5,14.6242309838204
19,"North Williamsburg","Sun",19,33.0384615384615,34,13.515207699508
19,"North Williamsburg","Sun",20,30.6923076923077,28,14.2275639665958
19,"North Williamsburg","Sun",21,31.4230769230769,32.5,11.6769494668406
19,"North Williamsburg","Sun",22,29.3076923076923,28,11.9862558653789
19,"North Williamsburg","Sun",23,34.1025641025641,34.5,16.0191360757289
19,"North Williamsburg","Mon",0,29.0126582278481,26,11.68989665775
19,"North Williamsburg","Mon",1,20.1139240506329,18,9.8371187956274
19,"North Williamsburg","Mon",2,11.1139240506329,12,7.67945534555766
19,"North Williamsburg","Mon",3,4.51898734177215,3,3.70329291962649
19,"North Williamsburg","Mon",4,3.25316455696203,2,3.28347983961973
19,"North Williamsburg","Mon",5,4.06329113924051,3,4.74028499671156
19,"North Williamsburg","Mon",6,3.39240506329114,3,3.40217773966642
19,"North Williamsburg","Mon",7,3.58227848101266,3,3.47004616438925
19,"North Williamsburg","Mon",8,3.9873417721519,3,3.8380472829027
19,"North Williamsburg","Mon",9,7.49367088607595,6,5.52122575047709
19,"North Williamsburg","Mon",10,17.5189873417722,19,9.3956628830891
19,"North Williamsburg","Mon",11,31.5189873417722,33,13.2257138428776
19,"North Williamsburg","Mon",12,36.7088607594937,38,11.0548189964588
19,"North Williamsburg","Mon",13,38.7215189873418,40,11.7973668388231
19,"North Williamsburg","Mon",14,39.2658227848101,40,9.83154115883851
19,"North Williamsburg","Mon",15,32.1139240506329,32,8.59634290425243
19,"North Williamsburg","Mon",16,32.8101265822785,33,9.40413977222619
19,"North Williamsburg","Mon",17,32.0632911392405,32,9.15443254294782
19,"North Williamsburg","Mon",18,30.6708860759494,30,8.31082321663365
19,"North Williamsburg","Mon",19,27.7848101265823,27,7.88486197475401
19,"North Williamsburg","Mon",20,29.3037974683544,30,9.34160040971916
19,"North Williamsburg","Mon",21,32.7848101265823,32,7.68059640792527
19,"North Williamsburg","Mon",22,35.5316455696203,36,8.80535303830453
19,"North Williamsburg","Mon",23,38.8860759493671,38,11.0395412179062
19,"North Williamsburg","Tue",0,31.2692307692308,31,8.06736745056388
19,"North Williamsburg","Tue",1,22.1025641025641,22,6.57739091601459
19,"North Williamsburg","Tue",2,9.44871794871795,9,6.70461642839331
19,"North Williamsburg","Tue",3,5.07692307692308,4,4.18956412439857
19,"North Williamsburg","Tue",4,4.55128205128205,4,3.79215675842295
19,"North Williamsburg","Tue",5,4.06410256410256,3,3.71497406465137
19,"North Williamsburg","Tue",6,4.98717948717949,4,4.01132678683034
19,"North Williamsburg","Tue",7,4.56410256410256,4,4.35618605851001
19,"North Williamsburg","Tue",8,6.19230769230769,5.5,4.20283668060468
19,"North Williamsburg","Tue",9,8.43589743589744,8,4.56295001293164
19,"North Williamsburg","Tue",10,19.948717948718,22,9.66570780780732
19,"North Williamsburg","Tue",11,34.2564102564103,34,11.1558451249953
19,"North Williamsburg","Tue",12,39.6282051282051,40.5,8.27782042703942
19,"North Williamsburg","Tue",13,41.025641025641,41,10.1763340922837
19,"North Williamsburg","Tue",14,41.5128205128205,41,7.73043166709167
19,"North Williamsburg","Tue",15,34.8974358974359,35,8.87370220046801
19,"North Williamsburg","Tue",16,35.7051282051282,36,9.3643548731956
19,"North Williamsburg","Tue",17,32.4230769230769,31,8.58800013121485
19,"North Williamsburg","Tue",18,30.1923076923077,30,7.60734042695792
19,"North Williamsburg","Tue",19,28.8333333333333,29,7.14127688147123
19,"North Williamsburg","Tue",20,29.7948717948718,29,8.13739001259717
19,"North Williamsburg","Tue",21,34.1282051282051,34,7.79836641961115
19,"North Williamsburg","Tue",22,35.7820512820513,36,7.53286726579523
19,"North Williamsburg","Tue",23,40.1538461538462,40,8.23845421618205
19,"North Williamsburg","Wed",0,32.6794871794872,33,8.73936249828652
19,"North Williamsburg","Wed",1,23.5897435897436,24,7.81845286026623
19,"North Williamsburg","Wed",2,10.6282051282051,10,7.47482176195261
19,"North Williamsburg","Wed",3,5.16666666666667,5,4.01431421474685
19,"North Williamsburg","Wed",4,4.82051282051282,4,3.82657688315427
19,"North Williamsburg","Wed",5,4.41025641025641,3,4.83879317742755
19,"North Williamsburg","Wed",6,4.43589743589744,3,4.21373679239434
19,"North Williamsburg","Wed",7,3.53846153846154,3,3.29774542303145
19,"North Williamsburg","Wed",8,4.76923076923077,4,3.72747983148211
19,"North Williamsburg","Wed",9,8.55128205128205,7.5,5.22145284030889
19,"North Williamsburg","Wed",10,17.8461538461538,20.5,9.30308833385197
19,"North Williamsburg","Wed",11,33.9615384615385,36,12.2934279852436
19,"North Williamsburg","Wed",12,38.7948717948718,39,9.83679677347107
19,"North Williamsburg","Wed",13,40.1153846153846,41,9.96484830783699
19,"North Williamsburg","Wed",14,39.5384615384615,39,9.51375259881654
19,"North Williamsburg","Wed",15,33.448717948718,34,7.47054377599277
19,"North Williamsburg","Wed",16,34.9871794871795,34,10.1001396283824
19,"North Williamsburg","Wed",17,32.2692307692308,32,8.42487516100515
19,"North Williamsburg","Wed",18,29.948717948718,31,7.7121887605177
19,"North Williamsburg","Wed",19,30.0128205128205,29,9.43534882904747
19,"North Williamsburg","Wed",20,28.6153846153846,28,8.79821523995585
19,"North Williamsburg","Wed",21,35.2692307692308,36,6.44390999502445
19,"North Williamsburg","Wed",22,36.2948717948718,35,7.68893449183394
19,"North Williamsburg","Wed",23,40.4615384615385,41,9.205718589293
19,"North Williamsburg","Thu",0,30.7564102564103,31,7.60072774614788
19,"North Williamsburg","Thu",1,23.4615384615385,22,8.41256374544816
19,"North Williamsburg","Thu",2,10.7307692307692,10,6.37705521121098
19,"North Williamsburg","Thu",3,4.65384615384615,4,3.48215086194935
19,"North Williamsburg","Thu",4,4.56410256410256,4,3.99866777681567
19,"North Williamsburg","Thu",5,4.80769230769231,4.5,4.22133631918618
19,"North Williamsburg","Thu",6,4.06410256410256,3,4.28024681770956
19,"North Williamsburg","Thu",7,3.96153846153846,3,3.26111409411954
19,"North Williamsburg","Thu",8,5.03846153846154,4,4.16055162330547
19,"North Williamsburg","Thu",9,7.76923076923077,7.5,4.5837745375388
19,"North Williamsburg","Thu",10,18.1538461538462,20.5,9.85093696259189
19,"North Williamsburg","Thu",11,32.3589743589744,33.5,11.566829375051
19,"North Williamsburg","Thu",12,37.8461538461538,39,10.182843890108
19,"North Williamsburg","Thu",13,39.8461538461538,41,8.90217677024846
19,"North Williamsburg","Thu",14,39.9871794871795,39.5,8.97253180581306
19,"North Williamsburg","Thu",15,33.948717948718,32,8.50041624022472
19,"North Williamsburg","Thu",16,35.0897435897436,35,10.6297620618639
19,"North Williamsburg","Thu",17,34.3205128205128,33,8.69914697974222
19,"North Williamsburg","Thu",18,31.0769230769231,29.5,10.0708776887905
19,"North Williamsburg","Thu",19,30.4102564102564,30,7.70804251505656
19,"North Williamsburg","Thu",20,29.3205128205128,29,8.78235182793901
19,"North Williamsburg","Thu",21,37.0641025641026,36.5,8.41356317430643
19,"North Williamsburg","Thu",22,37.3846153846154,36.5,7.94825925437923
19,"North Williamsburg","Thu",23,40.4358974358974,39.5,10.4130160103066
19,"North Williamsburg","Fri",0,34.4102564102564,34,8.88517793555014
19,"North Williamsburg","Fri",1,23.1282051282051,23,7.89107497550646
19,"North Williamsburg","Fri",2,12.2948717948718,12,7.75117749640354
19,"North Williamsburg","Fri",3,5.26923076923077,5,4.23551182734276
19,"North Williamsburg","Fri",4,4.67948717948718,4,4.17006521405168
19,"North Williamsburg","Fri",5,4.44871794871795,3,4.44489327847995
19,"North Williamsburg","Fri",6,3.94871794871795,3,3.82709898574451
19,"North Williamsburg","Fri",7,5.02564102564103,4.5,4.24562221886357
19,"North Williamsburg","Fri",8,4.65384615384615,4,3.2745651959882
19,"North Williamsburg","Fri",9,8.82051282051282,8,5.28350432151029
19,"North Williamsburg","Fri",10,19.025641025641,21.5,9.35861899981774
19,"North Williamsburg","Fri",11,33.1538461538462,34.5,10.3322429682642
19,"North Williamsburg","Fri",12,40.0384615384615,40.5,8.31278518923697
19,"North Williamsburg","Fri",13,40.8589743589744,41,9.4713845982056
19,"North Williamsburg","Fri",14,40.5641025641026,41,9.94476922298526
19,"North Williamsburg","Fri",15,35.2692307692308,37,7.63054878270722
19,"North Williamsburg","Fri",16,33.6410256410256,32,8.71775968923978
19,"North Williamsburg","Fri",17,33.1153846153846,32.5,7.97069432558846
19,"North Williamsburg","Fri",18,30.2692307692308,30,8.44489098900535
19,"North Williamsburg","Fri",19,30.3717948717949,29.5,7.25439226442899
19,"North Williamsburg","Fri",20,28.551282051282,28,9.04914064356093
19,"North Williamsburg","Fri",21,33.5769230769231,34,8.8516184311768
19,"North Williamsburg","Fri",22,35.5384615384615,37,8.82689559891165
19,"North Williamsburg","Fri",23,39.1923076923077,40.5,11.3561673755954
19,"North Williamsburg","Sat",0,32.2307692307692,33,9.64825948494914
19,"North Williamsburg","Sat",1,24.6282051282051,23,10.5228372233967
19,"North Williamsburg","Sat",2,11.8589743589744,11.5,6.89574376345888
19,"North Williamsburg","Sat",3,6.35897435897436,6,4.70968705766659
19,"North Williamsburg","Sat",4,5.57692307692308,4,4.83095868727542
19,"North Williamsburg","Sat",5,4.1025641025641,3.5,3.81925995275873
19,"North Williamsburg","Sat",6,6.30769230769231,5,6.27985377509409
19,"North Williamsburg","Sat",7,5.7051282051282,5,5.27209998909716
19,"North Williamsburg","Sat",8,3.47435897435897,3,3.34479381840581
19,"North Williamsburg","Sat",9,4.26923076923077,4,3.94004771848972
19,"North Williamsburg","Sat",10,3.76923076923077,3.5,2.85549402973394
19,"North Williamsburg","Sat",11,6,5,4.89367468759949
19,"North Williamsburg","Sat",12,12.5,9.5,9.42330628275985
19,"North Williamsburg","Sat",13,17.6282051282051,18,8.28409362128454
19,"North Williamsburg","Sat",14,26.6794871794872,26,7.86822244277095
19,"North Williamsburg","Sat",15,32.5897435897436,31.5,11.2866268383404
19,"North Williamsburg","Sat",16,32.525641025641,33,12.0321262157634
19,"North Williamsburg","Sat",17,37.0769230769231,38,14.2799189043945
19,"North Williamsburg","Sat",18,36.7692307692308,35.5,16.4695098665612
19,"North Williamsburg","Sat",19,36.7051282051282,36,15.8925850343567
19,"North Williamsburg","Sat",20,32.6923076923077,28.5,15.6448470354056
19,"North Williamsburg","Sat",21,32.6153846153846,32.5,12.897428284106
19,"North Williamsburg","Sat",22,32.974358974359,32.5,14.0610675168573
19,"North Williamsburg","Sat",23,37.3717948717949,40,16.8331066607884
20,"Dumbo/Fulton Ferry","Sun",0,119.25641025641,111.5,61.2706230104545
20,"Dumbo/Fulton Ferry","Sun",1,87.0641025641026,78.5,41.0154673844949
20,"Dumbo/Fulton Ferry","Sun",2,37.8205128205128,30.5,23.9662877889537
20,"Dumbo/Fulton Ferry","Sun",3,18.0769230769231,17,11.9900058281987
20,"Dumbo/Fulton Ferry","Sun",4,19.7051282051282,18.5,14.8683477753167
20,"Dumbo/Fulton Ferry","Sun",5,20.474358974359,18.5,14.7505001975274
20,"Dumbo/Fulton Ferry","Sun",6,18.3076923076923,16.5,12.9607877068494
20,"Dumbo/Fulton Ferry","Sun",7,12.4871794871795,10.5,9.29703707827921
20,"Dumbo/Fulton Ferry","Sun",8,7.34615384615385,6.5,6.3487945948182
20,"Dumbo/Fulton Ferry","Sun",9,5.14102564102564,4,4.71726411732274
20,"Dumbo/Fulton Ferry","Sun",10,6.21794871794872,5,6.71042498876215
20,"Dumbo/Fulton Ferry","Sun",11,12.3205128205128,9.5,10.1820998902563
20,"Dumbo/Fulton Ferry","Sun",12,25.4358974358974,25.5,17.9216112329263
20,"Dumbo/Fulton Ferry","Sun",13,38.2564102564103,39,13.5708203940354
20,"Dumbo/Fulton Ferry","Sun",14,62.7564102564103,62.5,25.6237440097316
20,"Dumbo/Fulton Ferry","Sun",15,77.6794871794872,80.5,25.1145394789571
20,"Dumbo/Fulton Ferry","Sun",16,88.5128205128205,79,34.068206448868
20,"Dumbo/Fulton Ferry","Sun",17,90.6794871794872,88,33.8497419237581
20,"Dumbo/Fulton Ferry","Sun",18,103.833333333333,99,42.1424352462556
20,"Dumbo/Fulton Ferry","Sun",19,95.025641025641,92,32.5392767099167
20,"Dumbo/Fulton Ferry","Sun",20,81.974358974359,79,24.8836118598997
20,"Dumbo/Fulton Ferry","Sun",21,82.8589743589744,75.5,29.3570604171636
20,"Dumbo/Fulton Ferry","Sun",22,79.3205128205128,76.5,27.0754086871788
20,"Dumbo/Fulton Ferry","Sun",23,86.3974358974359,83.5,37.3489476350257
20,"Dumbo/Fulton Ferry","Mon",0,81.6835443037975,72,37.3258500869405
20,"Dumbo/Fulton Ferry","Mon",1,55.4810126582278,48,27.0279346277778
20,"Dumbo/Fulton Ferry","Mon",2,26.2151898734177,22,19.8556785690604
20,"Dumbo/Fulton Ferry","Mon",3,11.9240506329114,10,19.5970773278128
20,"Dumbo/Fulton Ferry","Mon",4,8.39240506329114,6,11.2983067956754
20,"Dumbo/Fulton Ferry","Mon",5,8.45569620253165,6,12.7357738314565
20,"Dumbo/Fulton Ferry","Mon",6,7.21518987341772,5,6.7835980281172
20,"Dumbo/Fulton Ferry","Mon",7,6.88607594936709,5,6.34880837147787
20,"Dumbo/Fulton Ferry","Mon",8,9.74683544303798,8,7.50976860313111
20,"Dumbo/Fulton Ferry","Mon",9,13.5822784810127,13,7.64870961957185
20,"Dumbo/Fulton Ferry","Mon",10,40.1518987341772,50,23.6638253662415
20,"Dumbo/Fulton Ferry","Mon",11,51.5189873417722,53,17.1560415907616
20,"Dumbo/Fulton Ferry","Mon",12,60.873417721519,65,19.1186357526164
20,"Dumbo/Fulton Ferry","Mon",13,61.4303797468354,62,16.726827480017
20,"Dumbo/Fulton Ferry","Mon",14,74.1518987341772,75,22.6042250461796
20,"Dumbo/Fulton Ferry","Mon",15,78.9493670886076,79,20.2566220474633
20,"Dumbo/Fulton Ferry","Mon",16,79.873417721519,79,22.3069306745268
20,"Dumbo/Fulton Ferry","Mon",17,93.5949367088608,92,26.7445268723182
20,"Dumbo/Fulton Ferry","Mon",18,89.2911392405063,91,21.8591950368684
20,"Dumbo/Fulton Ferry","Mon",19,79.620253164557,78,20.3786614123874
20,"Dumbo/Fulton Ferry","Mon",20,80.8101265822785,84,19.9981255207268
20,"Dumbo/Fulton Ferry","Mon",21,81.3417721518987,81,20.756145877571
20,"Dumbo/Fulton Ferry","Mon",22,87.2405063291139,85,22.5889780190577
20,"Dumbo/Fulton Ferry","Mon",23,83.1772151898734,84,23.3187277513221
20,"Dumbo/Fulton Ferry","Tue",0,76.1025641025641,75.5,23.9759564323613
20,"Dumbo/Fulton Ferry","Tue",1,44.3333333333333,42,14.8871658023851
20,"Dumbo/Fulton Ferry","Tue",2,21.1538461538462,18,10.3360131014413
20,"Dumbo/Fulton Ferry","Tue",3,10.5641025641026,8.5,8.37372164089624
20,"Dumbo/Fulton Ferry","Tue",4,8.51282051282051,7,6.77417477553125
20,"Dumbo/Fulton Ferry","Tue",5,8.48717948717949,8,6.16176646485129
20,"Dumbo/Fulton Ferry","Tue",6,9.48717948717949,9,6.08328258478324
20,"Dumbo/Fulton Ferry","Tue",7,10.1666666666667,9.5,8.84266027237509
20,"Dumbo/Fulton Ferry","Tue",8,11.5384615384615,12,6.85791287717838
20,"Dumbo/Fulton Ferry","Tue",9,15.3205128205128,15,8.71704344871852
20,"Dumbo/Fulton Ferry","Tue",10,45.8974358974359,55.5,23.871729595056
20,"Dumbo/Fulton Ferry","Tue",11,58.1025641025641,59,12.3125843590911
20,"Dumbo/Fulton Ferry","Tue",12,61.8461538461538,61,14.1026633968593
20,"Dumbo/Fulton Ferry","Tue",13,62.2435897435897,62.5,13.9061659662702
20,"Dumbo/Fulton Ferry","Tue",14,76.5897435897436,74,20.6595381559346
20,"Dumbo/Fulton Ferry","Tue",15,82.2564102564103,80.5,18.0298712440288
20,"Dumbo/Fulton Ferry","Tue",16,83.1025641025641,82.5,22.4352399884644
20,"Dumbo/Fulton Ferry","Tue",17,91.6923076923077,90.5,25.809646687583
20,"Dumbo/Fulton Ferry","Tue",18,90.1538461538462,87,18.2430039414344
20,"Dumbo/Fulton Ferry","Tue",19,77.2820512820513,78.5,17.0856493560945
20,"Dumbo/Fulton Ferry","Tue",20,81.2307692307692,83,24.2138326233104
20,"Dumbo/Fulton Ferry","Tue",21,78.5769230769231,78.5,19.2465339978156
20,"Dumbo/Fulton Ferry","Tue",22,84.9102564102564,84,20.0727157956745
20,"Dumbo/Fulton Ferry","Tue",23,85.4615384615385,84,25.5504046313004
20,"Dumbo/Fulton Ferry","Wed",0,76.8076923076923,75.5,24.9545340815807
20,"Dumbo/Fulton Ferry","Wed",1,48.6410256410256,45.5,17.2008564865086
20,"Dumbo/Fulton Ferry","Wed",2,22.974358974359,20,13.7406160271121
20,"Dumbo/Fulton Ferry","Wed",3,13.2948717948718,10,20.689484733912
20,"Dumbo/Fulton Ferry","Wed",4,11.1282051282051,10,10.4102334446909
20,"Dumbo/Fulton Ferry","Wed",5,11.474358974359,9,19.0547566130809
20,"Dumbo/Fulton Ferry","Wed",6,8.03846153846154,6,7.08289013520135
20,"Dumbo/Fulton Ferry","Wed",7,7.91025641025641,8,6.27339444443579
20,"Dumbo/Fulton Ferry","Wed",8,10.7179487179487,10,7.3270490434859
20,"Dumbo/Fulton Ferry","Wed",9,15.3974358974359,14,9.17129874187514
20,"Dumbo/Fulton Ferry","Wed",10,42.1666666666667,49,24.673144697506
20,"Dumbo/Fulton Ferry","Wed",11,56.1282051282051,57,15.0620870687454
20,"Dumbo/Fulton Ferry","Wed",12,64.025641025641,66,16.5952382146787
20,"Dumbo/Fulton Ferry","Wed",13,59.6794871794872,59,15.7005199597442
20,"Dumbo/Fulton Ferry","Wed",14,76.1794871794872,78,22.3837508258178
20,"Dumbo/Fulton Ferry","Wed",15,81.3076923076923,82,16.4168963423202
20,"Dumbo/Fulton Ferry","Wed",16,82.6794871794872,80,25.5085896354178
20,"Dumbo/Fulton Ferry","Wed",17,89.3333333333333,89.5,29.5506022821548
20,"Dumbo/Fulton Ferry","Wed",18,88.4615384615385,86.5,23.6147061310181
20,"Dumbo/Fulton Ferry","Wed",19,78.1153846153846,78,20.9309196310959
20,"Dumbo/Fulton Ferry","Wed",20,82.474358974359,84,27.086069817439
20,"Dumbo/Fulton Ferry","Wed",21,81.2692307692308,80,17.7168736629128
20,"Dumbo/Fulton Ferry","Wed",22,84.0384615384615,82.5,21.4732949870857
20,"Dumbo/Fulton Ferry","Wed",23,91.9102564102564,89,30.0714240233239
20,"Dumbo/Fulton Ferry","Thu",0,83.0128205128205,78,26.8069062577207
20,"Dumbo/Fulton Ferry","Thu",1,50.1025641025641,46.5,17.3149509328651
20,"Dumbo/Fulton Ferry","Thu",2,23.9230769230769,23.5,11.8833827345073
20,"Dumbo/Fulton Ferry","Thu",3,10.6153846153846,10,7.61104933160152
20,"Dumbo/Fulton Ferry","Thu",4,8.80769230769231,7.5,6.88883473136379
20,"Dumbo/Fulton Ferry","Thu",5,9.8974358974359,9,7.85185848393116
20,"Dumbo/Fulton Ferry","Thu",6,8.37179487179487,6,7.56119446064322
20,"Dumbo/Fulton Ferry","Thu",7,8.84615384615385,8,6.72864958774978
20,"Dumbo/Fulton Ferry","Thu",8,10.1410256410256,8,8.50778766086995
20,"Dumbo/Fulton Ferry","Thu",9,13.9487179487179,14,6.69152873240165
20,"Dumbo/Fulton Ferry","Thu",10,42.0384615384615,50,24.9276575692164
20,"Dumbo/Fulton Ferry","Thu",11,55.5769230769231,56.5,15.1584867410873
20,"Dumbo/Fulton Ferry","Thu",12,62.0128205128205,61,16.4857227405733
20,"Dumbo/Fulton Ferry","Thu",13,60.3205128205128,60,14.9044520410074
20,"Dumbo/Fulton Ferry","Thu",14,75.5512820512821,73,21.6072663558804
20,"Dumbo/Fulton Ferry","Thu",15,80.8333333333333,76.5,17.2832902310909
20,"Dumbo/Fulton Ferry","Thu",16,88.0128205128205,88,26.880444100838
20,"Dumbo/Fulton Ferry","Thu",17,95.5384615384615,93,27.7159489495457
20,"Dumbo/Fulton Ferry","Thu",18,93.5512820512821,91.5,24.4054749211567
20,"Dumbo/Fulton Ferry","Thu",19,83.3333333333333,81.5,18.5833794381429
20,"Dumbo/Fulton Ferry","Thu",20,87.0769230769231,88,25.6402530686142
20,"Dumbo/Fulton Ferry","Thu",21,85.1923076923077,85,18.1866639396769
20,"Dumbo/Fulton Ferry","Thu",22,92.9102564102564,88.5,27.8326099953666
20,"Dumbo/Fulton Ferry","Thu",23,95.2435897435897,93,32.8598700890777
20,"Dumbo/Fulton Ferry","Fri",0,89.1153846153846,86.5,29.829376599113
20,"Dumbo/Fulton Ferry","Fri",1,54.3205128205128,55.5,19.6881489765597
20,"Dumbo/Fulton Ferry","Fri",2,32.051282051282,30,19.4408175739959
20,"Dumbo/Fulton Ferry","Fri",3,13.1538461538462,12,9.0468864172241
20,"Dumbo/Fulton Ferry","Fri",4,11.0641025641026,9,8.58621629258838
20,"Dumbo/Fulton Ferry","Fri",5,9.67948717948718,8,7.27831432914652
20,"Dumbo/Fulton Ferry","Fri",6,8.78205128205128,7.5,7.50177024285314
20,"Dumbo/Fulton Ferry","Fri",7,9.57692307692308,8,6.64795492578768
20,"Dumbo/Fulton Ferry","Fri",8,10.6538461538462,9,6.75898041007785
20,"Dumbo/Fulton Ferry","Fri",9,16.2179487179487,15.5,9.79351420139474
20,"Dumbo/Fulton Ferry","Fri",10,41.7820512820513,49.5,22.7867855507879
20,"Dumbo/Fulton Ferry","Fri",11,57.448717948718,57.5,13.042037363646
20,"Dumbo/Fulton Ferry","Fri",12,66.7692307692308,66,15.9169297086043
20,"Dumbo/Fulton Ferry","Fri",13,63.448717948718,63,14.6576937254121
20,"Dumbo/Fulton Ferry","Fri",14,76.7307692307692,79,23.411437473923
20,"Dumbo/Fulton Ferry","Fri",15,84.474358974359,82.5,20.0231841980217
20,"Dumbo/Fulton Ferry","Fri",16,86.3589743589744,87.5,21.7876256783669
20,"Dumbo/Fulton Ferry","Fri",17,97.2820512820513,100,25.2663203966653
20,"Dumbo/Fulton Ferry","Fri",18,92.4358974358974,89.5,22.6294772386204
20,"Dumbo/Fulton Ferry","Fri",19,82.4230769230769,79,15.1396265379398
20,"Dumbo/Fulton Ferry","Fri",20,82.2435897435897,83.5,23.1904514034772
20,"Dumbo/Fulton Ferry","Fri",21,81.9102564102564,83,22.1963995544357
20,"Dumbo/Fulton Ferry","Fri",22,83.9487179487179,84.5,24.0194171647107
20,"Dumbo/Fulton Ferry","Fri",23,94.8846153846154,93.5,35.5074459976879
20,"Dumbo/Fulton Ferry","Sat",0,98.6025641025641,90,41.116350507484
20,"Dumbo/Fulton Ferry","Sat",1,65.0512820512821,63,24.6954948496171
20,"Dumbo/Fulton Ferry","Sat",2,29.6538461538462,29,13.3453887391638
20,"Dumbo/Fulton Ferry","Sat",3,15.551282051282,15,8.50308948574169
20,"Dumbo/Fulton Ferry","Sat",4,15.7948717948718,15.5,11.1172721291574
20,"Dumbo/Fulton Ferry","Sat",5,14.3076923076923,15,9.11443509346175
20,"Dumbo/Fulton Ferry","Sat",6,15.8333333333333,14.5,12.4800273337474
20,"Dumbo/Fulton Ferry","Sat",7,12.0897435897436,11,9.64726715550905
20,"Dumbo/Fulton Ferry","Sat",8,7.7051282051282,7,5.77749546771383
20,"Dumbo/Fulton Ferry","Sat",9,7,6,5.93033145522501
20,"Dumbo/Fulton Ferry","Sat",10,8.74358974358974,7.5,7.75340042273183
20,"Dumbo/Fulton Ferry","Sat",11,13.5,11,10.1107503543146
20,"Dumbo/Fulton Ferry","Sat",12,29.7435897435897,33,20.2127874514322
20,"Dumbo/Fulton Ferry","Sat",13,40.4102564102564,40,16.7203398162168
20,"Dumbo/Fulton Ferry","Sat",14,67.9871794871795,63.5,25.2095084049514
20,"Dumbo/Fulton Ferry","Sat",15,82.2179487179487,82.5,28.637749782773
20,"Dumbo/Fulton Ferry","Sat",16,90.2692307692308,84,31.1742788903876
20,"Dumbo/Fulton Ferry","Sat",17,96.0512820512821,92,35.3134010969816
20,"Dumbo/Fulton Ferry","Sat",18,111.538461538462,111.5,46.6118797375447
20,"Dumbo/Fulton Ferry","Sat",19,109.987179487179,106,33.4824992433025
20,"Dumbo/Fulton Ferry","Sat",20,88.7820512820513,86.5,29.698767929273
20,"Dumbo/Fulton Ferry","Sat",21,85.0641025641026,86,29.9784943452823
20,"Dumbo/Fulton Ferry","Sat",22,86.7435897435897,84.5,30.4534713852776
20,"Dumbo/Fulton Ferry","Sat",23,108.282051282051,111,55.2768469029286
23,"Bay Ridge","Sun",0,8.51282051282051,7.5,4.89033924338771
23,"Bay Ridge","Sun",1,8.25641025641026,7,5.09248465224982
23,"Bay Ridge","Sun",2,3.11538461538462,3,3.04929529534314
23,"Bay Ridge","Sun",3,1.02564102564103,0,2.35749349050545
23,"Bay Ridge","Sun",4,0.974358974358974,0,1.62747800251943
23,"Bay Ridge","Sun",5,0.461538461538462,0,1.12460449258184
23,"Bay Ridge","Sun",6,1.14102564102564,0,2.37259438783879
23,"Bay Ridge","Sun",7,0.987179487179487,0,1.95729464593411
23,"Bay Ridge","Sun",8,0.987179487179487,0,2.15318302431473
23,"Bay Ridge","Sun",9,1.3974358974359,0,2.46186363569808
23,"Bay Ridge","Sun",10,1.61538461538462,0,3.37381347774553
23,"Bay Ridge","Sun",11,2.3974358974359,1,2.94688805083416
23,"Bay Ridge","Sun",12,5.11538461538461,4,4.15598697931403
23,"Bay Ridge","Sun",13,9.28205128205128,8,5.94104681819941
23,"Bay Ridge","Sun",14,9.93589743589744,10,5.0947891474404
23,"Bay Ridge","Sun",15,12.9615384615385,11,7.17217260947197
23,"Bay Ridge","Sun",16,12.8974358974359,11,5.99911193339014
23,"Bay Ridge","Sun",17,11.474358974359,11,5.83479121689787
23,"Bay Ridge","Sun",18,10.5897435897436,9,5.33655829902143
23,"Bay Ridge","Sun",19,10.5897435897436,8,5.97056828515391
23,"Bay Ridge","Sun",20,10.2435897435897,9,4.79498086459597
23,"Bay Ridge","Sun",21,10.2820512820513,10,4.76975709555348
23,"Bay Ridge","Sun",22,10.6025641025641,9,5.25045389154748
23,"Bay Ridge","Sun",23,8.76923076923077,7,4.57810451595865
23,"Bay Ridge","Mon",0,9.07594936708861,8,5.07829002085003
23,"Bay Ridge","Mon",1,7.67088607594937,6,5.12840635762282
23,"Bay Ridge","Mon",2,3.81012658227848,4,3.25054610546774
23,"Bay Ridge","Mon",3,0.962025316455696,0,1.7204876915534
23,"Bay Ridge","Mon",4,1.31645569620253,0,3.47350522655565
23,"Bay Ridge","Mon",5,1.13924050632911,0,2.77227194255297
23,"Bay Ridge","Mon",6,0.873417721518987,0,2.17424958234987
23,"Bay Ridge","Mon",7,0.746835443037975,0,1.88426925528704
23,"Bay Ridge","Mon",8,1.79746835443038,1,2.16841988338338
23,"Bay Ridge","Mon",9,3.53164556962025,3,3.21389388811308
23,"Bay Ridge","Mon",10,8.41772151898734,9,7.59994533539165
23,"Bay Ridge","Mon",11,10.4177215189873,10,4.60937616040617
23,"Bay Ridge","Mon",12,12.620253164557,12,5.42856593772372
23,"Bay Ridge","Mon",13,12.0759493670886,12,4.96596661362718
23,"Bay Ridge","Mon",14,11.2658227848101,11,5.36060860675901
23,"Bay Ridge","Mon",15,12.1012658227848,11,6.41631521523474
23,"Bay Ridge","Mon",16,12.0379746835443,11,6.38195179126398
23,"Bay Ridge","Mon",17,10.2658227848101,9,5.8893838882838
23,"Bay Ridge","Mon",18,11.3291139240506,11,5.27383847702285
23,"Bay Ridge","Mon",19,10.6455696202532,9,5.27217654339328
23,"Bay Ridge","Mon",20,11.1392405063291,11,4.26594798799598
23,"Bay Ridge","Mon",21,9.64556962025316,9,3.50471468052476
23,"Bay Ridge","Mon",22,10.5443037974684,10,3.26911525847446
23,"Bay Ridge","Mon",23,10.3417721518987,10,3.8460305075972
23,"Bay Ridge","Tue",0,7.56410256410256,8,3.51837382592504
23,"Bay Ridge","Tue",1,7.84615384615385,7,4.06785601360871
23,"Bay Ridge","Tue",2,4.47435897435897,4,3.21814804763188
23,"Bay Ridge","Tue",3,1.3974358974359,0,2.331822449801
23,"Bay Ridge","Tue",4,0.807692307692308,0,2.08929051716961
23,"Bay Ridge","Tue",5,0.923076923076923,0,2.27218774814872
23,"Bay Ridge","Tue",6,0.948717948717949,0,2.86445949615773
23,"Bay Ridge","Tue",7,0.705128205128205,0,1.70643529379857
23,"Bay Ridge","Tue",8,2.07692307692308,1,2.44295558044594
23,"Bay Ridge","Tue",9,2.56410256410256,2,1.90412909901289
23,"Bay Ridge","Tue",10,8,8,4.44592327489283
23,"Bay Ridge","Tue",11,10.2948717948718,10,3.2478123480714
23,"Bay Ridge","Tue",12,13.1282051282051,13,4.55089251802575
23,"Bay Ridge","Tue",13,12.974358974359,12,4.05793869678516
23,"Bay Ridge","Tue",14,12.4230769230769,12,5.84989561627203
23,"Bay Ridge","Tue",15,12.7051282051282,11.5,6.49497103031635
23,"Bay Ridge","Tue",16,12.7820512820513,11,6.61491317078889
23,"Bay Ridge","Tue",17,10.7051282051282,9.5,5.45610339611194
23,"Bay Ridge","Tue",18,12.2307692307692,11.5,5.83968304806846
23,"Bay Ridge","Tue",19,10.7307692307692,10,4.00542838451227
23,"Bay Ridge","Tue",20,11.1153846153846,11,4.32444206815159
23,"Bay Ridge","Tue",21,9.84615384615385,10,4.64891251933047
23,"Bay Ridge","Tue",22,11.4487179487179,11,4.79623076006873
23,"Bay Ridge","Tue",23,10.2820512820513,10,3.67475570668711
23,"Bay Ridge","Wed",0,7.57692307692308,7,3.1189376761603
23,"Bay Ridge","Wed",1,8.61538461538461,8.5,3.79757533454946
23,"Bay Ridge","Wed",2,4.8974358974359,4,3.58782118735882
23,"Bay Ridge","Wed",3,1.74358974358974,1,2.50938962639051
23,"Bay Ridge","Wed",4,1.02564102564103,0,2.33535424590777
23,"Bay Ridge","Wed",5,1.16666666666667,0,2.48850169633068
23,"Bay Ridge","Wed",6,1.08974358974359,0,2.04612968470884
23,"Bay Ridge","Wed",7,1.2948717948718,0,2.27983238367116
23,"Bay Ridge","Wed",8,2.25641025641026,1.5,2.73712284924179
23,"Bay Ridge","Wed",9,3.53846153846154,2,3.30168122342223
23,"Bay Ridge","Wed",10,7.88461538461539,8,5.04004939480735
23,"Bay Ridge","Wed",11,11.2564102564103,11,4.93972999271543
23,"Bay Ridge","Wed",12,12.4102564102564,12,4.94498538449614
23,"Bay Ridge","Wed",13,13.5384615384615,13.5,5.49070597900235
23,"Bay Ridge","Wed",14,12.4615384615385,11.5,5.20911366115821
23,"Bay Ridge","Wed",15,12.7564102564103,11,6.76159110114729
23,"Bay Ridge","Wed",16,11.7820512820513,11,5.78993178054025
23,"Bay Ridge","Wed",17,10.2564102564103,10,4.49367780255107
23,"Bay Ridge","Wed",18,11.0769230769231,10,5.76547996620917
23,"Bay Ridge","Wed",19,10.8846153846154,10,5.46055696039171
23,"Bay Ridge","Wed",20,11.1025641025641,11,4.61389697414726
23,"Bay Ridge","Wed",21,10.6666666666667,9.5,4.26299896471488
23,"Bay Ridge","Wed",22,11.1923076923077,10,3.91818170228843
23,"Bay Ridge","Wed",23,10.0512820512821,10,3.59616475323377
23,"Bay Ridge","Thu",0,7.71794871794872,7,3.37253011461119
23,"Bay Ridge","Thu",1,8.52564102564103,8,3.78899417477473
23,"Bay Ridge","Thu",2,5.01282051282051,4.5,3.54742851714437
23,"Bay Ridge","Thu",3,1.55128205128205,1,2.47400740110304
23,"Bay Ridge","Thu",4,0.897435897435897,0,1.55913515479013
23,"Bay Ridge","Thu",5,0.961538461538462,0,2.00287006854876
23,"Bay Ridge","Thu",6,1.52564102564103,0,2.58227906473432
23,"Bay Ridge","Thu",7,0.743589743589744,0,1.39977639620547
23,"Bay Ridge","Thu",8,2.24358974358974,1.5,2.62448954807318
23,"Bay Ridge","Thu",9,3.66666666666667,3,2.98335933143041
23,"Bay Ridge","Thu",10,7.21794871794872,7,4.71705233706207
23,"Bay Ridge","Thu",11,10.4615384615385,10,4.50307919958358
23,"Bay Ridge","Thu",12,12.2435897435897,12,5.27228947394169
23,"Bay Ridge","Thu",13,12.5128205128205,12,3.92707415538737
23,"Bay Ridge","Thu",14,14.1538461538462,13,6.30208566399122
23,"Bay Ridge","Thu",15,13.6666666666667,13,6.5399207006326
23,"Bay Ridge","Thu",16,12.2692307692308,11,6.30949208016702
23,"Bay Ridge","Thu",17,10.3333333333333,10,4.84477672053744
23,"Bay Ridge","Thu",18,11.7435897435897,11,5.15080600787901
23,"Bay Ridge","Thu",19,10.7435897435897,10,4.48210264153378
23,"Bay Ridge","Thu",20,11.0512820512821,11,4.21468501356504
23,"Bay Ridge","Thu",21,10.6410256410256,10,4.34539421484989
23,"Bay Ridge","Thu",22,11.0512820512821,10,4.19924988940878
23,"Bay Ridge","Thu",23,11.0769230769231,10.5,4.34478110807931
23,"Bay Ridge","Fri",0,8.42307692307692,7.5,3.92963839838451
23,"Bay Ridge","Fri",1,8.57692307692308,8,3.78142840725576
23,"Bay Ridge","Fri",2,4.65384615384615,5,2.97533987178731
23,"Bay Ridge","Fri",3,2.11538461538462,1,3.14985371431411
23,"Bay Ridge","Fri",4,1.56410256410256,0,2.88115121106691
23,"Bay Ridge","Fri",5,1.58974358974359,0,3.12690834172602
23,"Bay Ridge","Fri",6,1.25641025641026,0,1.9569118093322
23,"Bay Ridge","Fri",7,1.44871794871795,0,2.64156307474485
23,"Bay Ridge","Fri",8,1.82051282051282,1,2.14865460619352
23,"Bay Ridge","Fri",9,3.58974358974359,3,2.97799678785335
23,"Bay Ridge","Fri",10,7.56410256410256,8,4.19210681802833
23,"Bay Ridge","Fri",11,10.8461538461538,11,4.25510212637653
23,"Bay Ridge","Fri",12,12.0512820512821,12,4.31517237439162
23,"Bay Ridge","Fri",13,12.6923076923077,12.5,4.83844907078595
23,"Bay Ridge","Fri",14,11.8589743589744,11,6.19745309852563
23,"Bay Ridge","Fri",15,11.474358974359,10,5.23654580056471
23,"Bay Ridge","Fri",16,11.3205128205128,10,6.12954011906783
23,"Bay Ridge","Fri",17,9.2948717948718,8,5.12216719139436
23,"Bay Ridge","Fri",18,10.7179487179487,10,4.91458850293493
23,"Bay Ridge","Fri",19,9.3974358974359,8,3.60136966581653
23,"Bay Ridge","Fri",20,10.5769230769231,10,4.2868546601352
23,"Bay Ridge","Fri",21,9.24358974358974,8,4.10633307976489
23,"Bay Ridge","Fri",22,10.3974358974359,10,4.39994021089763
23,"Bay Ridge","Fri",23,10.2948717948718,10,4.41693604315526
23,"Bay Ridge","Sat",0,8.30769230769231,7,4.0685926993798
23,"Bay Ridge","Sat",1,8.06410256410256,7,4.10049013095012
23,"Bay Ridge","Sat",2,5.28205128205128,5,3.58893478353297
23,"Bay Ridge","Sat",3,1.69230769230769,0,2.63496811044402
23,"Bay Ridge","Sat",4,1.56410256410256,0,2.81272499747521
23,"Bay Ridge","Sat",5,1.64102564102564,0,2.84661730888262
23,"Bay Ridge","Sat",6,0.897435897435897,0,2.07389303027719
23,"Bay Ridge","Sat",7,0.666666666666667,0,1.70306573579322
23,"Bay Ridge","Sat",8,0.730769230769231,0,1.64097751136546
23,"Bay Ridge","Sat",9,1.16666666666667,0,2.13454375834206
23,"Bay Ridge","Sat",10,1.44871794871795,0,3.03934133285417
23,"Bay Ridge","Sat",11,2.73076923076923,1,4.04735949491998
23,"Bay Ridge","Sat",12,5.16666666666667,4,5.3559450320319
23,"Bay Ridge","Sat",13,9.7051282051282,9,5.48222386945102
23,"Bay Ridge","Sat",14,12.1410256410256,11,7.02634071686421
23,"Bay Ridge","Sat",15,13.2051282051282,12,6.68077096095209
23,"Bay Ridge","Sat",16,12.2307692307692,11,5.97597587949347
23,"Bay Ridge","Sat",17,11.7051282051282,10,5.89763098896932
23,"Bay Ridge","Sat",18,10.3846153846154,10,5.06639237212552
23,"Bay Ridge","Sat",19,11.2179487179487,9,6.07453153748776
23,"Bay Ridge","Sat",20,10.7692307692308,10,5.46755026443341
23,"Bay Ridge","Sat",21,10.5512820512821,9,5.38552035590151
23,"Bay Ridge","Sat",22,9.93589743589744,8,5.66222328778834
23,"Bay Ridge","Sat",23,9.47435897435897,9,4.08902350447062
24,"Red Hook/Atlantic Basin","Sun",0,23.4615384615385,22,9.88070704091421
24,"Red Hook/Atlantic Basin","Sun",1,16.525641025641,16,8.26151201370432
24,"Red Hook/Atlantic Basin","Sun",2,7.75641025641026,7,5.57402579557752
24,"Red Hook/Atlantic Basin","Sun",3,5.48717948717949,4,5.58695974695712
24,"Red Hook/Atlantic Basin","Sun",4,3.83333333333333,3.5,3.39371713867199
24,"Red Hook/Atlantic Basin","Sun",5,4.19230769230769,3,6.45274066872845
24,"Red Hook/Atlantic Basin","Sun",6,4.1025641025641,3,4.61952306412614
24,"Red Hook/Atlantic Basin","Sun",7,4.53846153846154,4,3.71969942820167
24,"Red Hook/Atlantic Basin","Sun",8,4.01282051282051,3,3.76067688623879
24,"Red Hook/Atlantic Basin","Sun",9,7.19230769230769,7,4.93610523238057
24,"Red Hook/Atlantic Basin","Sun",10,9.44871794871795,9,6.57355472416726
24,"Red Hook/Atlantic Basin","Sun",11,10.5384615384615,11,6.29304358815332
24,"Red Hook/Atlantic Basin","Sun",12,12.9102564102564,12,8.28734898385203
24,"Red Hook/Atlantic Basin","Sun",13,19.3846153846154,20.5,8.81001609626133
24,"Red Hook/Atlantic Basin","Sun",14,26.3589743589744,26,9.76606150789341
24,"Red Hook/Atlantic Basin","Sun",15,31.7307692307692,28,12.9831790045018
24,"Red Hook/Atlantic Basin","Sun",16,31.1025641025641,30,10.8347561759341
24,"Red Hook/Atlantic Basin","Sun",17,28.4871794871795,26,11.1001855486347
24,"Red Hook/Atlantic Basin","Sun",18,31.3333333333333,32,13.3150307280923
24,"Red Hook/Atlantic Basin","Sun",19,31.2435897435897,32,11.9785369718237
24,"Red Hook/Atlantic Basin","Sun",20,26.8076923076923,25,9.4168372172839
24,"Red Hook/Atlantic Basin","Sun",21,25.948717948718,22.5,10.4133997541098
24,"Red Hook/Atlantic Basin","Sun",22,25.0384615384615,23,8.08468539042416
24,"Red Hook/Atlantic Basin","Sun",23,21.8717948717949,20,9.09596595951176
24,"Red Hook/Atlantic Basin","Mon",0,22.1392405063291,20,9.58595952049635
24,"Red Hook/Atlantic Basin","Mon",1,14.620253164557,15,9.15437936036887
24,"Red Hook/Atlantic Basin","Mon",2,6.69620253164557,6,5.10493584775922
24,"Red Hook/Atlantic Basin","Mon",3,4.73417721518987,3,5.2907971886351
24,"Red Hook/Atlantic Basin","Mon",4,3.93670886075949,3,3.85753266483967
24,"Red Hook/Atlantic Basin","Mon",5,3.54430379746835,3,3.94447834890564
24,"Red Hook/Atlantic Basin","Mon",6,4.0379746835443,2,5.04960784965014
24,"Red Hook/Atlantic Basin","Mon",7,3.70886075949367,4,3.44238996708562
24,"Red Hook/Atlantic Basin","Mon",8,6.64556962025316,6,5.31335514911282
24,"Red Hook/Atlantic Basin","Mon",9,6.68354430379747,6,4.87680092651506
24,"Red Hook/Atlantic Basin","Mon",10,18.493670886076,21,12.0839726632508
24,"Red Hook/Atlantic Basin","Mon",11,25.493670886076,25,10.2442897386432
24,"Red Hook/Atlantic Basin","Mon",12,27.7974683544304,28,9.16008586181268
24,"Red Hook/Atlantic Basin","Mon",13,27.7341772151899,28,8.4272282463993
24,"Red Hook/Atlantic Basin","Mon",14,27.8481012658228,28,8.72086888107463
24,"Red Hook/Atlantic Basin","Mon",15,26.4683544303797,26,9.28306349058351
24,"Red Hook/Atlantic Basin","Mon",16,25.6329113924051,25,8.18876217938399
24,"Red Hook/Atlantic Basin","Mon",17,25.506329113924,25,7.67592543108834
24,"Red Hook/Atlantic Basin","Mon",18,27.1772151898734,26,9.12415713518014
24,"Red Hook/Atlantic Basin","Mon",19,26.5949367088608,26,7.50131439310125
24,"Red Hook/Atlantic Basin","Mon",20,26.2025316455696,26,7.78456682726074
24,"Red Hook/Atlantic Basin","Mon",21,28.3037974683544,28,8.00377223624817
24,"Red Hook/Atlantic Basin","Mon",22,29.6962025316456,29,8.27469796548451
24,"Red Hook/Atlantic Basin","Mon",23,24.493670886076,25,7.43152228896079
24,"Red Hook/Atlantic Basin","Tue",0,22.7820512820513,22,8.61084703421717
24,"Red Hook/Atlantic Basin","Tue",1,12.4871794871795,12.5,6.20796218889859
24,"Red Hook/Atlantic Basin","Tue",2,9.92307692307692,9,5.75871836113185
24,"Red Hook/Atlantic Basin","Tue",3,7.78205128205128,6,5.93831371380544
24,"Red Hook/Atlantic Basin","Tue",4,5.87179487179487,5,5.34609694831216
24,"Red Hook/Atlantic Basin","Tue",5,5.6025641025641,4.5,4.78455237111492
24,"Red Hook/Atlantic Basin","Tue",6,5.12820512820513,4.5,3.95874496168441
24,"Red Hook/Atlantic Basin","Tue",7,7.48717948717949,6,6.09394758233094
24,"Red Hook/Atlantic Basin","Tue",8,7.88461538461539,7.5,4.94904101751107
24,"Red Hook/Atlantic Basin","Tue",9,8.08974358974359,7,5.51782447585884
24,"Red Hook/Atlantic Basin","Tue",10,19.8589743589744,22.5,11.0989930033155
24,"Red Hook/Atlantic Basin","Tue",11,27.6794871794872,28,7.17588600754917
24,"Red Hook/Atlantic Basin","Tue",12,29.1538461538462,28,8.49457722066508
24,"Red Hook/Atlantic Basin","Tue",13,29.5384615384615,30,8.07544346849058
24,"Red Hook/Atlantic Basin","Tue",14,29.1282051282051,30,6.82120257203996
24,"Red Hook/Atlantic Basin","Tue",15,29.2948717948718,27,9.39205103854439
24,"Red Hook/Atlantic Basin","Tue",16,25.474358974359,24,7.90483061085733
24,"Red Hook/Atlantic Basin","Tue",17,26.0128205128205,24.5,8.15195552946524
24,"Red Hook/Atlantic Basin","Tue",18,28.6794871794872,28,7.36346472257542
24,"Red Hook/Atlantic Basin","Tue",19,28.3846153846154,28,8.04569864792777
24,"Red Hook/Atlantic Basin","Tue",20,27.7564102564103,27,8.09069675364081
24,"Red Hook/Atlantic Basin","Tue",21,27.525641025641,27,7.6255284832387
24,"Red Hook/Atlantic Basin","Tue",22,29.551282051282,28,7.27858883835703
24,"Red Hook/Atlantic Basin","Tue",23,28.4615384615385,27.5,8.60186072847079
24,"Red Hook/Atlantic Basin","Wed",0,21.8589743589744,21,6.27657851822455
24,"Red Hook/Atlantic Basin","Wed",1,15.8461538461538,15,6.72864958774978
24,"Red Hook/Atlantic Basin","Wed",2,15.474358974359,12.5,11.781257797792
24,"Red Hook/Atlantic Basin","Wed",3,10.1282051282051,8,8.18036765178772
24,"Red Hook/Atlantic Basin","Wed",4,7.16666666666667,6,6.23441780505328
24,"Red Hook/Atlantic Basin","Wed",5,6.15384615384615,4.5,5.95453973507134
24,"Red Hook/Atlantic Basin","Wed",6,4.69230769230769,4,4.49041603460483
24,"Red Hook/Atlantic Basin","Wed",7,4.7948717948718,3,4.07194702577926
24,"Red Hook/Atlantic Basin","Wed",8,8.7948717948718,8,5.70795520136175
24,"Red Hook/Atlantic Basin","Wed",9,8.8974358974359,8,5.88767090322384
24,"Red Hook/Atlantic Basin","Wed",10,20.3974358974359,23,13.4322153394148
24,"Red Hook/Atlantic Basin","Wed",11,25.5769230769231,26,8.30509033512131
24,"Red Hook/Atlantic Basin","Wed",12,30.8717948717949,30,9.16849344555975
24,"Red Hook/Atlantic Basin","Wed",13,29.2307692307692,29,8.72066224835878
24,"Red Hook/Atlantic Basin","Wed",14,28.8717948717949,29,8.43825391915467
24,"Red Hook/Atlantic Basin","Wed",15,27.6923076923077,27,7.60435229498041
24,"Red Hook/Atlantic Basin","Wed",16,26.6794871794872,24,9.32458500137596
24,"Red Hook/Atlantic Basin","Wed",17,25.8461538461538,26,8.4455120227653
24,"Red Hook/Atlantic Basin","Wed",18,25.6923076923077,25,7.47864091463616
24,"Red Hook/Atlantic Basin","Wed",19,26.5769230769231,25,8.81928116570281
24,"Red Hook/Atlantic Basin","Wed",20,26.8846153846154,27,8.09678590910875
24,"Red Hook/Atlantic Basin","Wed",21,27.7692307692308,26,7.19834590834477
24,"Red Hook/Atlantic Basin","Wed",22,28.551282051282,27,8.30216281615263
24,"Red Hook/Atlantic Basin","Wed",23,25.7051282051282,25,7.34158936463586
24,"Red Hook/Atlantic Basin","Thu",0,21.5641025641026,20,8.34575830297533
24,"Red Hook/Atlantic Basin","Thu",1,14.6666666666667,12,9.46170225296746
24,"Red Hook/Atlantic Basin","Thu",2,10.474358974359,9.5,6.62879268350523
24,"Red Hook/Atlantic Basin","Thu",3,9.28205128205128,7.5,8.96442816698155
24,"Red Hook/Atlantic Basin","Thu",4,6.47435897435897,5,6.53606251653954
24,"Red Hook/Atlantic Basin","Thu",5,6.17948717948718,5,5.69060193502853
24,"Red Hook/Atlantic Basin","Thu",6,5.65384615384615,4,6.23943662765874
24,"Red Hook/Atlantic Basin","Thu",7,7.58974358974359,6,6.01823181832623
24,"Red Hook/Atlantic Basin","Thu",8,7.25641025641026,6,5.19349217505533
24,"Red Hook/Atlantic Basin","Thu",9,8.84615384615385,7.5,6.81495094946078
24,"Red Hook/Atlantic Basin","Thu",10,18.3589743589744,20,11.260751698023
24,"Red Hook/Atlantic Basin","Thu",11,26.7948717948718,27,7.83491846708997
24,"Red Hook/Atlantic Basin","Thu",12,29.6410256410256,29,9.65371116173149
24,"Red Hook/Atlantic Basin","Thu",13,30.9615384615385,32,8.07182418381035
24,"Red Hook/Atlantic Basin","Thu",14,30.0641025641026,29,9.41722619374459
24,"Red Hook/Atlantic Basin","Thu",15,28.8461538461538,28,8.26992190964391
24,"Red Hook/Atlantic Basin","Thu",16,28.051282051282,27,10.2119072793994
24,"Red Hook/Atlantic Basin","Thu",17,25.6538461538462,25,6.79730069242907
24,"Red Hook/Atlantic Basin","Thu",18,27.525641025641,26.5,8.88706101474799
24,"Red Hook/Atlantic Basin","Thu",19,27.6923076923077,26,7.70445594176781
24,"Red Hook/Atlantic Basin","Thu",20,27.0384615384615,27,7.82676445015702
24,"Red Hook/Atlantic Basin","Thu",21,28.525641025641,28,7.13091742695029
24,"Red Hook/Atlantic Basin","Thu",22,29.4102564102564,29,7.7550752505177
24,"Red Hook/Atlantic Basin","Thu",23,27.1923076923077,26.5,8.05509871973121
24,"Red Hook/Atlantic Basin","Fri",0,22.8076923076923,21.5,8.89631135046181
24,"Red Hook/Atlantic Basin","Fri",1,14.1538461538462,12.5,7.56113940956184
24,"Red Hook/Atlantic Basin","Fri",2,11.3205128205128,10,7.23536335303783
24,"Red Hook/Atlantic Basin","Fri",3,8.11538461538461,6.5,7.05080039525912
24,"Red Hook/Atlantic Basin","Fri",4,6.6025641025641,6,4.94473284924302
24,"Red Hook/Atlantic Basin","Fri",5,5.17948717948718,5,4.12702084224214
24,"Red Hook/Atlantic Basin","Fri",6,5.61538461538461,5,4.42903867858293
24,"Red Hook/Atlantic Basin","Fri",7,5.01282051282051,4.5,3.65205364657967
24,"Red Hook/Atlantic Basin","Fri",8,7.25641025641026,7,4.8868652407706
24,"Red Hook/Atlantic Basin","Fri",9,8.7948717948718,7.5,6.48346342900907
24,"Red Hook/Atlantic Basin","Fri",10,19.9230769230769,22.5,10.6047884684957
24,"Red Hook/Atlantic Basin","Fri",11,26.5,26,8.25368866770347
24,"Red Hook/Atlantic Basin","Fri",12,30.0384615384615,29,7.73664296420898
24,"Red Hook/Atlantic Basin","Fri",13,29.9230769230769,30,8.88420344932909
24,"Red Hook/Atlantic Basin","Fri",14,29.3974358974359,29,7.81995406966573
24,"Red Hook/Atlantic Basin","Fri",15,29.2307692307692,28,8.32446414471846
24,"Red Hook/Atlantic Basin","Fri",16,27.8846153846154,25.5,10.7666883683693
24,"Red Hook/Atlantic Basin","Fri",17,27.7435897435897,24.5,9.37173963730874
24,"Red Hook/Atlantic Basin","Fri",18,29.1923076923077,27.5,8.76246080052398
24,"Red Hook/Atlantic Basin","Fri",19,28.3974358974359,26.5,8.32355403547978
24,"Red Hook/Atlantic Basin","Fri",20,25.7564102564103,25.5,8.23862600042983
24,"Red Hook/Atlantic Basin","Fri",21,25.4102564102564,25,7.9158494591972
24,"Red Hook/Atlantic Basin","Fri",22,26.948717948718,27,8.0838100761946
24,"Red Hook/Atlantic Basin","Fri",23,24.2692307692308,24,8.00271557306996
24,"Red Hook/Atlantic Basin","Sat",0,20.8974358974359,21,7.12338337748227
24,"Red Hook/Atlantic Basin","Sat",1,13.6666666666667,13,7.01513515280506
24,"Red Hook/Atlantic Basin","Sat",2,9.69230769230769,10,5.43989040260993
24,"Red Hook/Atlantic Basin","Sat",3,5.96153846153846,5,4.84149356501276
24,"Red Hook/Atlantic Basin","Sat",4,5.30769230769231,5,4.2771142483813
24,"Red Hook/Atlantic Basin","Sat",5,4.73076923076923,3,5.642310194917
24,"Red Hook/Atlantic Basin","Sat",6,4.41025641025641,4,4.28053855525334
24,"Red Hook/Atlantic Basin","Sat",7,5.71794871794872,5,5.58033987676316
24,"Red Hook/Atlantic Basin","Sat",8,5.15384615384615,4,4.3606175038617
24,"Red Hook/Atlantic Basin","Sat",9,4.5,4,4.48880280802695
24,"Red Hook/Atlantic Basin","Sat",10,8.07692307692308,6,7.01162157869613
24,"Red Hook/Atlantic Basin","Sat",11,10.3974358974359,9.5,7.10284330042434
24,"Red Hook/Atlantic Basin","Sat",12,12.4871794871795,11,7.82228516407739
24,"Red Hook/Atlantic Basin","Sat",13,18.2820512820513,19,9.36128728507461
24,"Red Hook/Atlantic Basin","Sat",14,26.6282051282051,25,8.48085540643799
24,"Red Hook/Atlantic Basin","Sat",15,31.5897435897436,29.5,12.1039178989627
24,"Red Hook/Atlantic Basin","Sat",16,31.9102564102564,28.5,12.1859892909166
24,"Red Hook/Atlantic Basin","Sat",17,31.025641025641,28,12.3361725093788
24,"Red Hook/Atlantic Basin","Sat",18,31.0128205128205,32.5,14.6796914134235
24,"Red Hook/Atlantic Basin","Sat",19,30.551282051282,28,11.9018141538666
24,"Red Hook/Atlantic Basin","Sat",20,28.8974358974359,25.5,13.03002501078
24,"Red Hook/Atlantic Basin","Sat",21,27.4230769230769,25,13.7099065810653
24,"Red Hook/Atlantic Basin","Sat",22,25.6923076923077,24,9.15566348366812
24,"Red Hook/Atlantic Basin","Sat",23,23.7564102564103,23,9.99114659701329
25,"Roosevelt Island","Sun",0,17.8589743589744,18,7.14547238170966
25,"Roosevelt Island","Sun",1,12.4358974358974,12.5,5.79652771922412
25,"Roosevelt Island","Sun",2,6.52564102564103,6,4.12381225394992
25,"Roosevelt Island","Sun",3,3.52564102564103,2,3.6847328366187
25,"Roosevelt Island","Sun",4,3.1025641025641,2,4.74434658396965
25,"Roosevelt Island","Sun",5,2.76923076923077,2,3.29865410146606
25,"Roosevelt Island","Sun",6,2.61538461538462,2,3.29986528347914
25,"Roosevelt Island","Sun",7,2.66666666666667,2,3.83986832386069
25,"Roosevelt Island","Sun",8,2.52564102564103,1.5,3.1734464814713
25,"Roosevelt Island","Sun",9,2.35897435897436,2,2.83289746113551
25,"Roosevelt Island","Sun",10,3.35897435897436,3,3.22721527247849
25,"Roosevelt Island","Sun",11,5.26923076923077,4,5.45744594876727
25,"Roosevelt Island","Sun",12,8.92307692307692,8,6.63475546045067
25,"Roosevelt Island","Sun",13,12.4487179487179,12,6.44184259333741
25,"Roosevelt Island","Sun",14,15.5128205128205,15,6.05332062943065
25,"Roosevelt Island","Sun",15,20.0641025641026,20.5,7.40890959534137
25,"Roosevelt Island","Sun",16,19.0769230769231,18,6.77997285894508
25,"Roosevelt Island","Sun",17,18.6282051282051,17,8.3993026524995
25,"Roosevelt Island","Sun",18,20.0384615384615,20,7.86648704197867
25,"Roosevelt Island","Sun",19,17.948717948718,16,8.31661993637843
25,"Roosevelt Island","Sun",20,16.5384615384615,14.5,6.64438500900212
25,"Roosevelt Island","Sun",21,15.7948717948718,15,6.84970181237219
25,"Roosevelt Island","Sun",22,16.0897435897436,15.5,6.16059091750787
25,"Roosevelt Island","Sun",23,14.5128205128205,14,5.3494594695835
25,"Roosevelt Island","Mon",0,14.9873417721519,14,6.22751065812648
25,"Roosevelt Island","Mon",1,10.1012658227848,10,5.16545462220639
25,"Roosevelt Island","Mon",2,5.77215189873418,5,4.86997437756806
25,"Roosevelt Island","Mon",3,2.9620253164557,2,2.96752956900864
25,"Roosevelt Island","Mon",4,3.34177215189873,2,3.99642813583024
25,"Roosevelt Island","Mon",5,3.29113924050633,2,3.35181504115414
25,"Roosevelt Island","Mon",6,2.83544303797468,2,3.18421740877238
25,"Roosevelt Island","Mon",7,2.69620253164557,2,3.31799456878022
25,"Roosevelt Island","Mon",8,3.9746835443038,2,4.40563358330749
25,"Roosevelt Island","Mon",9,5.93670886075949,6,4.09296385668136
25,"Roosevelt Island","Mon",10,12.0253164556962,12,6.40307354792293
25,"Roosevelt Island","Mon",11,17.2784810126582,17,7.1359269946765
25,"Roosevelt Island","Mon",12,21.0379746835443,21,7.04826408520108
25,"Roosevelt Island","Mon",13,21.2405063291139,21,6.9783827196113
25,"Roosevelt Island","Mon",14,19.7594936708861,20,5.88177365076263
25,"Roosevelt Island","Mon",15,21.8354430379747,21,8.21729005761294
25,"Roosevelt Island","Mon",16,18.379746835443,17,6.43966832532657
25,"Roosevelt Island","Mon",17,19.9493670886076,18,7.96611209449
25,"Roosevelt Island","Mon",18,20.2405063291139,19,6.92119596504086
25,"Roosevelt Island","Mon",19,16.0759493670886,15,6.04422197470069
25,"Roosevelt Island","Mon",20,16.746835443038,16,6.26645189436325
25,"Roosevelt Island","Mon",21,17.0253164556962,17,5.4348700443131
25,"Roosevelt Island","Mon",22,19.8607594936709,19,7.00683581466862
25,"Roosevelt Island","Mon",23,18.0126582278481,18,5.33612187729877
25,"Roosevelt Island","Tue",0,18.1794871794872,17.5,5.82369452456239
25,"Roosevelt Island","Tue",1,11.2307692307692,11,5.26424616752368
25,"Roosevelt Island","Tue",2,5.43589743589744,4,4.17036465934832
25,"Roosevelt Island","Tue",3,3.28205128205128,2,3.4972992767423
25,"Roosevelt Island","Tue",4,3.48717948717949,3,3.40261011251004
25,"Roosevelt Island","Tue",5,3.21794871794872,3,3.10695673500294
25,"Roosevelt Island","Tue",6,3.73076923076923,2,4.25692126088545
25,"Roosevelt Island","Tue",7,3.58974358974359,3,3.82213613163171
25,"Roosevelt Island","Tue",8,4.82051282051282,4,3.76499112550855
25,"Roosevelt Island","Tue",9,6.6025641025641,6,3.88583756733778
25,"Roosevelt Island","Tue",10,13.3974358974359,14,6.49343273351381
25,"Roosevelt Island","Tue",11,18.7564102564103,18,6.67070723374478
25,"Roosevelt Island","Tue",12,22.974358974359,24,7.06734645729116
25,"Roosevelt Island","Tue",13,21.6282051282051,21,5.89102106634573
25,"Roosevelt Island","Tue",14,21.051282051282,20.5,5.88614361417445
25,"Roosevelt Island","Tue",15,22.3974358974359,21,7.31896618842211
25,"Roosevelt Island","Tue",16,20.1538461538462,19.5,6.83588112310847
25,"Roosevelt Island","Tue",17,17.7948717948718,17.5,5.5111668794331
25,"Roosevelt Island","Tue",18,19.2179487179487,18,5.8457386763916
25,"Roosevelt Island","Tue",19,14.5897435897436,14,5.06948061438583
25,"Roosevelt Island","Tue",20,16.3974358974359,16,5.96600704770285
25,"Roosevelt Island","Tue",21,15.8333333333333,16,5.70808646415338
25,"Roosevelt Island","Tue",22,18.0641025641026,17,5.93982758853755
25,"Roosevelt Island","Tue",23,17.3846153846154,16,5.3384923433026
25,"Roosevelt Island","Wed",0,19.6153846153846,20,6.06508159757268
25,"Roosevelt Island","Wed",1,11.2179487179487,10,6.43579163113707
25,"Roosevelt Island","Wed",2,6.12820512820513,6,4.01736158930138
25,"Roosevelt Island","Wed",3,4.30769230769231,4,3.67620531451734
25,"Roosevelt Island","Wed",4,3.38461538461538,3,3.2642525416004
25,"Roosevelt Island","Wed",5,3.33333333333333,2,3.74397062185536
25,"Roosevelt Island","Wed",6,3.44871794871795,3,3.97278872872071
25,"Roosevelt Island","Wed",7,3.47435897435897,3,3.58830842820923
25,"Roosevelt Island","Wed",8,3.61538461538462,3,3.07579899547085
25,"Roosevelt Island","Wed",9,6.43589743589744,6,4.09177110095259
25,"Roosevelt Island","Wed",10,12.2564102564103,13,6.1145682912161
25,"Roosevelt Island","Wed",11,19.1923076923077,19,7.02510838721709
25,"Roosevelt Island","Wed",12,22.4615384615385,22,7.0686656425406
25,"Roosevelt Island","Wed",13,20.4615384615385,20,7.35852241607323
25,"Roosevelt Island","Wed",14,20.1923076923077,19,7.04541426304104
25,"Roosevelt Island","Wed",15,21.8076923076923,21,7.48861940409716
25,"Roosevelt Island","Wed",16,18.9871794871795,18,6.61264744464017
25,"Roosevelt Island","Wed",17,17.0769230769231,16,6.8105518413427
25,"Roosevelt Island","Wed",18,19.1794871794872,19,6.04688089553354
25,"Roosevelt Island","Wed",19,16.7564102564103,16,6.18373630894742
25,"Roosevelt Island","Wed",20,16.6410256410256,16,7.47285018205837
25,"Roosevelt Island","Wed",21,17.3846153846154,17,4.81132530066832
25,"Roosevelt Island","Wed",22,19.1794871794872,18,6.01025874012177
25,"Roosevelt Island","Wed",23,18.1025641025641,17,5.66279666483497
25,"Roosevelt Island","Thu",0,18.2179487179487,18,5.63764581035828
25,"Roosevelt Island","Thu",1,11.9102564102564,11,6.66681235272052
25,"Roosevelt Island","Thu",2,6.3974358974359,6,4.28933968093399
25,"Roosevelt Island","Thu",3,3.35897435897436,3,2.84661730888261
25,"Roosevelt Island","Thu",4,2.88461538461538,2,3.63239668735474
25,"Roosevelt Island","Thu",5,4.12820512820513,3,4.27423259416989
25,"Roosevelt Island","Thu",6,2.75641025641026,2,3.43846045825895
25,"Roosevelt Island","Thu",7,3.34615384615385,2.5,3.34907206794415
25,"Roosevelt Island","Thu",8,3.26923076923077,3,3.11124093888921
25,"Roosevelt Island","Thu",9,6.19230769230769,5,4.2580944836122
25,"Roosevelt Island","Thu",10,12.6666666666667,14,6.37907835761881
25,"Roosevelt Island","Thu",11,17.6282051282051,17,6.75952233453979
25,"Roosevelt Island","Thu",12,21.9230769230769,20,8.42193985546507
25,"Roosevelt Island","Thu",13,20.6282051282051,20,6.49896889795579
25,"Roosevelt Island","Thu",14,20.551282051282,19,7.12531145074117
25,"Roosevelt Island","Thu",15,21.8333333333333,22,6.97754592863044
25,"Roosevelt Island","Thu",16,19.6153846153846,19,7.56827069274886
25,"Roosevelt Island","Thu",17,19.5641025641026,17,8.80907109743891
25,"Roosevelt Island","Thu",18,19.2051282051282,18.5,7.35793409451282
25,"Roosevelt Island","Thu",19,16.5128205128205,15,6.1933009257565
25,"Roosevelt Island","Thu",20,16.7435897435897,16,6.47760557300103
25,"Roosevelt Island","Thu",21,17.7564102564103,17,6.03493271879753
25,"Roosevelt Island","Thu",22,19.8974358974359,19,7.34243977921657
25,"Roosevelt Island","Thu",23,18.6025641025641,18,5.72154675206777
25,"Roosevelt Island","Fri",0,18.8974358974359,19,4.8365216211593
25,"Roosevelt Island","Fri",1,12.1794871794872,11,6.47621740998493
25,"Roosevelt Island","Fri",2,6.97435897435897,5.5,5.68199333729355
25,"Roosevelt Island","Fri",3,4.12820512820513,3,4.20376755680683
25,"Roosevelt Island","Fri",4,3.93589743589744,3,4.31349360799655
25,"Roosevelt Island","Fri",5,3.37179487179487,2,3.65424135129028
25,"Roosevelt Island","Fri",6,3.24358974358974,2,3.97127967676192
25,"Roosevelt Island","Fri",7,3.48717948717949,2,3.90718149899224
25,"Roosevelt Island","Fri",8,3.7948717948718,3,3.30823048537869
25,"Roosevelt Island","Fri",9,7.37179487179487,6,5.55517536716649
25,"Roosevelt Island","Fri",10,12.8589743589744,13,6.58752137722815
25,"Roosevelt Island","Fri",11,18.8589743589744,18,5.79906924680195
25,"Roosevelt Island","Fri",12,23.2307692307692,23,5.87515808446739
25,"Roosevelt Island","Fri",13,20.8461538461538,21,6.81304501802112
25,"Roosevelt Island","Fri",14,20.0897435897436,20,6.62577787138479
25,"Roosevelt Island","Fri",15,23.6153846153846,23,8.71069020664401
25,"Roosevelt Island","Fri",16,19.0641025641026,17,7.5098891402227
25,"Roosevelt Island","Fri",17,17.5384615384615,16,6.90509374884365
25,"Roosevelt Island","Fri",18,19.1410256410256,18,7.42184273504563
25,"Roosevelt Island","Fri",19,16.5897435897436,16,5.63254895456824
25,"Roosevelt Island","Fri",20,16.2564102564103,15,7.14313019791107
25,"Roosevelt Island","Fri",21,16.551282051282,16,6.55178658275034
25,"Roosevelt Island","Fri",22,19.448717948718,19,7.10157735523601
25,"Roosevelt Island","Fri",23,17.8076923076923,16,6.86617474612725
25,"Roosevelt Island","Sat",0,18.4871794871795,19,7.52095529602248
25,"Roosevelt Island","Sat",1,11,10.5,5.76149331291855
25,"Roosevelt Island","Sat",2,7.2948717948718,6,5.43702787019453
25,"Roosevelt Island","Sat",3,3.8974358974359,3,3.95622062727569
25,"Roosevelt Island","Sat",4,3.21794871794872,2,3.86676627841423
25,"Roosevelt Island","Sat",5,2.79487179487179,2,3.29643244530612
25,"Roosevelt Island","Sat",6,2.46153846153846,2,3.41003982797439
25,"Roosevelt Island","Sat",7,3.11538461538462,2,3.43012161092493
25,"Roosevelt Island","Sat",8,2.93589743589744,2,3.48778850629861
25,"Roosevelt Island","Sat",9,2.5,1.5,3.28613774798034
25,"Roosevelt Island","Sat",10,2.92307692307692,2,2.8774503088186
25,"Roosevelt Island","Sat",11,5.82051282051282,5,4.92474164328244
25,"Roosevelt Island","Sat",12,9.69230769230769,8,7.2332344300237
25,"Roosevelt Island","Sat",13,13.1153846153846,13,6.29363886077761
25,"Roosevelt Island","Sat",14,16.7564102564103,15,6.77310551925469
25,"Roosevelt Island","Sat",15,20.2564102564103,18,8.19159515004441
25,"Roosevelt Island","Sat",16,20.3717948717949,19,7.21129880831675
25,"Roosevelt Island","Sat",17,20.4871794871795,19,8.89001130664641
25,"Roosevelt Island","Sat",18,22.1538461538462,21,9.73022726750628
25,"Roosevelt Island","Sat",19,19.5384615384615,18,8.77820841954343
25,"Roosevelt Island","Sat",20,16.7948717948718,16,5.97040096188587
25,"Roosevelt Island","Sat",21,16.2564102564103,15,6.62430765298924
25,"Roosevelt Island","Sat",22,17.6923076923077,17,6.78866069898283
25,"Roosevelt Island","Sat",23,15.2051282051282,14,5.31930806543843
48,"Rockaway Point Boulevard & Beach 169th Street","Sun",0,0.0512820512820513,0,0.356659679815545
48,"Rockaway Point Boulevard & Beach 169th Street","Sun",1,0.128205128205128,0,0.566579492227102
48,"Rockaway Point Boulevard & Beach 169th Street","Sun",2,0.115384615384615,0,0.42581531362632
48,"Rockaway Point Boulevard & Beach 169th Street","Sun",3,0,0,0
48,"Rockaway Point Boulevard & Beach 169th Street","Sun",4,0,0,0
48,"Rockaway Point Boulevard & Beach 169th Street","Sun",5,0,0,0
48,"Rockaway Point Boulevard & Beach 169th Street","Sun",6,0,0,0
48,"Rockaway Point Boulevard & Beach 169th Street","Sun",7,0,0,0
48,"Rockaway Point Boulevard & Beach 169th Street","Sun",8,0,0,0
48,"Rockaway Point Boulevard & Beach 169th Street","Sun",9,0,0,0
48,"Rockaway Point Boulevard & Beach 169th Street","Sun",10,0.0128205128205128,0,0.11322770341446
48,"Rockaway Point Boulevard & Beach 169th Street","Sun",11,0,0,0
48,"Rockaway Point Boulevard & Beach 169th Street","Sun",12,0.217948717948718,0,1.05248544299938
48,"Rockaway Point Boulevard & Beach 169th Street","Sun",13,0.346153846153846,0,1.29761942950011
48,"Rockaway Point Boulevard & Beach 169th Street","Sun",14,0.448717948717949,0,1.1007368948217
48,"Rockaway Point Boulevard & Beach 169th Street","Sun",15,0.576923076923077,0,1.30452987769472
48,"Rockaway Point Boulevard & Beach 169th Street","Sun",16,0.192307692307692,0,0.665625227178886
48,"Rockaway Point Boulevard & Beach 169th Street","Sun",17,0.217948717948718,0,0.714368959518125
48,"Rockaway Point Boulevard & Beach 169th Street","Sun",18,0.294871794871795,0,1.03332742524602
48,"Rockaway Point Boulevard & Beach 169th Street","Sun",19,0.153846153846154,0,0.912779728722562
48,"Rockaway Point Boulevard & Beach 169th Street","Sun",20,0.102564102564103,0,0.381035621941237
48,"Rockaway Point Boulevard & Beach 169th Street","Sun",21,0.141025641025641,0,0.52778288960024
48,"Rockaway Point Boulevard & Beach 169th Street","Sun",22,0.17948717948718,0,0.618829849757091
48,"Rockaway Point Boulevard & Beach 169th Street","Sun",23,0.205128205128205,0,0.690547954060018
48,"Rockaway Point Boulevard & Beach 169th Street","Mon",0,0.0379746835443038,0,0.250283837574183
48,"Rockaway Point Boulevard & Beach 169th Street","Mon",1,0.0506329113924051,0,0.354412991644696
48,"Rockaway Point Boulevard & Beach 169th Street","Mon",2,0.0126582278481013,0,0.112508790092602
48,"Rockaway Point Boulevard & Beach 169th Street","Mon",3,0.0253164556962025,0,0.225017580185205
48,"Rockaway Point Boulevard & Beach 169th Street","Mon",4,0,0,0
48,"Rockaway Point Boulevard & Beach 169th Street","Mon",5,0,0,0
48,"Rockaway Point Boulevard & Beach 169th Street","Mon",6,0,0,0
48,"Rockaway Point Boulevard & Beach 169th Street","Mon",7,0,0,0
48,"Rockaway Point Boulevard & Beach 169th Street","Mon",8,0,0,0
48,"Rockaway Point Boulevard & Beach 169th Street","Mon",9,0,0,0
48,"Rockaway Point Boulevard & Beach 169th Street","Mon",10,0.0379746835443038,0,0.250283837574183
48,"Rockaway Point Boulevard & Beach 169th Street","Mon",11,0.0506329113924051,0,0.354412991644696
48,"Rockaway Point Boulevard & Beach 169th Street","Mon",12,0,0,0
48,"Rockaway Point Boulevard & Beach 169th Street","Mon",13,0.113924050632911,0,0.480046519437865
48,"Rockaway Point Boulevard & Beach 169th Street","Mon",14,0.164556962025316,0,0.629007760476268
48,"Rockaway Point Boulevard & Beach 169th Street","Mon",15,0.126582278481013,0,0.606948834230884
48,"Rockaway Point Boulevard & Beach 169th Street","Mon",16,0.10126582278481,0,0.568284343527951
48,"Rockaway Point Boulevard & Beach 169th Street","Mon",17,0.151898734177215,0,0.50860814584906
48,"Rockaway Point Boulevard & Beach 169th Street","Mon",18,0.455696202531646,0,1.23825216306872
48,"Rockaway Point Boulevard & Beach 169th Street","Mon",19,0.0379746835443038,0,0.250283837574183
48,"Rockaway Point Boulevard & Beach 169th Street","Mon",20,0.0759493670886076,0,0.38471274327651
48,"Rockaway Point Boulevard & Beach 169th Street","Mon",21,0.291139240506329,0,0.818878199737021
48,"Rockaway Point Boulevard & Beach 169th Street","Mon",22,0.40506329113924,0,0.980828892547368
48,"Rockaway Point Boulevard & Beach 169th Street","Mon",23,0.291139240506329,0,0.718829153664757
48,"Rockaway Point Boulevard & Beach 169th Street","Tue",0,0.371794871794872,0,1.15217439109964
48,"Rockaway Point Boulevard & Beach 169th Street","Tue",1,0.153846153846154,0,0.883865816297237
48,"Rockaway Point Boulevard & Beach 169th Street","Tue",2,0.0384615384615385,0,0.251866161753745
48,"Rockaway Point Boulevard & Beach 169th Street","Tue",3,0,0,0
48,"Rockaway Point Boulevard & Beach 169th Street","Tue",4,0,0,0
48,"Rockaway Point Boulevard & Beach 169th Street","Tue",5,0,0,0
48,"Rockaway Point Boulevard & Beach 169th Street","Tue",6,0,0,0
48,"Rockaway Point Boulevard & Beach 169th Street","Tue",7,0,0,0
48,"Rockaway Point Boulevard & Beach 169th Street","Tue",8,0,0,0
48,"Rockaway Point Boulevard & Beach 169th Street","Tue",9,0,0,0
48,"Rockaway Point Boulevard & Beach 169th Street","Tue",10,0.0641025641025641,0,0.335738905580829
48,"Rockaway Point Boulevard & Beach 169th Street","Tue",11,0.0384615384615385,0,0.251866161753745
48,"Rockaway Point Boulevard & Beach 169th Street","Tue",12,0.115384615384615,0,0.482976949001434
48,"Rockaway Point Boulevard & Beach 169th Street","Tue",13,0.564102564102564,0,1.46464608188741
48,"Rockaway Point Boulevard & Beach 169th Street","Tue",14,0.320512820512821,0,1.13381999697826
48,"Rockaway Point Boulevard & Beach 169th Street","Tue",15,0.243589743589744,0,0.668121954726042
48,"Rockaway Point Boulevard & Beach 169th Street","Tue",16,0.243589743589744,0,0.808813423589862
48,"Rockaway Point Boulevard & Beach 169th Street","Tue",17,0.230769230769231,0,0.820564850165223
48,"Rockaway Point Boulevard & Beach 169th Street","Tue",18,0.217948717948718,0,1.00191292227893
48,"Rockaway Point Boulevard & Beach 169th Street","Tue",19,0.205128205128205,0,0.902506960925408
48,"Rockaway Point Boulevard & Beach 169th Street","Tue",20,0.128205128205128,0,0.493041826917598
48,"Rockaway Point Boulevard & Beach 169th Street","Tue",21,0.384615384615385,0,0.996497362267956
48,"Rockaway Point Boulevard & Beach 169th Street","Tue",22,0.756410256410256,0,1.41591966750536
48,"Rockaway Point Boulevard & Beach 169th Street","Tue",23,0.217948717948718,0,0.525886657519257
48,"Rockaway Point Boulevard & Beach 169th Street","Wed",0,0.243589743589744,0,0.824713999004006
48,"Rockaway Point Boulevard & Beach 169th Street","Wed",1,0.192307692307692,0,0.684858356911098
48,"Rockaway Point Boulevard & Beach 169th Street","Wed",2,0.0641025641025641,0,0.294527735105858
48,"Rockaway Point Boulevard & Beach 169th Street","Wed",3,0,0,0
48,"Rockaway Point Boulevard & Beach 169th Street","Wed",4,0,0,0
48,"Rockaway Point Boulevard & Beach 169th Street","Wed",5,0,0,0
48,"Rockaway Point Boulevard & Beach 169th Street","Wed",6,0,0,0
48,"Rockaway Point Boulevard & Beach 169th Street","Wed",7,0,0,0
48,"Rockaway Point Boulevard & Beach 169th Street","Wed",8,0.0128205128205128,0,0.11322770341446
48,"Rockaway Point Boulevard & Beach 169th Street","Wed",9,0.0256410256410256,0,0.226455406828919
48,"Rockaway Point Boulevard & Beach 169th Street","Wed",10,0.0641025641025641,0,0.294527735105858
48,"Rockaway Point Boulevard & Beach 169th Street","Wed",11,0.0512820512820513,0,0.274332052917765
48,"Rockaway Point Boulevard & Beach 169th Street","Wed",12,0.153846153846154,0,0.838627869377535
48,"Rockaway Point Boulevard & Beach 169th Street","Wed",13,0.282051282051282,0,0.804168295002138
48,"Rockaway Point Boulevard & Beach 169th Street","Wed",14,0.346153846153846,0,1.1261579677078
48,"Rockaway Point Boulevard & Beach 169th Street","Wed",15,0.333333333333333,0,1.15844349969748
48,"Rockaway Point Boulevard & Beach 169th Street","Wed",16,0.320512820512821,0,1.01282156661849
48,"Rockaway Point Boulevard & Beach 169th Street","Wed",17,0.358974358974359,0,1.12785693776351
48,"Rockaway Point Boulevard & Beach 169th Street","Wed",18,0.141025641025641,0,0.502574126453753
48,"Rockaway Point Boulevard & Beach 169th Street","Wed",19,0.128205128205128,0,0.651850001847376
48,"Rockaway Point Boulevard & Beach 169th Street","Wed",20,0.0769230769230769,0,0.419313934688767
48,"Rockaway Point Boulevard & Beach 169th Street","Wed",21,0.192307692307692,0,0.55963096160489
48,"Rockaway Point Boulevard & Beach 169th Street","Wed",22,0.358974358974359,0,0.85241229848397
48,"Rockaway Point Boulevard & Beach 169th Street","Wed",23,0.115384615384615,0,0.45529408879614
48,"Rockaway Point Boulevard & Beach 169th Street","Thu",0,0.128205128205128,0,0.566579492227102
48,"Rockaway Point Boulevard & Beach 169th Street","Thu",1,0.0641025641025641,0,0.372417291079024
48,"Rockaway Point Boulevard & Beach 169th Street","Thu",2,0,0,0
48,"Rockaway Point Boulevard & Beach 169th Street","Thu",3,0,0,0
48,"Rockaway Point Boulevard & Beach 169th Street","Thu",4,0,0,0
48,"Rockaway Point Boulevard & Beach 169th Street","Thu",5,0,0,0
48,"Rockaway Point Boulevard & Beach 169th Street","Thu",6,0,0,0
48,"Rockaway Point Boulevard & Beach 169th Street","Thu",7,0,0,0
48,"Rockaway Point Boulevard & Beach 169th Street","Thu",8,0,0,0
48,"Rockaway Point Boulevard & Beach 169th Street","Thu",9,0,0,0
48,"Rockaway Point Boulevard & Beach 169th Street","Thu",10,0,0,0
48,"Rockaway Point Boulevard & Beach 169th Street","Thu",11,0,0,0
48,"Rockaway Point Boulevard & Beach 169th Street","Thu",12,0.102564102564103,0,0.381035621941237
48,"Rockaway Point Boulevard & Beach 169th Street","Thu",13,0.153846153846154,0,0.582803860368426
48,"Rockaway Point Boulevard & Beach 169th Street","Thu",14,0.243589743589744,0,0.759115983402454
48,"Rockaway Point Boulevard & Beach 169th Street","Thu",15,0.0769230769230769,0,0.351960401005744
48,"Rockaway Point Boulevard & Beach 169th Street","Thu",16,0.192307692307692,0,0.582375170453583
48,"Rockaway Point Boulevard & Beach 169th Street","Thu",17,0.307692307692308,0,0.98439370631418
48,"Rockaway Point Boulevard & Beach 169th Street","Thu",18,0.17948717948718,0,0.785313069238387
48,"Rockaway Point Boulevard & Beach 169th Street","Thu",19,0.17948717948718,0,0.734026252115371
48,"Rockaway Point Boulevard & Beach 169th Street","Thu",20,0.230769230769231,0,0.804582281281814
48,"Rockaway Point Boulevard & Beach 169th Street","Thu",21,0.333333333333333,0,0.892489101634746
48,"Rockaway Point Boulevard & Beach 169th Street","Thu",22,0.371794871794872,0,1.57998006200616
48,"Rockaway Point Boulevard & Beach 169th Street","Thu",23,0.102564102564103,0,0.305352408276229
48,"Rockaway Point Boulevard & Beach 169th Street","Fri",0,0.102564102564103,0,0.472345448914481
48,"Rockaway Point Boulevard & Beach 169th Street","Fri",1,0.0641025641025641,0,0.294527735105858
48,"Rockaway Point Boulevard & Beach 169th Street","Fri",2,0.0384615384615385,0,0.251866161753745
48,"Rockaway Point Boulevard & Beach 169th Street","Fri",3,0.0256410256410256,0,0.226455406828919
48,"Rockaway Point Boulevard & Beach 169th Street","Fri",4,0,0,0
48,"Rockaway Point Boulevard & Beach 169th Street","Fri",5,0,0,0
48,"Rockaway Point Boulevard & Beach 169th Street","Fri",6,0,0,0
48,"Rockaway Point Boulevard & Beach 169th Street","Fri",7,0,0,0
48,"Rockaway Point Boulevard & Beach 169th Street","Fri",8,0,0,0
48,"Rockaway Point Boulevard & Beach 169th Street","Fri",9,0,0,0
48,"Rockaway Point Boulevard & Beach 169th Street","Fri",10,0,0,0
48,"Rockaway Point Boulevard & Beach 169th Street","Fri",11,0.0641025641025641,0,0.294527735105858
48,"Rockaway Point Boulevard & Beach 169th Street","Fri",12,0.102564102564103,0,0.694874436751333
48,"Rockaway Point Boulevard & Beach 169th Street","Fri",13,0.294871794871795,0,0.757798834954947
48,"Rockaway Point Boulevard & Beach 169th Street","Fri",14,0.346153846153846,0,1.05469787730307
48,"Rockaway Point Boulevard & Beach 169th Street","Fri",15,0.269230769230769,0,0.832350402659356
48,"Rockaway Point Boulevard & Beach 169th Street","Fri",16,0.243589743589744,0,0.955991325232303
48,"Rockaway Point Boulevard & Beach 169th Street","Fri",17,0.333333333333333,0,1.0403129732206
48,"Rockaway Point Boulevard & Beach 169th Street","Fri",18,0.346153846153846,0,1.20418019832995
48,"Rockaway Point Boulevard & Beach 169th Street","Fri",19,0.333333333333333,0,1.10096376512636
48,"Rockaway Point Boulevard & Beach 169th Street","Fri",20,0.102564102564103,0,0.548664105835529
48,"Rockaway Point Boulevard & Beach 169th Street","Fri",21,0.346153846153846,0,0.865304136561966
48,"Rockaway Point Boulevard & Beach 169th Street","Fri",22,0.269230769230769,0,0.816598534674883
48,"Rockaway Point Boulevard & Beach 169th Street","Fri",23,0.346153846153846,0,0.80302873227248
48,"Rockaway Point Boulevard & Beach 169th Street","Sat",0,0.205128205128205,0,0.811587739357033
48,"Rockaway Point Boulevard & Beach 169th Street","Sat",1,0.17948717948718,0,0.716114874039432
48,"Rockaway Point Boulevard & Beach 169th Street","Sat",2,0.0384615384615385,0,0.193552415284691
48,"Rockaway Point Boulevard & Beach 169th Street","Sat",3,0,0,0
48,"Rockaway Point Boulevard & Beach 169th Street","Sat",4,0,0,0
48,"Rockaway Point Boulevard & Beach 169th Street","Sat",5,0,0,0
48,"Rockaway Point Boulevard & Beach 169th Street","Sat",6,0,0,0
48,"Rockaway Point Boulevard & Beach 169th Street","Sat",7,0,0,0
48,"Rockaway Point Boulevard & Beach 169th Street","Sat",8,0,0,0
48,"Rockaway Point Boulevard & Beach 169th Street","Sat",9,0,0,0
48,"Rockaway Point Boulevard & Beach 169th Street","Sat",10,0.0512820512820513,0,0.31816992509051
48,"Rockaway Point Boulevard & Beach 169th Street","Sat",11,0.0128205128205128,0,0.11322770341446
48,"Rockaway Point Boulevard & Beach 169th Street","Sat",12,0.0641025641025641,0,0.294527735105858
48,"Rockaway Point Boulevard & Beach 169th Street","Sat",13,0.58974358974359,0,1.79780455892771
48,"Rockaway Point Boulevard & Beach 169th Street","Sat",14,0.243589743589744,0,0.792593923901216
48,"Rockaway Point Boulevard & Beach 169th Street","Sat",15,0.371794871794872,0,0.981768538846843
48,"Rockaway Point Boulevard & Beach 169th Street","Sat",16,0.435897435897436,0,1.61639123133003
48,"Rockaway Point Boulevard & Beach 169th Street","Sat",17,0.192307692307692,0,0.806752223950545
48,"Rockaway Point Boulevard & Beach 169th Street","Sat",18,0.17948717948718,0,0.67887588031426
48,"Rockaway Point Boulevard & Beach 169th Street","Sat",19,0.230769230769231,0,0.965953898002867
48,"Rockaway Point Boulevard & Beach 169th Street","Sat",20,0.0897435897435897,0,0.400839943958509
48,"Rockaway Point Boulevard & Beach 169th Street","Sat",21,0.269230769230769,0,0.862992030528234
48,"Rockaway Point Boulevard & Beach 169th Street","Sat",22,0.153846153846154,0,0.536388187521209
48,"Rockaway Point Boulevard & Beach 169th Street","Sat",23,0.294871794871795,0,0.86952703010157
49,"Jacob Riis Park Road/Bath House","Sun",0,0,0,0
49,"Jacob Riis Park Road/Bath House","Sun",1,0,0,0
49,"Jacob Riis Park Road/Bath House","Sun",2,0,0,0
49,"Jacob Riis Park Road/Bath House","Sun",3,0,0,0
49,"Jacob Riis Park Road/Bath House","Sun",4,0,0,0
49,"Jacob Riis Park Road/Bath House","Sun",5,0,0,0
49,"Jacob Riis Park Road/Bath House","Sun",6,0,0,0
49,"Jacob Riis Park Road/Bath House","Sun",7,0,0,0
49,"Jacob Riis Park Road/Bath House","Sun",8,0,0,0
49,"Jacob Riis Park Road/Bath House","Sun",9,0,0,0
49,"Jacob Riis Park Road/Bath House","Sun",10,0,0,0
49,"Jacob Riis Park Road/Bath House","Sun",11,0,0,0
49,"Jacob Riis Park Road/Bath House","Sun",12,0,0,0
49,"Jacob Riis Park Road/Bath House","Sun",13,0,0,0
49,"Jacob Riis Park Road/Bath House","Sun",14,0.0769230769230769,0,0.575906530322701
49,"Jacob Riis Park Road/Bath House","Sun",15,0,0,0
49,"Jacob Riis Park Road/Bath House","Sun",16,0.0384615384615385,0,0.251866161753745
49,"Jacob Riis Park Road/Bath House","Sun",17,0,0,0
49,"Jacob Riis Park Road/Bath House","Sun",18,0.0384615384615385,0,0.339683110243379
49,"Jacob Riis Park Road/Bath House","Sun",19,0,0,0
49,"Jacob Riis Park Road/Bath House","Sun",20,0.0769230769230769,0,0.679366220486758
49,"Jacob Riis Park Road/Bath House","Sun",21,0.0128205128205128,0,0.11322770341446
49,"Jacob Riis Park Road/Bath House","Sun",22,0,0,0
49,"Jacob Riis Park Road/Bath House","Sun",23,0.0384615384615385,0,0.251866161753745
49,"Jacob Riis Park Road/Bath House","Mon",0,0.0253164556962025,0,0.158088221418863
49,"Jacob Riis Park Road/Bath House","Mon",1,0,0,0
49,"Jacob Riis Park Road/Bath House","Mon",2,0,0,0
49,"Jacob Riis Park Road/Bath House","Mon",3,0,0,0
49,"Jacob Riis Park Road/Bath House","Mon",4,0,0,0
49,"Jacob Riis Park Road/Bath House","Mon",5,0,0,0
49,"Jacob Riis Park Road/Bath House","Mon",6,0,0,0
49,"Jacob Riis Park Road/Bath House","Mon",7,0,0,0
49,"Jacob Riis Park Road/Bath House","Mon",8,0,0,0
49,"Jacob Riis Park Road/Bath House","Mon",9,0,0,0
49,"Jacob Riis Park Road/Bath House","Mon",10,0,0,0
49,"Jacob Riis Park Road/Bath House","Mon",11,0,0,0
49,"Jacob Riis Park Road/Bath House","Mon",12,0.0253164556962025,0,0.225017580185205
49,"Jacob Riis Park Road/Bath House","Mon",13,0,0,0
49,"Jacob Riis Park Road/Bath House","Mon",14,0,0,0
49,"Jacob Riis Park Road/Bath House","Mon",15,0,0,0
49,"Jacob Riis Park Road/Bath House","Mon",16,0.113924050632911,0,1.01257911083342
49,"Jacob Riis Park Road/Bath House","Mon",17,0.0379746835443038,0,0.337526370277807
49,"Jacob Riis Park Road/Bath House","Mon",18,0,0,0
49,"Jacob Riis Park Road/Bath House","Mon",19,0.0126582278481013,0,0.112508790092602
49,"Jacob Riis Park Road/Bath House","Mon",20,0.0253164556962025,0,0.158088221418863
49,"Jacob Riis Park Road/Bath House","Mon",21,0.0126582278481013,0,0.112508790092602
49,"Jacob Riis Park Road/Bath House","Mon",22,0.0253164556962025,0,0.158088221418863
49,"Jacob Riis Park Road/Bath House","Mon",23,0,0,0
49,"Jacob Riis Park Road/Bath House","Tue",0,0,0,0
49,"Jacob Riis Park Road/Bath House","Tue",1,0,0,0
49,"Jacob Riis Park Road/Bath House","Tue",2,0,0,0
49,"Jacob Riis Park Road/Bath House","Tue",3,0,0,0
49,"Jacob Riis Park Road/Bath House","Tue",4,0,0,0
49,"Jacob Riis Park Road/Bath House","Tue",5,0,0,0
49,"Jacob Riis Park Road/Bath House","Tue",6,0,0,0
49,"Jacob Riis Park Road/Bath House","Tue",7,0,0,0
49,"Jacob Riis Park Road/Bath House","Tue",8,0,0,0
49,"Jacob Riis Park Road/Bath House","Tue",9,0,0,0
49,"Jacob Riis Park Road/Bath House","Tue",10,0,0,0
49,"Jacob Riis Park Road/Bath House","Tue",11,0,0,0
49,"Jacob Riis Park Road/Bath House","Tue",12,0,0,0
49,"Jacob Riis Park Road/Bath House","Tue",13,0,0,0
49,"Jacob Riis Park Road/Bath House","Tue",14,0,0,0
49,"Jacob Riis Park Road/Bath House","Tue",15,0.0384615384615385,0,0.251866161753745
49,"Jacob Riis Park Road/Bath House","Tue",16,0.0512820512820513,0,0.452910813657838
49,"Jacob Riis Park Road/Bath House","Tue",17,0.0897435897435897,0,0.687285219076455
49,"Jacob Riis Park Road/Bath House","Tue",18,0.0897435897435897,0,0.792593923901216
49,"Jacob Riis Park Road/Bath House","Tue",19,0,0,0
49,"Jacob Riis Park Road/Bath House","Tue",20,0.0512820512820513,0,0.452910813657838
49,"Jacob Riis Park Road/Bath House","Tue",21,0.0256410256410256,0,0.159084962545255
49,"Jacob Riis Park Road/Bath House","Tue",22,0.0256410256410256,0,0.159084962545255
49,"Jacob Riis Park Road/Bath House","Tue",23,0,0,0
49,"Jacob Riis Park Road/Bath House","Wed",0,0,0,0
49,"Jacob Riis Park Road/Bath House","Wed",1,0,0,0
49,"Jacob Riis Park Road/Bath House","Wed",2,0,0,0
49,"Jacob Riis Park Road/Bath House","Wed",3,0,0,0
49,"Jacob Riis Park Road/Bath House","Wed",4,0,0,0
49,"Jacob Riis Park Road/Bath House","Wed",5,0,0,0
49,"Jacob Riis Park Road/Bath House","Wed",6,0,0,0
49,"Jacob Riis Park Road/Bath House","Wed",7,0,0,0
49,"Jacob Riis Park Road/Bath House","Wed",8,0,0,0
49,"Jacob Riis Park Road/Bath House","Wed",9,0,0,0
49,"Jacob Riis Park Road/Bath House","Wed",10,0,0,0
49,"Jacob Riis Park Road/Bath House","Wed",11,0.0512820512820513,0,0.452910813657838
49,"Jacob Riis Park Road/Bath House","Wed",12,0,0,0
49,"Jacob Riis Park Road/Bath House","Wed",13,0.0128205128205128,0,0.11322770341446
49,"Jacob Riis Park Road/Bath House","Wed",14,0.128205128205128,0,0.811587739357032
49,"Jacob Riis Park Road/Bath House","Wed",15,0.166666666666667,0,0.985830346389006
49,"Jacob Riis Park Road/Bath House","Wed",16,0.141025641025641,0,0.86376342020674
49,"Jacob Riis Park Road/Bath House","Wed",17,0.0384615384615385,0,0.339683110243379
49,"Jacob Riis Park Road/Bath House","Wed",18,0.0512820512820513,0,0.452910813657838
49,"Jacob Riis Park Road/Bath House","Wed",19,0.0641025641025641,0,0.405793869678516
49,"Jacob Riis Park Road/Bath House","Wed",20,0.102564102564103,0,0.65643158889745
49,"Jacob Riis Park Road/Bath House","Wed",21,0,0,0
49,"Jacob Riis Park Road/Bath House","Wed",22,0,0,0
49,"Jacob Riis Park Road/Bath House","Wed",23,0,0,0
49,"Jacob Riis Park Road/Bath House","Thu",0,0.0769230769230769,0,0.679366220486758
49,"Jacob Riis Park Road/Bath House","Thu",1,0,0,0
49,"Jacob Riis Park Road/Bath House","Thu",2,0,0,0
49,"Jacob Riis Park Road/Bath House","Thu",3,0,0,0
49,"Jacob Riis Park Road/Bath House","Thu",4,0,0,0
49,"Jacob Riis Park Road/Bath House","Thu",5,0,0,0
49,"Jacob Riis Park Road/Bath House","Thu",6,0,0,0
49,"Jacob Riis Park Road/Bath House","Thu",7,0,0,0
49,"Jacob Riis Park Road/Bath House","Thu",8,0,0,0
49,"Jacob Riis Park Road/Bath House","Thu",9,0,0,0
49,"Jacob Riis Park Road/Bath House","Thu",10,0,0,0
49,"Jacob Riis Park Road/Bath House","Thu",11,0,0,0
49,"Jacob Riis Park Road/Bath House","Thu",12,0,0,0
49,"Jacob Riis Park Road/Bath House","Thu",13,0,0,0
49,"Jacob Riis Park Road/Bath House","Thu",14,0.0128205128205128,0,0.11322770341446
49,"Jacob Riis Park Road/Bath House","Thu",15,0,0,0
49,"Jacob Riis Park Road/Bath House","Thu",16,0,0,0
49,"Jacob Riis Park Road/Bath House","Thu",17,0,0,0
49,"Jacob Riis Park Road/Bath House","Thu",18,0.0769230769230769,0,0.503732323507489
49,"Jacob Riis Park Road/Bath House","Thu",19,0.0384615384615385,0,0.339683110243379
49,"Jacob Riis Park Road/Bath House","Thu",20,0,0,0
49,"Jacob Riis Park Road/Bath House","Thu",21,0.0641025641025641,0,0.566138517072298
49,"Jacob Riis Park Road/Bath House","Thu",22,0.0128205128205128,0,0.11322770341446
49,"Jacob Riis Park Road/Bath House","Thu",23,0.0256410256410256,0,0.159084962545255
49,"Jacob Riis Park Road/Bath House","Fri",0,0,0,0
49,"Jacob Riis Park Road/Bath House","Fri",1,0.0128205128205128,0,0.11322770341446
49,"Jacob Riis Park Road/Bath House","Fri",2,0,0,0
49,"Jacob Riis Park Road/Bath House","Fri",3,0,0,0
49,"Jacob Riis Park Road/Bath House","Fri",4,0,0,0
49,"Jacob Riis Park Road/Bath House","Fri",5,0,0,0
49,"Jacob Riis Park Road/Bath House","Fri",6,0,0,0
49,"Jacob Riis Park Road/Bath House","Fri",7,0,0,0
49,"Jacob Riis Park Road/Bath House","Fri",8,0,0,0
49,"Jacob Riis Park Road/Bath House","Fri",9,0,0,0
49,"Jacob Riis Park Road/Bath House","Fri",10,0,0,0
49,"Jacob Riis Park Road/Bath House","Fri",11,0,0,0
49,"Jacob Riis Park Road/Bath House","Fri",12,0.0512820512820513,0,0.452910813657838
49,"Jacob Riis Park Road/Bath House","Fri",13,0,0,0
49,"Jacob Riis Park Road/Bath House","Fri",14,0.0769230769230769,0,0.679366220486758
49,"Jacob Riis Park Road/Bath House","Fri",15,0.0641025641025641,0,0.465421010072296
49,"Jacob Riis Park Road/Bath House","Fri",16,0.0512820512820513,0,0.452910813657838
49,"Jacob Riis Park Road/Bath House","Fri",17,0.115384615384615,0,1.01904933073014
49,"Jacob Riis Park Road/Bath House","Fri",18,0.0512820512820513,0,0.222000111000083
49,"Jacob Riis Park Road/Bath House","Fri",19,0.0128205128205128,0,0.11322770341446
49,"Jacob Riis Park Road/Bath House","Fri",20,0,0,0
49,"Jacob Riis Park Road/Bath House","Fri",21,0.0128205128205128,0,0.11322770341446
49,"Jacob Riis Park Road/Bath House","Fri",22,0.0641025641025641,0,0.566138517072298
49,"Jacob Riis Park Road/Bath House","Fri",23,0.435897435897436,0,3.84974191609163
49,"Jacob Riis Park Road/Bath House","Sat",0,0.0384615384615385,0,0.339683110243379
49,"Jacob Riis Park Road/Bath House","Sat",1,0,0,0
49,"Jacob Riis Park Road/Bath House","Sat",2,0.0256410256410256,0,0.226455406828919
49,"Jacob Riis Park Road/Bath House","Sat",3,0.0256410256410256,0,0.226455406828919
49,"Jacob Riis Park Road/Bath House","Sat",4,0,0,0
49,"Jacob Riis Park Road/Bath House","Sat",5,0,0,0
49,"Jacob Riis Park Road/Bath House","Sat",6,0,0,0
49,"Jacob Riis Park Road/Bath House","Sat",7,0,0,0
49,"Jacob Riis Park Road/Bath House","Sat",8,0,0,0
49,"Jacob Riis Park Road/Bath House","Sat",9,0,0,0
49,"Jacob Riis Park Road/Bath House","Sat",10,0,0,0
49,"Jacob Riis Park Road/Bath House","Sat",11,0,0,0
49,"Jacob Riis Park Road/Bath House","Sat",12,0,0,0
49,"Jacob Riis Park Road/Bath House","Sat",13,0,0,0
49,"Jacob Riis Park Road/Bath House","Sat",14,0.0256410256410256,0,0.159084962545255
49,"Jacob Riis Park Road/Bath House","Sat",15,0.115384615384615,0,1.01904933073014
49,"Jacob Riis Park Road/Bath House","Sat",16,0,0,0
49,"Jacob Riis Park Road/Bath House","Sat",17,0.0512820512820513,0,0.452910813657838
49,"Jacob Riis Park Road/Bath House","Sat",18,0.128205128205128,0,1.1322770341446
49,"Jacob Riis Park Road/Bath House","Sat",19,0,0,0
49,"Jacob Riis Park Road/Bath House","Sat",20,0.0512820512820513,0,0.452910813657838
49,"Jacob Riis Park Road/Bath House","Sat",21,0.0128205128205128,0,0.11322770341446
49,"Jacob Riis Park Road/Bath House","Sat",22,0.0512820512820513,0,0.452910813657838
49,"Jacob Riis Park Road/Bath House","Sat",23,0.0897435897435897,0,0.607013071082385
50,"Rockaway Beach Boulevard & Beach 149th Street","Sun",0,0,0,0
50,"Rockaway Beach Boulevard & Beach 149th Street","Sun",1,0,0,0
50,"Rockaway Beach Boulevard & Beach 149th Street","Sun",2,0,0,0
50,"Rockaway Beach Boulevard & Beach 149th Street","Sun",3,0,0,0
50,"Rockaway Beach Boulevard & Beach 149th Street","Sun",4,0,0,0
50,"Rockaway Beach Boulevard & Beach 149th Street","Sun",5,0,0,0
50,"Rockaway Beach Boulevard & Beach 149th Street","Sun",6,0,0,0
50,"Rockaway Beach Boulevard & Beach 149th Street","Sun",7,0,0,0
50,"Rockaway Beach Boulevard & Beach 149th Street","Sun",8,0,0,0
50,"Rockaway Beach Boulevard & Beach 149th Street","Sun",9,0,0,0
50,"Rockaway Beach Boulevard & Beach 149th Street","Sun",10,0,0,0
50,"Rockaway Beach Boulevard & Beach 149th Street","Sun",11,0,0,0
50,"Rockaway Beach Boulevard & Beach 149th Street","Sun",12,0,0,0
50,"Rockaway Beach Boulevard & Beach 149th Street","Sun",13,0,0,0
50,"Rockaway Beach Boulevard & Beach 149th Street","Sun",14,0.0512820512820513,0,0.452910813657838
50,"Rockaway Beach Boulevard & Beach 149th Street","Sun",15,0.0128205128205128,0,0.11322770341446
50,"Rockaway Beach Boulevard & Beach 149th Street","Sun",16,0.0128205128205128,0,0.11322770341446
50,"Rockaway Beach Boulevard & Beach 149th Street","Sun",17,0,0,0
50,"Rockaway Beach Boulevard & Beach 149th Street","Sun",18,0.0128205128205128,0,0.11322770341446
50,"Rockaway Beach Boulevard & Beach 149th Street","Sun",19,0.0256410256410256,0,0.226455406828919
50,"Rockaway Beach Boulevard & Beach 149th Street","Sun",20,0.0641025641025641,0,0.566138517072298
50,"Rockaway Beach Boulevard & Beach 149th Street","Sun",21,0,0,0
50,"Rockaway Beach Boulevard & Beach 149th Street","Sun",22,0,0,0
50,"Rockaway Beach Boulevard & Beach 149th Street","Sun",23,0.0128205128205128,0,0.11322770341446
50,"Rockaway Beach Boulevard & Beach 149th Street","Mon",0,0.0126582278481013,0,0.112508790092602
50,"Rockaway Beach Boulevard & Beach 149th Street","Mon",1,0,0,0
50,"Rockaway Beach Boulevard & Beach 149th Street","Mon",2,0,0,0
50,"Rockaway Beach Boulevard & Beach 149th Street","Mon",3,0,0,0
50,"Rockaway Beach Boulevard & Beach 149th Street","Mon",4,0,0,0
50,"Rockaway Beach Boulevard & Beach 149th Street","Mon",5,0,0,0
50,"Rockaway Beach Boulevard & Beach 149th Street","Mon",6,0,0,0
50,"Rockaway Beach Boulevard & Beach 149th Street","Mon",7,0,0,0
50,"Rockaway Beach Boulevard & Beach 149th Street","Mon",8,0,0,0
50,"Rockaway Beach Boulevard & Beach 149th Street","Mon",9,0,0,0
50,"Rockaway Beach Boulevard & Beach 149th Street","Mon",10,0,0,0
50,"Rockaway Beach Boulevard & Beach 149th Street","Mon",11,0,0,0
50,"Rockaway Beach Boulevard & Beach 149th Street","Mon",12,0,0,0
50,"Rockaway Beach Boulevard & Beach 149th Street","Mon",13,0,0,0
50,"Rockaway Beach Boulevard & Beach 149th Street","Mon",14,0,0,0
50,"Rockaway Beach Boulevard & Beach 149th Street","Mon",15,0.0126582278481013,0,0.112508790092602
50,"Rockaway Beach Boulevard & Beach 149th Street","Mon",16,0.0379746835443038,0,0.337526370277807
50,"Rockaway Beach Boulevard & Beach 149th Street","Mon",17,0.151898734177215,0,1.35010548111123
50,"Rockaway Beach Boulevard & Beach 149th Street","Mon",18,0.0632911392405063,0,0.562543950463012
50,"Rockaway Beach Boulevard & Beach 149th Street","Mon",19,0.0379746835443038,0,0.337526370277807
50,"Rockaway Beach Boulevard & Beach 149th Street","Mon",20,0,0,0
50,"Rockaway Beach Boulevard & Beach 149th Street","Mon",21,0,0,0
50,"Rockaway Beach Boulevard & Beach 149th Street","Mon",22,0.0126582278481013,0,0.112508790092602
50,"Rockaway Beach Boulevard & Beach 149th Street","Mon",23,0,0,0
50,"Rockaway Beach Boulevard & Beach 149th Street","Tue",0,0,0,0
50,"Rockaway Beach Boulevard & Beach 149th Street","Tue",1,0,0,0
50,"Rockaway Beach Boulevard & Beach 149th Street","Tue",2,0,0,0
50,"Rockaway Beach Boulevard & Beach 149th Street","Tue",3,0,0,0
50,"Rockaway Beach Boulevard & Beach 149th Street","Tue",4,0,0,0
50,"Rockaway Beach Boulevard & Beach 149th Street","Tue",5,0,0,0
50,"Rockaway Beach Boulevard & Beach 149th Street","Tue",6,0,0,0
50,"Rockaway Beach Boulevard & Beach 149th Street","Tue",7,0,0,0
50,"Rockaway Beach Boulevard & Beach 149th Street","Tue",8,0,0,0
50,"Rockaway Beach Boulevard & Beach 149th Street","Tue",9,0,0,0
50,"Rockaway Beach Boulevard & Beach 149th Street","Tue",10,0,0,0
50,"Rockaway Beach Boulevard & Beach 149th Street","Tue",11,0,0,0
50,"Rockaway Beach Boulevard & Beach 149th Street","Tue",12,0,0,0
50,"Rockaway Beach Boulevard & Beach 149th Street","Tue",13,0,0,0
50,"Rockaway Beach Boulevard & Beach 149th Street","Tue",14,0,0,0
50,"Rockaway Beach Boulevard & Beach 149th Street","Tue",15,0,0,0
50,"Rockaway Beach Boulevard & Beach 149th Street","Tue",16,0.0256410256410256,0,0.226455406828919
50,"Rockaway Beach Boulevard & Beach 149th Street","Tue",17,0.115384615384615,0,1.01904933073014
50,"Rockaway Beach Boulevard & Beach 149th Street","Tue",18,0.0128205128205128,0,0.11322770341446
50,"Rockaway Beach Boulevard & Beach 149th Street","Tue",19,0,0,0
50,"Rockaway Beach Boulevard & Beach 149th Street","Tue",20,0,0,0
50,"Rockaway Beach Boulevard & Beach 149th Street","Tue",21,0,0,0
50,"Rockaway Beach Boulevard & Beach 149th Street","Tue",22,0.0128205128205128,0,0.11322770341446
50,"Rockaway Beach Boulevard & Beach 149th Street","Tue",23,0,0,0
50,"Rockaway Beach Boulevard & Beach 149th Street","Wed",0,0,0,0
50,"Rockaway Beach Boulevard & Beach 149th Street","Wed",1,0,0,0
50,"Rockaway Beach Boulevard & Beach 149th Street","Wed",2,0,0,0
50,"Rockaway Beach Boulevard & Beach 149th Street","Wed",3,0,0,0
50,"Rockaway Beach Boulevard & Beach 149th Street","Wed",4,0,0,0
50,"Rockaway Beach Boulevard & Beach 149th Street","Wed",5,0,0,0
50,"Rockaway Beach Boulevard & Beach 149th Street","Wed",6,0,0,0
50,"Rockaway Beach Boulevard & Beach 149th Street","Wed",7,0,0,0
50,"Rockaway Beach Boulevard & Beach 149th Street","Wed",8,0,0,0
50,"Rockaway Beach Boulevard & Beach 149th Street","Wed",9,0,0,0
50,"Rockaway Beach Boulevard & Beach 149th Street","Wed",10,0,0,0
50,"Rockaway Beach Boulevard & Beach 149th Street","Wed",11,0,0,0
50,"Rockaway Beach Boulevard & Beach 149th Street","Wed",12,0,0,0
50,"Rockaway Beach Boulevard & Beach 149th Street","Wed",13,0,0,0
50,"Rockaway Beach Boulevard & Beach 149th Street","Wed",14,0.0128205128205128,0,0.11322770341446
50,"Rockaway Beach Boulevard & Beach 149th Street","Wed",15,0.102564102564103,0,0.65643158889745
50,"Rockaway Beach Boulevard & Beach 149th Street","Wed",16,0.0256410256410256,0,0.226455406828919
50,"Rockaway Beach Boulevard & Beach 149th Street","Wed",17,0,0,0
50,"Rockaway Beach Boulevard & Beach 149th Street","Wed",18,0,0,0
50,"Rockaway Beach Boulevard & Beach 149th Street","Wed",19,0,0,0
50,"Rockaway Beach Boulevard & Beach 149th Street","Wed",20,0.0256410256410256,0,0.226455406828919
50,"Rockaway Beach Boulevard & Beach 149th Street","Wed",21,0,0,0
50,"Rockaway Beach Boulevard & Beach 149th Street","Wed",22,0,0,0
50,"Rockaway Beach Boulevard & Beach 149th Street","Wed",23,0,0,0
50,"Rockaway Beach Boulevard & Beach 149th Street","Thu",0,0.0256410256410256,0,0.226455406828919
50,"Rockaway Beach Boulevard & Beach 149th Street","Thu",1,0,0,0
50,"Rockaway Beach Boulevard & Beach 149th Street","Thu",2,0,0,0
50,"Rockaway Beach Boulevard & Beach 149th Street","Thu",3,0,0,0
50,"Rockaway Beach Boulevard & Beach 149th Street","Thu",4,0,0,0
50,"Rockaway Beach Boulevard & Beach 149th Street","Thu",5,0,0,0
50,"Rockaway Beach Boulevard & Beach 149th Street","Thu",6,0,0,0
50,"Rockaway Beach Boulevard & Beach 149th Street","Thu",7,0,0,0
50,"Rockaway Beach Boulevard & Beach 149th Street","Thu",8,0,0,0
50,"Rockaway Beach Boulevard & Beach 149th Street","Thu",9,0,0,0
50,"Rockaway Beach Boulevard & Beach 149th Street","Thu",10,0,0,0
50,"Rockaway Beach Boulevard & Beach 149th Street","Thu",11,0,0,0
50,"Rockaway Beach Boulevard & Beach 149th Street","Thu",12,0,0,0
50,"Rockaway Beach Boulevard & Beach 149th Street","Thu",13,0,0,0
50,"Rockaway Beach Boulevard & Beach 149th Street","Thu",14,0,0,0
50,"Rockaway Beach Boulevard & Beach 149th Street","Thu",15,0,0,0
50,"Rockaway Beach Boulevard & Beach 149th Street","Thu",16,0.0128205128205128,0,0.11322770341446
50,"Rockaway Beach Boulevard & Beach 149th Street","Thu",17,0.0641025641025641,0,0.566138517072298
50,"Rockaway Beach Boulevard & Beach 149th Street","Thu",18,0.0128205128205128,0,0.11322770341446
50,"Rockaway Beach Boulevard & Beach 149th Street","Thu",19,0,0,0
50,"Rockaway Beach Boulevard & Beach 149th Street","Thu",20,0,0,0
50,"Rockaway Beach Boulevard & Beach 149th Street","Thu",21,0,0,0
50,"Rockaway Beach Boulevard & Beach 149th Street","Thu",22,0,0,0
50,"Rockaway Beach Boulevard & Beach 149th Street","Thu",23,0,0,0
50,"Rockaway Beach Boulevard & Beach 149th Street","Fri",0,0,0,0
50,"Rockaway Beach Boulevard & Beach 149th Street","Fri",1,0,0,0
50,"Rockaway Beach Boulevard & Beach 149th Street","Fri",2,0,0,0
50,"Rockaway Beach Boulevard & Beach 149th Street","Fri",3,0,0,0
50,"Rockaway Beach Boulevard & Beach 149th Street","Fri",4,0,0,0
50,"Rockaway Beach Boulevard & Beach 149th Street","Fri",5,0,0,0
50,"Rockaway Beach Boulevard & Beach 149th Street","Fri",6,0,0,0
50,"Rockaway Beach Boulevard & Beach 149th Street","Fri",7,0,0,0
50,"Rockaway Beach Boulevard & Beach 149th Street","Fri",8,0,0,0
50,"Rockaway Beach Boulevard & Beach 149th Street","Fri",9,0,0,0
50,"Rockaway Beach Boulevard & Beach 149th Street","Fri",10,0,0,0
50,"Rockaway Beach Boulevard & Beach 149th Street","Fri",11,0.0128205128205128,0,0.11322770341446
50,"Rockaway Beach Boulevard & Beach 149th Street","Fri",12,0.0256410256410256,0,0.226455406828919
50,"Rockaway Beach Boulevard & Beach 149th Street","Fri",13,0.0128205128205128,0,0.11322770341446
50,"Rockaway Beach Boulevard & Beach 149th Street","Fri",14,0.0128205128205128,0,0.11322770341446
50,"Rockaway Beach Boulevard & Beach 149th Street","Fri",15,0.0512820512820513,0,0.356659679815545
50,"Rockaway Beach Boulevard & Beach 149th Street","Fri",16,0.0128205128205128,0,0.11322770341446
50,"Rockaway Beach Boulevard & Beach 149th Street","Fri",17,0,0,0
50,"Rockaway Beach Boulevard & Beach 149th Street","Fri",18,0.0256410256410256,0,0.159084962545255
50,"Rockaway Beach Boulevard & Beach 149th Street","Fri",19,0,0,0
50,"Rockaway Beach Boulevard & Beach 149th Street","Fri",20,0,0,0
50,"Rockaway Beach Boulevard & Beach 149th Street","Fri",21,0.0128205128205128,0,0.11322770341446
50,"Rockaway Beach Boulevard & Beach 149th Street","Fri",22,0.0128205128205128,0,0.11322770341446
50,"Rockaway Beach Boulevard & Beach 149th Street","Fri",23,0.115384615384615,0,1.01904933073014
50,"Rockaway Beach Boulevard & Beach 149th Street","Sat",0,0.0256410256410256,0,0.226455406828919
50,"Rockaway Beach Boulevard & Beach 149th Street","Sat",1,0,0,0
50,"Rockaway Beach Boulevard & Beach 149th Street","Sat",2,0,0,0
50,"Rockaway Beach Boulevard & Beach 149th Street","Sat",3,0,0,0
50,"Rockaway Beach Boulevard & Beach 149th Street","Sat",4,0,0,0
50,"Rockaway Beach Boulevard & Beach 149th Street","Sat",5,0,0,0
50,"Rockaway Beach Boulevard & Beach 149th Street","Sat",6,0,0,0
50,"Rockaway Beach Boulevard & Beach 149th Street","Sat",7,0,0,0
50,"Rockaway Beach Boulevard & Beach 149th Street","Sat",8,0,0,0
50,"Rockaway Beach Boulevard & Beach 149th Street","Sat",9,0,0,0
50,"Rockaway Beach Boulevard & Beach 149th Street","Sat",10,0,0,0
50,"Rockaway Beach Boulevard & Beach 149th Street","Sat",11,0,0,0
50,"Rockaway Beach Boulevard & Beach 149th Street","Sat",12,0,0,0
50,"Rockaway Beach Boulevard & Beach 149th Street","Sat",13,0,0,0
50,"Rockaway Beach Boulevard & Beach 149th Street","Sat",14,0.0641025641025641,0,0.566138517072298
50,"Rockaway Beach Boulevard & Beach 149th Street","Sat",15,0.128205128205128,0,1.1322770341446
50,"Rockaway Beach Boulevard & Beach 149th Street","Sat",16,0,0,0
50,"Rockaway Beach Boulevard & Beach 149th Street","Sat",17,0.0384615384615385,0,0.339683110243379
50,"Rockaway Beach Boulevard & Beach 149th Street","Sat",18,0.0897435897435897,0,0.792593923901216
50,"Rockaway Beach Boulevard & Beach 149th Street","Sat",19,0,0,0
50,"Rockaway Beach Boulevard & Beach 149th Street","Sat",20,0.0256410256410256,0,0.226455406828919
50,"Rockaway Beach Boulevard & Beach 149th Street","Sat",21,0,0,0
50,"Rockaway Beach Boulevard & Beach 149th Street","Sat",22,0.0384615384615385,0,0.251866161753745
50,"Rockaway Beach Boulevard & Beach 149th Street","Sat",23,0.0256410256410256,0,0.159084962545255
51,"Rockaway Beach Boulevard & Beach 135th Street","Sun",0,0,0,0
51,"Rockaway Beach Boulevard & Beach 135th Street","Sun",1,0,0,0
51,"Rockaway Beach Boulevard & Beach 135th Street","Sun",2,0,0,0
51,"Rockaway Beach Boulevard & Beach 135th Street","Sun",3,0,0,0
51,"Rockaway Beach Boulevard & Beach 135th Street","Sun",4,0,0,0
51,"Rockaway Beach Boulevard & Beach 135th Street","Sun",5,0,0,0
51,"Rockaway Beach Boulevard & Beach 135th Street","Sun",6,0,0,0
51,"Rockaway Beach Boulevard & Beach 135th Street","Sun",7,0,0,0
51,"Rockaway Beach Boulevard & Beach 135th Street","Sun",8,0,0,0
51,"Rockaway Beach Boulevard & Beach 135th Street","Sun",9,0,0,0
51,"Rockaway Beach Boulevard & Beach 135th Street","Sun",10,0,0,0
51,"Rockaway Beach Boulevard & Beach 135th Street","Sun",11,0,0,0
51,"Rockaway Beach Boulevard & Beach 135th Street","Sun",12,0,0,0
51,"Rockaway Beach Boulevard & Beach 135th Street","Sun",13,0,0,0
51,"Rockaway Beach Boulevard & Beach 135th Street","Sun",14,0,0,0
51,"Rockaway Beach Boulevard & Beach 135th Street","Sun",15,0.0256410256410256,0,0.226455406828919
51,"Rockaway Beach Boulevard & Beach 135th Street","Sun",16,0,0,0
51,"Rockaway Beach Boulevard & Beach 135th Street","Sun",17,0,0,0
51,"Rockaway Beach Boulevard & Beach 135th Street","Sun",18,0,0,0
51,"Rockaway Beach Boulevard & Beach 135th Street","Sun",19,0.0128205128205128,0,0.11322770341446
51,"Rockaway Beach Boulevard & Beach 135th Street","Sun",20,0.0512820512820513,0,0.452910813657838
51,"Rockaway Beach Boulevard & Beach 135th Street","Sun",21,0.0384615384615385,0,0.339683110243379
51,"Rockaway Beach Boulevard & Beach 135th Street","Sun",22,0,0,0
51,"Rockaway Beach Boulevard & Beach 135th Street","Sun",23,0.0128205128205128,0,0.11322770341446
51,"Rockaway Beach Boulevard & Beach 135th Street","Mon",0,0,0,0
51,"Rockaway Beach Boulevard & Beach 135th Street","Mon",1,0,0,0
51,"Rockaway Beach Boulevard & Beach 135th Street","Mon",2,0,0,0
51,"Rockaway Beach Boulevard & Beach 135th Street","Mon",3,0,0,0
51,"Rockaway Beach Boulevard & Beach 135th Street","Mon",4,0,0,0
51,"Rockaway Beach Boulevard & Beach 135th Street","Mon",5,0,0,0
51,"Rockaway Beach Boulevard & Beach 135th Street","Mon",6,0,0,0
51,"Rockaway Beach Boulevard & Beach 135th Street","Mon",7,0,0,0
51,"Rockaway Beach Boulevard & Beach 135th Street","Mon",8,0,0,0
51,"Rockaway Beach Boulevard & Beach 135th Street","Mon",9,0,0,0
51,"Rockaway Beach Boulevard & Beach 135th Street","Mon",10,0,0,0
51,"Rockaway Beach Boulevard & Beach 135th Street","Mon",11,0,0,0
51,"Rockaway Beach Boulevard & Beach 135th Street","Mon",12,0,0,0
51,"Rockaway Beach Boulevard & Beach 135th Street","Mon",13,0,0,0
51,"Rockaway Beach Boulevard & Beach 135th Street","Mon",14,0,0,0
51,"Rockaway Beach Boulevard & Beach 135th Street","Mon",15,0,0,0
51,"Rockaway Beach Boulevard & Beach 135th Street","Mon",16,0,0,0
51,"Rockaway Beach Boulevard & Beach 135th Street","Mon",17,0,0,0
51,"Rockaway Beach Boulevard & Beach 135th Street","Mon",18,0.0506329113924051,0,0.45003516037041
51,"Rockaway Beach Boulevard & Beach 135th Street","Mon",19,0.0126582278481013,0,0.112508790092602
51,"Rockaway Beach Boulevard & Beach 135th Street","Mon",20,0,0,0
51,"Rockaway Beach Boulevard & Beach 135th Street","Mon",21,0,0,0
51,"Rockaway Beach Boulevard & Beach 135th Street","Mon",22,0,0,0
51,"Rockaway Beach Boulevard & Beach 135th Street","Mon",23,0,0,0
51,"Rockaway Beach Boulevard & Beach 135th Street","Tue",0,0,0,0
51,"Rockaway Beach Boulevard & Beach 135th Street","Tue",1,0,0,0
51,"Rockaway Beach Boulevard & Beach 135th Street","Tue",2,0,0,0
51,"Rockaway Beach Boulevard & Beach 135th Street","Tue",3,0,0,0
51,"Rockaway Beach Boulevard & Beach 135th Street","Tue",4,0,0,0
51,"Rockaway Beach Boulevard & Beach 135th Street","Tue",5,0,0,0
51,"Rockaway Beach Boulevard & Beach 135th Street","Tue",6,0,0,0
51,"Rockaway Beach Boulevard & Beach 135th Street","Tue",7,0,0,0
51,"Rockaway Beach Boulevard & Beach 135th Street","Tue",8,0,0,0
51,"Rockaway Beach Boulevard & Beach 135th Street","Tue",9,0,0,0
51,"Rockaway Beach Boulevard & Beach 135th Street","Tue",10,0,0,0
51,"Rockaway Beach Boulevard & Beach 135th Street","Tue",11,0,0,0
51,"Rockaway Beach Boulevard & Beach 135th Street","Tue",12,0,0,0
51,"Rockaway Beach Boulevard & Beach 135th Street","Tue",13,0,0,0
51,"Rockaway Beach Boulevard & Beach 135th Street","Tue",14,0,0,0
51,"Rockaway Beach Boulevard & Beach 135th Street","Tue",15,0,0,0
51,"Rockaway Beach Boulevard & Beach 135th Street","Tue",16,0,0,0
51,"Rockaway Beach Boulevard & Beach 135th Street","Tue",17,0,0,0
51,"Rockaway Beach Boulevard & Beach 135th Street","Tue",18,0,0,0
51,"Rockaway Beach Boulevard & Beach 135th Street","Tue",19,0,0,0
51,"Rockaway Beach Boulevard & Beach 135th Street","Tue",20,0,0,0
51,"Rockaway Beach Boulevard & Beach 135th Street","Tue",21,0,0,0
51,"Rockaway Beach Boulevard & Beach 135th Street","Tue",22,0,0,0
51,"Rockaway Beach Boulevard & Beach 135th Street","Tue",23,0,0,0
51,"Rockaway Beach Boulevard & Beach 135th Street","Wed",0,0,0,0
51,"Rockaway Beach Boulevard & Beach 135th Street","Wed",1,0,0,0
51,"Rockaway Beach Boulevard & Beach 135th Street","Wed",2,0,0,0
51,"Rockaway Beach Boulevard & Beach 135th Street","Wed",3,0,0,0
51,"Rockaway Beach Boulevard & Beach 135th Street","Wed",4,0,0,0
51,"Rockaway Beach Boulevard & Beach 135th Street","Wed",5,0,0,0
51,"Rockaway Beach Boulevard & Beach 135th Street","Wed",6,0,0,0
51,"Rockaway Beach Boulevard & Beach 135th Street","Wed",7,0,0,0
51,"Rockaway Beach Boulevard & Beach 135th Street","Wed",8,0,0,0
51,"Rockaway Beach Boulevard & Beach 135th Street","Wed",9,0,0,0
51,"Rockaway Beach Boulevard & Beach 135th Street","Wed",10,0,0,0
51,"Rockaway Beach Boulevard & Beach 135th Street","Wed",11,0,0,0
51,"Rockaway Beach Boulevard & Beach 135th Street","Wed",12,0,0,0
51,"Rockaway Beach Boulevard & Beach 135th Street","Wed",13,0,0,0
51,"Rockaway Beach Boulevard & Beach 135th Street","Wed",14,0,0,0
51,"Rockaway Beach Boulevard & Beach 135th Street","Wed",15,0,0,0
51,"Rockaway Beach Boulevard & Beach 135th Street","Wed",16,0,0,0
51,"Rockaway Beach Boulevard & Beach 135th Street","Wed",17,0,0,0
51,"Rockaway Beach Boulevard & Beach 135th Street","Wed",18,0,0,0
51,"Rockaway Beach Boulevard & Beach 135th Street","Wed",19,0,0,0
51,"Rockaway Beach Boulevard & Beach 135th Street","Wed",20,0,0,0
51,"Rockaway Beach Boulevard & Beach 135th Street","Wed",21,0,0,0
51,"Rockaway Beach Boulevard & Beach 135th Street","Wed",22,0,0,0
51,"Rockaway Beach Boulevard & Beach 135th Street","Wed",23,0,0,0
51,"Rockaway Beach Boulevard & Beach 135th Street","Thu",0,0,0,0
51,"Rockaway Beach Boulevard & Beach 135th Street","Thu",1,0,0,0
51,"Rockaway Beach Boulevard & Beach 135th Street","Thu",2,0,0,0
51,"Rockaway Beach Boulevard & Beach 135th Street","Thu",3,0,0,0
51,"Rockaway Beach Boulevard & Beach 135th Street","Thu",4,0,0,0
51,"Rockaway Beach Boulevard & Beach 135th Street","Thu",5,0,0,0
51,"Rockaway Beach Boulevard & Beach 135th Street","Thu",6,0,0,0
51,"Rockaway Beach Boulevard & Beach 135th Street","Thu",7,0,0,0
51,"Rockaway Beach Boulevard & Beach 135th Street","Thu",8,0,0,0
51,"Rockaway Beach Boulevard & Beach 135th Street","Thu",9,0,0,0
51,"Rockaway Beach Boulevard & Beach 135th Street","Thu",10,0,0,0
51,"Rockaway Beach Boulevard & Beach 135th Street","Thu",11,0,0,0
51,"Rockaway Beach Boulevard & Beach 135th Street","Thu",12,0,0,0
51,"Rockaway Beach Boulevard & Beach 135th Street","Thu",13,0,0,0
51,"Rockaway Beach Boulevard & Beach 135th Street","Thu",14,0,0,0
51,"Rockaway Beach Boulevard & Beach 135th Street","Thu",15,0,0,0
51,"Rockaway Beach Boulevard & Beach 135th Street","Thu",16,0.0512820512820513,0,0.318169925090511
51,"Rockaway Beach Boulevard & Beach 135th Street","Thu",17,0.0769230769230769,0,0.477254887635766
51,"Rockaway Beach Boulevard & Beach 135th Street","Thu",18,0.0384615384615385,0,0.339683110243379
51,"Rockaway Beach Boulevard & Beach 135th Street","Thu",19,0,0,0
51,"Rockaway Beach Boulevard & Beach 135th Street","Thu",20,0,0,0
51,"Rockaway Beach Boulevard & Beach 135th Street","Thu",21,0,0,0
51,"Rockaway Beach Boulevard & Beach 135th Street","Thu",22,0,0,0
51,"Rockaway Beach Boulevard & Beach 135th Street","Thu",23,0,0,0
51,"Rockaway Beach Boulevard & Beach 135th Street","Fri",0,0,0,0
51,"Rockaway Beach Boulevard & Beach 135th Street","Fri",1,0,0,0
51,"Rockaway Beach Boulevard & Beach 135th Street","Fri",2,0,0,0
51,"Rockaway Beach Boulevard & Beach 135th Street","Fri",3,0,0,0
51,"Rockaway Beach Boulevard & Beach 135th Street","Fri",4,0,0,0
51,"Rockaway Beach Boulevard & Beach 135th Street","Fri",5,0,0,0
51,"Rockaway Beach Boulevard & Beach 135th Street","Fri",6,0,0,0
51,"Rockaway Beach Boulevard & Beach 135th Street","Fri",7,0,0,0
51,"Rockaway Beach Boulevard & Beach 135th Street","Fri",8,0,0,0
51,"Rockaway Beach Boulevard & Beach 135th Street","Fri",9,0,0,0
51,"Rockaway Beach Boulevard & Beach 135th Street","Fri",10,0,0,0
51,"Rockaway Beach Boulevard & Beach 135th Street","Fri",11,0,0,0
51,"Rockaway Beach Boulevard & Beach 135th Street","Fri",12,0.0128205128205128,0,0.11322770341446
51,"Rockaway Beach Boulevard & Beach 135th Street","Fri",13,0,0,0
51,"Rockaway Beach Boulevard & Beach 135th Street","Fri",14,0,0,0
51,"Rockaway Beach Boulevard & Beach 135th Street","Fri",15,0,0,0
51,"Rockaway Beach Boulevard & Beach 135th Street","Fri",16,0,0,0
51,"Rockaway Beach Boulevard & Beach 135th Street","Fri",17,0,0,0
51,"Rockaway Beach Boulevard & Beach 135th Street","Fri",18,0,0,0
51,"Rockaway Beach Boulevard & Beach 135th Street","Fri",19,0,0,0
51,"Rockaway Beach Boulevard & Beach 135th Street","Fri",20,0,0,0
51,"Rockaway Beach Boulevard & Beach 135th Street","Fri",21,0,0,0
51,"Rockaway Beach Boulevard & Beach 135th Street","Fri",22,0,0,0
51,"Rockaway Beach Boulevard & Beach 135th Street","Fri",23,0,0,0
51,"Rockaway Beach Boulevard & Beach 135th Street","Sat",0,0,0,0
51,"Rockaway Beach Boulevard & Beach 135th Street","Sat",1,0,0,0
51,"Rockaway Beach Boulevard & Beach 135th Street","Sat",2,0,0,0
51,"Rockaway Beach Boulevard & Beach 135th Street","Sat",3,0,0,0
51,"Rockaway Beach Boulevard & Beach 135th Street","Sat",4,0,0,0
51,"Rockaway Beach Boulevard & Beach 135th Street","Sat",5,0,0,0
51,"Rockaway Beach Boulevard & Beach 135th Street","Sat",6,0,0,0
51,"Rockaway Beach Boulevard & Beach 135th Street","Sat",7,0,0,0
51,"Rockaway Beach Boulevard & Beach 135th Street","Sat",8,0,0,0
51,"Rockaway Beach Boulevard & Beach 135th Street","Sat",9,0,0,0
51,"Rockaway Beach Boulevard & Beach 135th Street","Sat",10,0,0,0
51,"Rockaway Beach Boulevard & Beach 135th Street","Sat",11,0,0,0
51,"Rockaway Beach Boulevard & Beach 135th Street","Sat",12,0,0,0
51,"Rockaway Beach Boulevard & Beach 135th Street","Sat",13,0,0,0
51,"Rockaway Beach Boulevard & Beach 135th Street","Sat",14,0.0256410256410256,0,0.226455406828919
51,"Rockaway Beach Boulevard & Beach 135th Street","Sat",15,0.0128205128205128,0,0.11322770341446
51,"Rockaway Beach Boulevard & Beach 135th Street","Sat",16,0,0,0
51,"Rockaway Beach Boulevard & Beach 135th Street","Sat",17,0,0,0
51,"Rockaway Beach Boulevard & Beach 135th Street","Sat",18,0.0128205128205128,0,0.11322770341446
51,"Rockaway Beach Boulevard & Beach 135th Street","Sat",19,0,0,0
51,"Rockaway Beach Boulevard & Beach 135th Street","Sat",20,0,0,0
51,"Rockaway Beach Boulevard & Beach 135th Street","Sat",21,0,0,0
51,"Rockaway Beach Boulevard & Beach 135th Street","Sat",22,0,0,0
51,"Rockaway Beach Boulevard & Beach 135th Street","Sat",23,0,0,0
52,"Rockaway Beach Boulevard & Beach 127th Street","Sun",0,0,0,0
52,"Rockaway Beach Boulevard & Beach 127th Street","Sun",1,0,0,0
52,"Rockaway Beach Boulevard & Beach 127th Street","Sun",2,0,0,0
52,"Rockaway Beach Boulevard & Beach 127th Street","Sun",3,0,0,0
52,"Rockaway Beach Boulevard & Beach 127th Street","Sun",4,0,0,0
52,"Rockaway Beach Boulevard & Beach 127th Street","Sun",5,0,0,0
52,"Rockaway Beach Boulevard & Beach 127th Street","Sun",6,0,0,0
52,"Rockaway Beach Boulevard & Beach 127th Street","Sun",7,0,0,0
52,"Rockaway Beach Boulevard & Beach 127th Street","Sun",8,0,0,0
52,"Rockaway Beach Boulevard & Beach 127th Street","Sun",9,0,0,0
52,"Rockaway Beach Boulevard & Beach 127th Street","Sun",10,0,0,0
52,"Rockaway Beach Boulevard & Beach 127th Street","Sun",11,0,0,0
52,"Rockaway Beach Boulevard & Beach 127th Street","Sun",12,0,0,0
52,"Rockaway Beach Boulevard & Beach 127th Street","Sun",13,0,0,0
52,"Rockaway Beach Boulevard & Beach 127th Street","Sun",14,0,0,0
52,"Rockaway Beach Boulevard & Beach 127th Street","Sun",15,0,0,0
52,"Rockaway Beach Boulevard & Beach 127th Street","Sun",16,0,0,0
52,"Rockaway Beach Boulevard & Beach 127th Street","Sun",17,0,0,0
52,"Rockaway Beach Boulevard & Beach 127th Street","Sun",18,0,0,0
52,"Rockaway Beach Boulevard & Beach 127th Street","Sun",19,0.0128205128205128,0,0.11322770341446
52,"Rockaway Beach Boulevard & Beach 127th Street","Sun",20,0,0,0
52,"Rockaway Beach Boulevard & Beach 127th Street","Sun",21,0.0128205128205128,0,0.11322770341446
52,"Rockaway Beach Boulevard & Beach 127th Street","Sun",22,0,0,0
52,"Rockaway Beach Boulevard & Beach 127th Street","Sun",23,0,0,0
52,"Rockaway Beach Boulevard & Beach 127th Street","Mon",0,0,0,0
52,"Rockaway Beach Boulevard & Beach 127th Street","Mon",1,0,0,0
52,"Rockaway Beach Boulevard & Beach 127th Street","Mon",2,0,0,0
52,"Rockaway Beach Boulevard & Beach 127th Street","Mon",3,0,0,0
52,"Rockaway Beach Boulevard & Beach 127th Street","Mon",4,0,0,0
52,"Rockaway Beach Boulevard & Beach 127th Street","Mon",5,0,0,0
52,"Rockaway Beach Boulevard & Beach 127th Street","Mon",6,0,0,0
52,"Rockaway Beach Boulevard & Beach 127th Street","Mon",7,0,0,0
52,"Rockaway Beach Boulevard & Beach 127th Street","Mon",8,0,0,0
52,"Rockaway Beach Boulevard & Beach 127th Street","Mon",9,0,0,0
52,"Rockaway Beach Boulevard & Beach 127th Street","Mon",10,0,0,0
52,"Rockaway Beach Boulevard & Beach 127th Street","Mon",11,0,0,0
52,"Rockaway Beach Boulevard & Beach 127th Street","Mon",12,0,0,0
52,"Rockaway Beach Boulevard & Beach 127th Street","Mon",13,0,0,0
52,"Rockaway Beach Boulevard & Beach 127th Street","Mon",14,0,0,0
52,"Rockaway Beach Boulevard & Beach 127th Street","Mon",15,0,0,0
52,"Rockaway Beach Boulevard & Beach 127th Street","Mon",16,0,0,0
52,"Rockaway Beach Boulevard & Beach 127th Street","Mon",17,0,0,0
52,"Rockaway Beach Boulevard & Beach 127th Street","Mon",18,0.0253164556962025,0,0.225017580185205
52,"Rockaway Beach Boulevard & Beach 127th Street","Mon",19,0,0,0
52,"Rockaway Beach Boulevard & Beach 127th Street","Mon",20,0,0,0
52,"Rockaway Beach Boulevard & Beach 127th Street","Mon",21,0,0,0
52,"Rockaway Beach Boulevard & Beach 127th Street","Mon",22,0,0,0
52,"Rockaway Beach Boulevard & Beach 127th Street","Mon",23,0,0,0
52,"Rockaway Beach Boulevard & Beach 127th Street","Tue",0,0,0,0
52,"Rockaway Beach Boulevard & Beach 127th Street","Tue",1,0,0,0
52,"Rockaway Beach Boulevard & Beach 127th Street","Tue",2,0,0,0
52,"Rockaway Beach Boulevard & Beach 127th Street","Tue",3,0,0,0
52,"Rockaway Beach Boulevard & Beach 127th Street","Tue",4,0,0,0
52,"Rockaway Beach Boulevard & Beach 127th Street","Tue",5,0,0,0
52,"Rockaway Beach Boulevard & Beach 127th Street","Tue",6,0,0,0
52,"Rockaway Beach Boulevard & Beach 127th Street","Tue",7,0,0,0
52,"Rockaway Beach Boulevard & Beach 127th Street","Tue",8,0,0,0
52,"Rockaway Beach Boulevard & Beach 127th Street","Tue",9,0,0,0
52,"Rockaway Beach Boulevard & Beach 127th Street","Tue",10,0,0,0
52,"Rockaway Beach Boulevard & Beach 127th Street","Tue",11,0,0,0
52,"Rockaway Beach Boulevard & Beach 127th Street","Tue",12,0,0,0
52,"Rockaway Beach Boulevard & Beach 127th Street","Tue",13,0,0,0
52,"Rockaway Beach Boulevard & Beach 127th Street","Tue",14,0,0,0
52,"Rockaway Beach Boulevard & Beach 127th Street","Tue",15,0,0,0
52,"Rockaway Beach Boulevard & Beach 127th Street","Tue",16,0,0,0
52,"Rockaway Beach Boulevard & Beach 127th Street","Tue",17,0,0,0
52,"Rockaway Beach Boulevard & Beach 127th Street","Tue",18,0,0,0
52,"Rockaway Beach Boulevard & Beach 127th Street","Tue",19,0,0,0
52,"Rockaway Beach Boulevard & Beach 127th Street","Tue",20,0,0,0
52,"Rockaway Beach Boulevard & Beach 127th Street","Tue",21,0,0,0
52,"Rockaway Beach Boulevard & Beach 127th Street","Tue",22,0,0,0
52,"Rockaway Beach Boulevard & Beach 127th Street","Tue",23,0,0,0
52,"Rockaway Beach Boulevard & Beach 127th Street","Wed",0,0,0,0
52,"Rockaway Beach Boulevard & Beach 127th Street","Wed",1,0,0,0
52,"Rockaway Beach Boulevard & Beach 127th Street","Wed",2,0,0,0
52,"Rockaway Beach Boulevard & Beach 127th Street","Wed",3,0,0,0
52,"Rockaway Beach Boulevard & Beach 127th Street","Wed",4,0,0,0
52,"Rockaway Beach Boulevard & Beach 127th Street","Wed",5,0,0,0
52,"Rockaway Beach Boulevard & Beach 127th Street","Wed",6,0,0,0
52,"Rockaway Beach Boulevard & Beach 127th Street","Wed",7,0,0,0
52,"Rockaway Beach Boulevard & Beach 127th Street","Wed",8,0,0,0
52,"Rockaway Beach Boulevard & Beach 127th Street","Wed",9,0,0,0
52,"Rockaway Beach Boulevard & Beach 127th Street","Wed",10,0,0,0
52,"Rockaway Beach Boulevard & Beach 127th Street","Wed",11,0,0,0
52,"Rockaway Beach Boulevard & Beach 127th Street","Wed",12,0,0,0
52,"Rockaway Beach Boulevard & Beach 127th Street","Wed",13,0,0,0
52,"Rockaway Beach Boulevard & Beach 127th Street","Wed",14,0,0,0
52,"Rockaway Beach Boulevard & Beach 127th Street","Wed",15,0,0,0
52,"Rockaway Beach Boulevard & Beach 127th Street","Wed",16,0,0,0
52,"Rockaway Beach Boulevard & Beach 127th Street","Wed",17,0,0,0
52,"Rockaway Beach Boulevard & Beach 127th Street","Wed",18,0,0,0
52,"Rockaway Beach Boulevard & Beach 127th Street","Wed",19,0,0,0
52,"Rockaway Beach Boulevard & Beach 127th Street","Wed",20,0,0,0
52,"Rockaway Beach Boulevard & Beach 127th Street","Wed",21,0.0128205128205128,0,0.11322770341446
52,"Rockaway Beach Boulevard & Beach 127th Street","Wed",22,0,0,0
52,"Rockaway Beach Boulevard & Beach 127th Street","Wed",23,0,0,0
52,"Rockaway Beach Boulevard & Beach 127th Street","Thu",0,0,0,0
52,"Rockaway Beach Boulevard & Beach 127th Street","Thu",1,0,0,0
52,"Rockaway Beach Boulevard & Beach 127th Street","Thu",2,0,0,0
52,"Rockaway Beach Boulevard & Beach 127th Street","Thu",3,0,0,0
52,"Rockaway Beach Boulevard & Beach 127th Street","Thu",4,0,0,0
52,"Rockaway Beach Boulevard & Beach 127th Street","Thu",5,0,0,0
52,"Rockaway Beach Boulevard & Beach 127th Street","Thu",6,0,0,0
52,"Rockaway Beach Boulevard & Beach 127th Street","Thu",7,0,0,0
52,"Rockaway Beach Boulevard & Beach 127th Street","Thu",8,0,0,0
52,"Rockaway Beach Boulevard & Beach 127th Street","Thu",9,0,0,0
52,"Rockaway Beach Boulevard & Beach 127th Street","Thu",10,0,0,0
52,"Rockaway Beach Boulevard & Beach 127th Street","Thu",11,0,0,0
52,"Rockaway Beach Boulevard & Beach 127th Street","Thu",12,0,0,0
52,"Rockaway Beach Boulevard & Beach 127th Street","Thu",13,0,0,0
52,"Rockaway Beach Boulevard & Beach 127th Street","Thu",14,0,0,0
52,"Rockaway Beach Boulevard & Beach 127th Street","Thu",15,0,0,0
52,"Rockaway Beach Boulevard & Beach 127th Street","Thu",16,0.0512820512820513,0,0.318169925090511
52,"Rockaway Beach Boulevard & Beach 127th Street","Thu",17,0.0384615384615385,0,0.251866161753745
52,"Rockaway Beach Boulevard & Beach 127th Street","Thu",18,0.0128205128205128,0,0.11322770341446
52,"Rockaway Beach Boulevard & Beach 127th Street","Thu",19,0,0,0
52,"Rockaway Beach Boulevard & Beach 127th Street","Thu",20,0,0,0
52,"Rockaway Beach Boulevard & Beach 127th Street","Thu",21,0,0,0
52,"Rockaway Beach Boulevard & Beach 127th Street","Thu",22,0,0,0
52,"Rockaway Beach Boulevard & Beach 127th Street","Thu",23,0,0,0
52,"Rockaway Beach Boulevard & Beach 127th Street","Fri",0,0,0,0
52,"Rockaway Beach Boulevard & Beach 127th Street","Fri",1,0,0,0
52,"Rockaway Beach Boulevard & Beach 127th Street","Fri",2,0,0,0
52,"Rockaway Beach Boulevard & Beach 127th Street","Fri",3,0,0,0
52,"Rockaway Beach Boulevard & Beach 127th Street","Fri",4,0,0,0
52,"Rockaway Beach Boulevard & Beach 127th Street","Fri",5,0,0,0
52,"Rockaway Beach Boulevard & Beach 127th Street","Fri",6,0,0,0
52,"Rockaway Beach Boulevard & Beach 127th Street","Fri",7,0,0,0
52,"Rockaway Beach Boulevard & Beach 127th Street","Fri",8,0,0,0
52,"Rockaway Beach Boulevard & Beach 127th Street","Fri",9,0,0,0
52,"Rockaway Beach Boulevard & Beach 127th Street","Fri",10,0,0,0
52,"Rockaway Beach Boulevard & Beach 127th Street","Fri",11,0,0,0
52,"Rockaway Beach Boulevard & Beach 127th Street","Fri",12,0,0,0
52,"Rockaway Beach Boulevard & Beach 127th Street","Fri",13,0,0,0
52,"Rockaway Beach Boulevard & Beach 127th Street","Fri",14,0,0,0
52,"Rockaway Beach Boulevard & Beach 127th Street","Fri",15,0,0,0
52,"Rockaway Beach Boulevard & Beach 127th Street","Fri",16,0,0,0
52,"Rockaway Beach Boulevard & Beach 127th Street","Fri",17,0,0,0
52,"Rockaway Beach Boulevard & Beach 127th Street","Fri",18,0,0,0
52,"Rockaway Beach Boulevard & Beach 127th Street","Fri",19,0,0,0
52,"Rockaway Beach Boulevard & Beach 127th Street","Fri",20,0,0,0
52,"Rockaway Beach Boulevard & Beach 127th Street","Fri",21,0,0,0
52,"Rockaway Beach Boulevard & Beach 127th Street","Fri",22,0,0,0
52,"Rockaway Beach Boulevard & Beach 127th Street","Fri",23,0,0,0
52,"Rockaway Beach Boulevard & Beach 127th Street","Sat",0,0,0,0
52,"Rockaway Beach Boulevard & Beach 127th Street","Sat",1,0,0,0
52,"Rockaway Beach Boulevard & Beach 127th Street","Sat",2,0,0,0
52,"Rockaway Beach Boulevard & Beach 127th Street","Sat",3,0,0,0
52,"Rockaway Beach Boulevard & Beach 127th Street","Sat",4,0,0,0
52,"Rockaway Beach Boulevard & Beach 127th Street","Sat",5,0,0,0
52,"Rockaway Beach Boulevard & Beach 127th Street","Sat",6,0,0,0
52,"Rockaway Beach Boulevard & Beach 127th Street","Sat",7,0,0,0
52,"Rockaway Beach Boulevard & Beach 127th Street","Sat",8,0,0,0
52,"Rockaway Beach Boulevard & Beach 127th Street","Sat",9,0,0,0
52,"Rockaway Beach Boulevard & Beach 127th Street","Sat",10,0,0,0
52,"Rockaway Beach Boulevard & Beach 127th Street","Sat",11,0,0,0
52,"Rockaway Beach Boulevard & Beach 127th Street","Sat",12,0,0,0
52,"Rockaway Beach Boulevard & Beach 127th Street","Sat",13,0,0,0
52,"Rockaway Beach Boulevard & Beach 127th Street","Sat",14,0,0,0
52,"Rockaway Beach Boulevard & Beach 127th Street","Sat",15,0,0,0
52,"Rockaway Beach Boulevard & Beach 127th Street","Sat",16,0,0,0
52,"Rockaway Beach Boulevard & Beach 127th Street","Sat",17,0,0,0
52,"Rockaway Beach Boulevard & Beach 127th Street","Sat",18,0.0128205128205128,0,0.11322770341446
52,"Rockaway Beach Boulevard & Beach 127th Street","Sat",19,0,0,0
52,"Rockaway Beach Boulevard & Beach 127th Street","Sat",20,0,0,0
52,"Rockaway Beach Boulevard & Beach 127th Street","Sat",21,0,0,0
52,"Rockaway Beach Boulevard & Beach 127th Street","Sat",22,0,0,0
52,"Rockaway Beach Boulevard & Beach 127th Street","Sat",23,0,0,0
55,"Rockaway Beach Boulevard & Beach 118th Street","Sun",0,2.87179487179487,2,1.83302301130492
55,"Rockaway Beach Boulevard & Beach 118th Street","Sun",1,1.8974358974359,1,1.96455436663734
55,"Rockaway Beach Boulevard & Beach 118th Street","Sun",2,0.551282051282051,0,0.975644121532771
55,"Rockaway Beach Boulevard & Beach 118th Street","Sun",3,0.397435897435897,0,0.857961092414589
55,"Rockaway Beach Boulevard & Beach 118th Street","Sun",4,0.153846153846154,0,0.560077060489281
55,"Rockaway Beach Boulevard & Beach 118th Street","Sun",5,0.333333333333333,0,0.906923823984585
55,"Rockaway Beach Boulevard & Beach 118th Street","Sun",6,0.128205128205128,0,0.566579492227102
55,"Rockaway Beach Boulevard & Beach 118th Street","Sun",7,0.205128205128205,0,0.631612538613982
55,"Rockaway Beach Boulevard & Beach 118th Street","Sun",8,0.166666666666667,0,0.63279767732894
55,"Rockaway Beach Boulevard & Beach 118th Street","Sun",9,0.269230769230769,0,0.732777617673354
55,"Rockaway Beach Boulevard & Beach 118th Street","Sun",10,0.346153846153846,0,0.85016305658222
55,"Rockaway Beach Boulevard & Beach 118th Street","Sun",11,0.551282051282051,0,1.06475332058634
55,"Rockaway Beach Boulevard & Beach 118th Street","Sun",12,1.53846153846154,1,1.49190288751454
55,"Rockaway Beach Boulevard & Beach 118th Street","Sun",13,1.94871794871795,2,1.27816260064971
55,"Rockaway Beach Boulevard & Beach 118th Street","Sun",14,3.44871794871795,3,2.07425427624744
55,"Rockaway Beach Boulevard & Beach 118th Street","Sun",15,3.02564102564103,2,1.99332886733724
55,"Rockaway Beach Boulevard & Beach 118th Street","Sun",16,3.12820512820513,3,1.79724879471464
55,"Rockaway Beach Boulevard & Beach 118th Street","Sun",17,2.69230769230769,2,1.47980072638521
55,"Rockaway Beach Boulevard & Beach 118th Street","Sun",18,3.16666666666667,3,1.90976075653108
55,"Rockaway Beach Boulevard & Beach 118th Street","Sun",19,2.69230769230769,2,1.81843155128075
55,"Rockaway Beach Boulevard & Beach 118th Street","Sun",20,2.87179487179487,3,1.39906252804367
55,"Rockaway Beach Boulevard & Beach 118th Street","Sun",21,3.19230769230769,2.5,2.50743151196853
55,"Rockaway Beach Boulevard & Beach 118th Street","Sun",22,2.82051282051282,3,1.47484174580128
55,"Rockaway Beach Boulevard & Beach 118th Street","Sun",23,2.75641025641026,2.5,1.58880742203359
55,"Rockaway Beach Boulevard & Beach 118th Street","Mon",0,2.60759493670886,2,1.9042309270579
55,"Rockaway Beach Boulevard & Beach 118th Street","Mon",1,1.83544303797468,1,2.20390317942459
55,"Rockaway Beach Boulevard & Beach 118th Street","Mon",2,0.430379746835443,0,0.995934611999915
55,"Rockaway Beach Boulevard & Beach 118th Street","Mon",3,0.316455696202532,0,0.68956143248144
55,"Rockaway Beach Boulevard & Beach 118th Street","Mon",4,0.240506329113924,0,0.624606334964173
55,"Rockaway Beach Boulevard & Beach 118th Street","Mon",5,0.30379746835443,0,0.867569998354479
55,"Rockaway Beach Boulevard & Beach 118th Street","Mon",6,0.164556962025316,0,0.6082842568227
55,"Rockaway Beach Boulevard & Beach 118th Street","Mon",7,0.329113924050633,0,0.796169016126307
55,"Rockaway Beach Boulevard & Beach 118th Street","Mon",8,0.189873417721519,0,0.60076765778735
55,"Rockaway Beach Boulevard & Beach 118th Street","Mon",9,1.69620253164557,2,1.4880242483183
55,"Rockaway Beach Boulevard & Beach 118th Street","Mon",10,1.70886075949367,2,0.93578294018044
55,"Rockaway Beach Boulevard & Beach 118th Street","Mon",11,2.16455696202532,2,1.23444558039004
55,"Rockaway Beach Boulevard & Beach 118th Street","Mon",12,2.46835443037975,2,1.509248777627
55,"Rockaway Beach Boulevard & Beach 118th Street","Mon",13,2.21518987341772,2,1.33657509190707
55,"Rockaway Beach Boulevard & Beach 118th Street","Mon",14,2.32911392405063,2,1.30797866158535
55,"Rockaway Beach Boulevard & Beach 118th Street","Mon",15,2.51898734177215,2,1.43098280279289
55,"Rockaway Beach Boulevard & Beach 118th Street","Mon",16,2.36708860759494,2,1.43381520096196
55,"Rockaway Beach Boulevard & Beach 118th Street","Mon",17,2.41772151898734,2,1.38311794680982
55,"Rockaway Beach Boulevard & Beach 118th Street","Mon",18,2.16455696202532,2,1.32462263370129
55,"Rockaway Beach Boulevard & Beach 118th Street","Mon",19,2.21518987341772,2,1.5497798526536
55,"Rockaway Beach Boulevard & Beach 118th Street","Mon",20,2.49367088607595,2,1.8318648038341
55,"Rockaway Beach Boulevard & Beach 118th Street","Mon",21,1.92405063291139,2,1.48299897037098
55,"Rockaway Beach Boulevard & Beach 118th Street","Mon",22,2.36708860759494,2,1.47784679812039
55,"Rockaway Beach Boulevard & Beach 118th Street","Mon",23,2.58227848101266,2,1.3359678613583
55,"Rockaway Beach Boulevard & Beach 118th Street","Tue",0,2.25641025641026,2,1.49836185385515
55,"Rockaway Beach Boulevard & Beach 118th Street","Tue",1,2.20512820512821,2,1.42663871926218
55,"Rockaway Beach Boulevard & Beach 118th Street","Tue",2,0.833333333333333,0,1.14434427054266
55,"Rockaway Beach Boulevard & Beach 118th Street","Tue",3,0.243589743589744,0,0.648392566592894
55,"Rockaway Beach Boulevard & Beach 118th Street","Tue",4,0.230769230769231,0,0.682300861449306
55,"Rockaway Beach Boulevard & Beach 118th Street","Tue",5,0.333333333333333,0,1.07711334601943
55,"Rockaway Beach Boulevard & Beach 118th Street","Tue",6,0.346153846153846,0,0.752949577948662
55,"Rockaway Beach Boulevard & Beach 118th Street","Tue",7,0.205128205128205,0,0.690547954060018
55,"Rockaway Beach Boulevard & Beach 118th Street","Tue",8,0.153846153846154,0,0.536388187521209
55,"Rockaway Beach Boulevard & Beach 118th Street","Tue",9,1.53846153846154,2,1.26585844484982
55,"Rockaway Beach Boulevard & Beach 118th Street","Tue",10,1.80769230769231,2,0.868760758060155
55,"Rockaway Beach Boulevard & Beach 118th Street","Tue",11,2.08974358974359,2,1.04677485436821
55,"Rockaway Beach Boulevard & Beach 118th Street","Tue",12,1.98717948717949,2,1.21134882150682
55,"Rockaway Beach Boulevard & Beach 118th Street","Tue",13,2.57692307692308,2,1.42809682425966
55,"Rockaway Beach Boulevard & Beach 118th Street","Tue",14,2.52564102564103,2,1.43901444425085
55,"Rockaway Beach Boulevard & Beach 118th Street","Tue",15,2.62820512820513,2,1.23907144075636
55,"Rockaway Beach Boulevard & Beach 118th Street","Tue",16,2.58974358974359,2,1.58266500082251
55,"Rockaway Beach Boulevard & Beach 118th Street","Tue",17,2.41025641025641,2,1.07432730309676
55,"Rockaway Beach Boulevard & Beach 118th Street","Tue",18,2.46153846153846,2,1.54324929341257
55,"Rockaway Beach Boulevard & Beach 118th Street","Tue",19,2.34615384615385,2,1.19334652305017
55,"Rockaway Beach Boulevard & Beach 118th Street","Tue",20,2.24358974358974,2,1.60507229627113
55,"Rockaway Beach Boulevard & Beach 118th Street","Tue",21,1.96153846153846,2,1.31368726330669
55,"Rockaway Beach Boulevard & Beach 118th Street","Tue",22,2.47435897435897,2,1.30657039884049
55,"Rockaway Beach Boulevard & Beach 118th Street","Tue",23,2.24358974358974,2,1.40671762584197
55,"Rockaway Beach Boulevard & Beach 118th Street","Wed",0,1.91025641025641,2,1.03429375409676
55,"Rockaway Beach Boulevard & Beach 118th Street","Wed",1,1.87179487179487,2,1.25210445561286
55,"Rockaway Beach Boulevard & Beach 118th Street","Wed",2,0.987179487179487,1,1.11067535022604
55,"Rockaway Beach Boulevard & Beach 118th Street","Wed",3,0.41025641025641,0,0.917872999107635
55,"Rockaway Beach Boulevard & Beach 118th Street","Wed",4,0.307692307692308,0,0.842193985546506
55,"Rockaway Beach Boulevard & Beach 118th Street","Wed",5,0.269230769230769,0,0.800536782952002
55,"Rockaway Beach Boulevard & Beach 118th Street","Wed",6,0.217948717948718,0,0.732323040943704
55,"Rockaway Beach Boulevard & Beach 118th Street","Wed",7,0.333333333333333,0,0.862895558331798
55,"Rockaway Beach Boulevard & Beach 118th Street","Wed",8,0.282051282051282,0,0.820158931342378
55,"Rockaway Beach Boulevard & Beach 118th Street","Wed",9,1.46153846153846,2,1.29627145317626
55,"Rockaway Beach Boulevard & Beach 118th Street","Wed",10,1.73076923076923,2,0.907015613248924
55,"Rockaway Beach Boulevard & Beach 118th Street","Wed",11,1.96153846153846,2,1.08642518394949
55,"Rockaway Beach Boulevard & Beach 118th Street","Wed",12,2.37179487179487,2,1.48681630022767
55,"Rockaway Beach Boulevard & Beach 118th Street","Wed",13,2.56410256410256,2,1.67168740933788
55,"Rockaway Beach Boulevard & Beach 118th Street","Wed",14,2.85897435897436,2,1.99820932157782
55,"Rockaway Beach Boulevard & Beach 118th Street","Wed",15,2.41025641025641,2,1.15585350974824
55,"Rockaway Beach Boulevard & Beach 118th Street","Wed",16,2.47435897435897,2,1.36490672317575
55,"Rockaway Beach Boulevard & Beach 118th Street","Wed",17,2.3974358974359,2,1.25190497533402
55,"Rockaway Beach Boulevard & Beach 118th Street","Wed",18,2.15384615384615,2,1.31007011884239
55,"Rockaway Beach Boulevard & Beach 118th Street","Wed",19,2.02564102564103,2,1.23765969951418
55,"Rockaway Beach Boulevard & Beach 118th Street","Wed",20,2.26923076923077,2,1.43855155258008
55,"Rockaway Beach Boulevard & Beach 118th Street","Wed",21,2.11538461538462,2,1.62752915453185
55,"Rockaway Beach Boulevard & Beach 118th Street","Wed",22,2.66666666666667,2,1.52610757451902
55,"Rockaway Beach Boulevard & Beach 118th Street","Wed",23,2.20512820512821,2,1.35185273883875
55,"Rockaway Beach Boulevard & Beach 118th Street","Thu",0,2.37179487179487,2,1.53833249542057
55,"Rockaway Beach Boulevard & Beach 118th Street","Thu",1,2.15384615384615,2,1.22820662288212
55,"Rockaway Beach Boulevard & Beach 118th Street","Thu",2,1,0,1.4858641283079
55,"Rockaway Beach Boulevard & Beach 118th Street","Thu",3,0.525641025641026,0,0.949700690708078
55,"Rockaway Beach Boulevard & Beach 118th Street","Thu",4,0.243589743589744,0,0.628043704242702
55,"Rockaway Beach Boulevard & Beach 118th Street","Thu",5,0.230769230769231,0,0.622585245257537
55,"Rockaway Beach Boulevard & Beach 118th Street","Thu",6,0.346153846153846,0,0.786689976344633
55,"Rockaway Beach Boulevard & Beach 118th Street","Thu",7,0.17948717948718,0,0.552293676433385
55,"Rockaway Beach Boulevard & Beach 118th Street","Thu",8,0.205128205128205,0,0.566579492227102
55,"Rockaway Beach Boulevard & Beach 118th Street","Thu",9,1.28205128205128,1,1.13843633815743
55,"Rockaway Beach Boulevard & Beach 118th Street","Thu",10,1.75641025641026,1.5,1.1972468139026
55,"Rockaway Beach Boulevard & Beach 118th Street","Thu",11,1.93589743589744,2,1.03622370835625
55,"Rockaway Beach Boulevard & Beach 118th Street","Thu",12,2.32051282051282,2,1.21134882150682
55,"Rockaway Beach Boulevard & Beach 118th Street","Thu",13,2.32051282051282,2,1.09892024625343
55,"Rockaway Beach Boulevard & Beach 118th Street","Thu",14,2.33333333333333,2,1.28595476346552
55,"Rockaway Beach Boulevard & Beach 118th Street","Thu",15,2.8974358974359,3,1.69483358252687
55,"Rockaway Beach Boulevard & Beach 118th Street","Thu",16,2.44871794871795,2,1.30580557707807
55,"Rockaway Beach Boulevard & Beach 118th Street","Thu",17,2.5,2,1.66515082581947
55,"Rockaway Beach Boulevard & Beach 118th Street","Thu",18,2.38461538461538,2,1.40713182752007
55,"Rockaway Beach Boulevard & Beach 118th Street","Thu",19,2.48717948717949,2,1.32648926100959
55,"Rockaway Beach Boulevard & Beach 118th Street","Thu",20,2.26923076923077,2,1.42949520581796
55,"Rockaway Beach Boulevard & Beach 118th Street","Thu",21,1.91025641025641,2,1.31114996057439
55,"Rockaway Beach Boulevard & Beach 118th Street","Thu",22,2.75641025641026,2,1.67631241420664
55,"Rockaway Beach Boulevard & Beach 118th Street","Thu",23,2.61538461538462,3,1.39787193764163
55,"Rockaway Beach Boulevard & Beach 118th Street","Fri",0,2.5,2,1.63365576815655
55,"Rockaway Beach Boulevard & Beach 118th Street","Fri",1,2.12820512820513,2,1.3614256694656
55,"Rockaway Beach Boulevard & Beach 118th Street","Fri",2,0.91025641025641,0,1.28109021586777
55,"Rockaway Beach Boulevard & Beach 118th Street","Fri",3,0.346153846153846,0,0.770004605770052
55,"Rockaway Beach Boulevard & Beach 118th Street","Fri",4,0.141025641025641,0,0.476032274753222
55,"Rockaway Beach Boulevard & Beach 118th Street","Fri",5,0.243589743589744,0,0.628043704242702
55,"Rockaway Beach Boulevard & Beach 118th Street","Fri",6,0.307692307692308,0,0.794587082306673
55,"Rockaway Beach Boulevard & Beach 118th Street","Fri",7,0.282051282051282,0,0.820158931342378
55,"Rockaway Beach Boulevard & Beach 118th Street","Fri",8,0.294871794871795,0,0.884336633896438
55,"Rockaway Beach Boulevard & Beach 118th Street","Fri",9,1.3974358974359,1,1.33231312950758
55,"Rockaway Beach Boulevard & Beach 118th Street","Fri",10,2.62820512820513,3,1.12940593922547
55,"Rockaway Beach Boulevard & Beach 118th Street","Fri",11,2.25641025641026,2,1.22140963310492
55,"Rockaway Beach Boulevard & Beach 118th Street","Fri",12,2.85897435897436,2.5,1.68047889722225
55,"Rockaway Beach Boulevard & Beach 118th Street","Fri",13,2.66666666666667,2,1.37384347268744
55,"Rockaway Beach Boulevard & Beach 118th Street","Fri",14,3.02564102564103,3,1.87930879096585
55,"Rockaway Beach Boulevard & Beach 118th Street","Fri",15,2.53846153846154,2,1.29627145317625
55,"Rockaway Beach Boulevard & Beach 118th Street","Fri",16,2.75641025641026,3,1.55576763059684
55,"Rockaway Beach Boulevard & Beach 118th Street","Fri",17,2.38461538461538,2,1.11926192320978
55,"Rockaway Beach Boulevard & Beach 118th Street","Fri",18,2.65384615384615,2,1.43089222076736
55,"Rockaway Beach Boulevard & Beach 118th Street","Fri",19,2.42307692307692,2,1.38187930355383
55,"Rockaway Beach Boulevard & Beach 118th Street","Fri",20,2.37179487179487,2,1.42436109494908
55,"Rockaway Beach Boulevard & Beach 118th Street","Fri",21,1.96153846153846,2,1.4984174135583
55,"Rockaway Beach Boulevard & Beach 118th Street","Fri",22,2.33333333333333,2,1.55142721612276
55,"Rockaway Beach Boulevard & Beach 118th Street","Fri",23,2.92307692307692,2,2.09990247620941
55,"Rockaway Beach Boulevard & Beach 118th Street","Sat",0,2.25641025641026,2,1.28362208133299
55,"Rockaway Beach Boulevard & Beach 118th Street","Sat",1,2.35897435897436,2,1.55400077700058
55,"Rockaway Beach Boulevard & Beach 118th Street","Sat",2,0.961538461538462,0.5,1.18915344429805
55,"Rockaway Beach Boulevard & Beach 118th Street","Sat",3,0.333333333333333,0,0.767296936488469
55,"Rockaway Beach Boulevard & Beach 118th Street","Sat",4,0.525641025641026,0,1.13646020235721
55,"Rockaway Beach Boulevard & Beach 118th Street","Sat",5,0.397435897435897,0,0.887719149306405
55,"Rockaway Beach Boulevard & Beach 118th Street","Sat",6,0.384615384615385,0,1.05965896536439
55,"Rockaway Beach Boulevard & Beach 118th Street","Sat",7,0.294871794871795,0,0.757798834954947
55,"Rockaway Beach Boulevard & Beach 118th Street","Sat",8,0.282051282051282,0,0.70060152072522
55,"Rockaway Beach Boulevard & Beach 118th Street","Sat",9,0.282051282051282,0,0.924380254267071
55,"Rockaway Beach Boulevard & Beach 118th Street","Sat",10,0.307692307692308,0,0.778071079911472
55,"Rockaway Beach Boulevard & Beach 118th Street","Sat",11,0.602564102564103,0,1.07316431718617
55,"Rockaway Beach Boulevard & Beach 118th Street","Sat",12,1.52564102564103,1,1.61747244681853
55,"Rockaway Beach Boulevard & Beach 118th Street","Sat",13,2.30769230769231,2,1.61412347898003
55,"Rockaway Beach Boulevard & Beach 118th Street","Sat",14,3.30769230769231,3,1.80409125455041
55,"Rockaway Beach Boulevard & Beach 118th Street","Sat",15,3,3,1.82336922335421
55,"Rockaway Beach Boulevard & Beach 118th Street","Sat",16,3.15384615384615,3,1.82391702845095
55,"Rockaway Beach Boulevard & Beach 118th Street","Sat",17,3.12820512820513,3,2.02810752013302
55,"Rockaway Beach Boulevard & Beach 118th Street","Sat",18,2.98717948717949,3,1.91028378760438
55,"Rockaway Beach Boulevard & Beach 118th Street","Sat",19,3,3,1.8304779022565
55,"Rockaway Beach Boulevard & Beach 118th Street","Sat",20,2.73076923076923,2,1.60091756906377
55,"Rockaway Beach Boulevard & Beach 118th Street","Sat",21,3.23076923076923,3,2.27877317713001
55,"Rockaway Beach Boulevard & Beach 118th Street","Sat",22,2.80769230769231,3,1.62014663684344
55,"Rockaway Beach Boulevard & Beach 118th Street","Sat",23,2.79487179487179,2,1.78273811261082
56,"Rockaway Beach Boulevard & Beach 127th Street","Sun",0,0,0,0
56,"Rockaway Beach Boulevard & Beach 127th Street","Sun",1,0,0,0
56,"Rockaway Beach Boulevard & Beach 127th Street","Sun",2,0,0,0
56,"Rockaway Beach Boulevard & Beach 127th Street","Sun",3,0,0,0
56,"Rockaway Beach Boulevard & Beach 127th Street","Sun",4,0,0,0
56,"Rockaway Beach Boulevard & Beach 127th Street","Sun",5,0,0,0
56,"Rockaway Beach Boulevard & Beach 127th Street","Sun",6,0,0,0
56,"Rockaway Beach Boulevard & Beach 127th Street","Sun",7,0,0,0
56,"Rockaway Beach Boulevard & Beach 127th Street","Sun",8,0,0,0
56,"Rockaway Beach Boulevard & Beach 127th Street","Sun",9,0,0,0
56,"Rockaway Beach Boulevard & Beach 127th Street","Sun",10,0,0,0
56,"Rockaway Beach Boulevard & Beach 127th Street","Sun",11,0,0,0
56,"Rockaway Beach Boulevard & Beach 127th Street","Sun",12,0,0,0
56,"Rockaway Beach Boulevard & Beach 127th Street","Sun",13,0,0,0
56,"Rockaway Beach Boulevard & Beach 127th Street","Sun",14,0,0,0
56,"Rockaway Beach Boulevard & Beach 127th Street","Sun",15,0,0,0
56,"Rockaway Beach Boulevard & Beach 127th Street","Sun",16,0,0,0
56,"Rockaway Beach Boulevard & Beach 127th Street","Sun",17,0,0,0
56,"Rockaway Beach Boulevard & Beach 127th Street","Sun",18,0,0,0
56,"Rockaway Beach Boulevard & Beach 127th Street","Sun",19,0,0,0
56,"Rockaway Beach Boulevard & Beach 127th Street","Sun",20,0,0,0
56,"Rockaway Beach Boulevard & Beach 127th Street","Sun",21,0,0,0
56,"Rockaway Beach Boulevard & Beach 127th Street","Sun",22,0,0,0
56,"Rockaway Beach Boulevard & Beach 127th Street","Sun",23,0,0,0
56,"Rockaway Beach Boulevard & Beach 127th Street","Mon",0,0,0,0
56,"Rockaway Beach Boulevard & Beach 127th Street","Mon",1,0,0,0
56,"Rockaway Beach Boulevard & Beach 127th Street","Mon",2,0,0,0
56,"Rockaway Beach Boulevard & Beach 127th Street","Mon",3,0,0,0
56,"Rockaway Beach Boulevard & Beach 127th Street","Mon",4,0,0,0
56,"Rockaway Beach Boulevard & Beach 127th Street","Mon",5,0,0,0
56,"Rockaway Beach Boulevard & Beach 127th Street","Mon",6,0,0,0
56,"Rockaway Beach Boulevard & Beach 127th Street","Mon",7,0,0,0
56,"Rockaway Beach Boulevard & Beach 127th Street","Mon",8,0,0,0
56,"Rockaway Beach Boulevard & Beach 127th Street","Mon",9,0,0,0
56,"Rockaway Beach Boulevard & Beach 127th Street","Mon",10,0,0,0
56,"Rockaway Beach Boulevard & Beach 127th Street","Mon",11,0,0,0
56,"Rockaway Beach Boulevard & Beach 127th Street","Mon",12,0,0,0
56,"Rockaway Beach Boulevard & Beach 127th Street","Mon",13,0,0,0
56,"Rockaway Beach Boulevard & Beach 127th Street","Mon",14,0,0,0
56,"Rockaway Beach Boulevard & Beach 127th Street","Mon",15,0,0,0
56,"Rockaway Beach Boulevard & Beach 127th Street","Mon",16,0,0,0
56,"Rockaway Beach Boulevard & Beach 127th Street","Mon",17,0,0,0
56,"Rockaway Beach Boulevard & Beach 127th Street","Mon",18,0.0126582278481013,0,0.112508790092602
56,"Rockaway Beach Boulevard & Beach 127th Street","Mon",19,0,0,0
56,"Rockaway Beach Boulevard & Beach 127th Street","Mon",20,0,0,0
56,"Rockaway Beach Boulevard & Beach 127th Street","Mon",21,0,0,0
56,"Rockaway Beach Boulevard & Beach 127th Street","Mon",22,0,0,0
56,"Rockaway Beach Boulevard & Beach 127th Street","Mon",23,0,0,0
56,"Rockaway Beach Boulevard & Beach 127th Street","Tue",0,0,0,0
56,"Rockaway Beach Boulevard & Beach 127th Street","Tue",1,0,0,0
56,"Rockaway Beach Boulevard & Beach 127th Street","Tue",2,0,0,0
56,"Rockaway Beach Boulevard & Beach 127th Street","Tue",3,0,0,0
56,"Rockaway Beach Boulevard & Beach 127th Street","Tue",4,0,0,0
56,"Rockaway Beach Boulevard & Beach 127th Street","Tue",5,0,0,0
56,"Rockaway Beach Boulevard & Beach 127th Street","Tue",6,0,0,0
56,"Rockaway Beach Boulevard & Beach 127th Street","Tue",7,0,0,0
56,"Rockaway Beach Boulevard & Beach 127th Street","Tue",8,0,0,0
56,"Rockaway Beach Boulevard & Beach 127th Street","Tue",9,0,0,0
56,"Rockaway Beach Boulevard & Beach 127th Street","Tue",10,0,0,0
56,"Rockaway Beach Boulevard & Beach 127th Street","Tue",11,0,0,0
56,"Rockaway Beach Boulevard & Beach 127th Street","Tue",12,0,0,0
56,"Rockaway Beach Boulevard & Beach 127th Street","Tue",13,0,0,0
56,"Rockaway Beach Boulevard & Beach 127th Street","Tue",14,0,0,0
56,"Rockaway Beach Boulevard & Beach 127th Street","Tue",15,0,0,0
56,"Rockaway Beach Boulevard & Beach 127th Street","Tue",16,0,0,0
56,"Rockaway Beach Boulevard & Beach 127th Street","Tue",17,0,0,0
56,"Rockaway Beach Boulevard & Beach 127th Street","Tue",18,0,0,0
56,"Rockaway Beach Boulevard & Beach 127th Street","Tue",19,0,0,0
56,"Rockaway Beach Boulevard & Beach 127th Street","Tue",20,0,0,0
56,"Rockaway Beach Boulevard & Beach 127th Street","Tue",21,0,0,0
56,"Rockaway Beach Boulevard & Beach 127th Street","Tue",22,0,0,0
56,"Rockaway Beach Boulevard & Beach 127th Street","Tue",23,0,0,0
56,"Rockaway Beach Boulevard & Beach 127th Street","Wed",0,0,0,0
56,"Rockaway Beach Boulevard & Beach 127th Street","Wed",1,0,0,0
56,"Rockaway Beach Boulevard & Beach 127th Street","Wed",2,0,0,0
56,"Rockaway Beach Boulevard & Beach 127th Street","Wed",3,0,0,0
56,"Rockaway Beach Boulevard & Beach 127th Street","Wed",4,0,0,0
56,"Rockaway Beach Boulevard & Beach 127th Street","Wed",5,0,0,0
56,"Rockaway Beach Boulevard & Beach 127th Street","Wed",6,0,0,0
56,"Rockaway Beach Boulevard & Beach 127th Street","Wed",7,0,0,0
56,"Rockaway Beach Boulevard & Beach 127th Street","Wed",8,0,0,0
56,"Rockaway Beach Boulevard & Beach 127th Street","Wed",9,0,0,0
56,"Rockaway Beach Boulevard & Beach 127th Street","Wed",10,0,0,0
56,"Rockaway Beach Boulevard & Beach 127th Street","Wed",11,0,0,0
56,"Rockaway Beach Boulevard & Beach 127th Street","Wed",12,0,0,0
56,"Rockaway Beach Boulevard & Beach 127th Street","Wed",13,0,0,0
56,"Rockaway Beach Boulevard & Beach 127th Street","Wed",14,0,0,0
56,"Rockaway Beach Boulevard & Beach 127th Street","Wed",15,0,0,0
56,"Rockaway Beach Boulevard & Beach 127th Street","Wed",16,0,0,0
56,"Rockaway Beach Boulevard & Beach 127th Street","Wed",17,0,0,0
56,"Rockaway Beach Boulevard & Beach 127th Street","Wed",18,0,0,0
56,"Rockaway Beach Boulevard & Beach 127th Street","Wed",19,0,0,0
56,"Rockaway Beach Boulevard & Beach 127th Street","Wed",20,0,0,0
56,"Rockaway Beach Boulevard & Beach 127th Street","Wed",21,0.0128205128205128,0,0.11322770341446
56,"Rockaway Beach Boulevard & Beach 127th Street","Wed",22,0,0,0
56,"Rockaway Beach Boulevard & Beach 127th Street","Wed",23,0,0,0
56,"Rockaway Beach Boulevard & Beach 127th Street","Thu",0,0,0,0
56,"Rockaway Beach Boulevard & Beach 127th Street","Thu",1,0,0,0
56,"Rockaway Beach Boulevard & Beach 127th Street","Thu",2,0,0,0
56,"Rockaway Beach Boulevard & Beach 127th Street","Thu",3,0,0,0
56,"Rockaway Beach Boulevard & Beach 127th Street","Thu",4,0,0,0
56,"Rockaway Beach Boulevard & Beach 127th Street","Thu",5,0,0,0
56,"Rockaway Beach Boulevard & Beach 127th Street","Thu",6,0,0,0
56,"Rockaway Beach Boulevard & Beach 127th Street","Thu",7,0,0,0
56,"Rockaway Beach Boulevard & Beach 127th Street","Thu",8,0,0,0
56,"Rockaway Beach Boulevard & Beach 127th Street","Thu",9,0,0,0
56,"Rockaway Beach Boulevard & Beach 127th Street","Thu",10,0,0,0
56,"Rockaway Beach Boulevard & Beach 127th Street","Thu",11,0,0,0
56,"Rockaway Beach Boulevard & Beach 127th Street","Thu",12,0,0,0
56,"Rockaway Beach Boulevard & Beach 127th Street","Thu",13,0,0,0
56,"Rockaway Beach Boulevard & Beach 127th Street","Thu",14,0,0,0
56,"Rockaway Beach Boulevard & Beach 127th Street","Thu",15,0,0,0
56,"Rockaway Beach Boulevard & Beach 127th Street","Thu",16,0.0384615384615385,0,0.251866161753745
56,"Rockaway Beach Boulevard & Beach 127th Street","Thu",17,0.0384615384615385,0,0.251866161753745
56,"Rockaway Beach Boulevard & Beach 127th Street","Thu",18,0.0128205128205128,0,0.11322770341446
56,"Rockaway Beach Boulevard & Beach 127th Street","Thu",19,0,0,0
56,"Rockaway Beach Boulevard & Beach 127th Street","Thu",20,0,0,0
56,"Rockaway Beach Boulevard & Beach 127th Street","Thu",21,0,0,0
56,"Rockaway Beach Boulevard & Beach 127th Street","Thu",22,0,0,0
56,"Rockaway Beach Boulevard & Beach 127th Street","Thu",23,0,0,0
56,"Rockaway Beach Boulevard & Beach 127th Street","Fri",0,0,0,0
56,"Rockaway Beach Boulevard & Beach 127th Street","Fri",1,0,0,0
56,"Rockaway Beach Boulevard & Beach 127th Street","Fri",2,0,0,0
56,"Rockaway Beach Boulevard & Beach 127th Street","Fri",3,0,0,0
56,"Rockaway Beach Boulevard & Beach 127th Street","Fri",4,0,0,0
56,"Rockaway Beach Boulevard & Beach 127th Street","Fri",5,0,0,0
56,"Rockaway Beach Boulevard & Beach 127th Street","Fri",6,0,0,0
56,"Rockaway Beach Boulevard & Beach 127th Street","Fri",7,0,0,0
56,"Rockaway Beach Boulevard & Beach 127th Street","Fri",8,0,0,0
56,"Rockaway Beach Boulevard & Beach 127th Street","Fri",9,0,0,0
56,"Rockaway Beach Boulevard & Beach 127th Street","Fri",10,0,0,0
56,"Rockaway Beach Boulevard & Beach 127th Street","Fri",11,0,0,0
56,"Rockaway Beach Boulevard & Beach 127th Street","Fri",12,0,0,0
56,"Rockaway Beach Boulevard & Beach 127th Street","Fri",13,0,0,0
56,"Rockaway Beach Boulevard & Beach 127th Street","Fri",14,0,0,0
56,"Rockaway Beach Boulevard & Beach 127th Street","Fri",15,0,0,0
56,"Rockaway Beach Boulevard & Beach 127th Street","Fri",16,0,0,0
56,"Rockaway Beach Boulevard & Beach 127th Street","Fri",17,0,0,0
56,"Rockaway Beach Boulevard & Beach 127th Street","Fri",18,0,0,0
56,"Rockaway Beach Boulevard & Beach 127th Street","Fri",19,0,0,0
56,"Rockaway Beach Boulevard & Beach 127th Street","Fri",20,0,0,0
56,"Rockaway Beach Boulevard & Beach 127th Street","Fri",21,0,0,0
56,"Rockaway Beach Boulevard & Beach 127th Street","Fri",22,0,0,0
56,"Rockaway Beach Boulevard & Beach 127th Street","Fri",23,0,0,0
56,"Rockaway Beach Boulevard & Beach 127th Street","Sat",0,0,0,0
56,"Rockaway Beach Boulevard & Beach 127th Street","Sat",1,0,0,0
56,"Rockaway Beach Boulevard & Beach 127th Street","Sat",2,0,0,0
56,"Rockaway Beach Boulevard & Beach 127th Street","Sat",3,0,0,0
56,"Rockaway Beach Boulevard & Beach 127th Street","Sat",4,0,0,0
56,"Rockaway Beach Boulevard & Beach 127th Street","Sat",5,0,0,0
56,"Rockaway Beach Boulevard & Beach 127th Street","Sat",6,0,0,0
56,"Rockaway Beach Boulevard & Beach 127th Street","Sat",7,0,0,0
56,"Rockaway Beach Boulevard & Beach 127th Street","Sat",8,0,0,0
56,"Rockaway Beach Boulevard & Beach 127th Street","Sat",9,0,0,0
56,"Rockaway Beach Boulevard & Beach 127th Street","Sat",10,0,0,0
56,"Rockaway Beach Boulevard & Beach 127th Street","Sat",11,0,0,0
56,"Rockaway Beach Boulevard & Beach 127th Street","Sat",12,0,0,0
56,"Rockaway Beach Boulevard & Beach 127th Street","Sat",13,0,0,0
56,"Rockaway Beach Boulevard & Beach 127th Street","Sat",14,0,0,0
56,"Rockaway Beach Boulevard & Beach 127th Street","Sat",15,0,0,0
56,"Rockaway Beach Boulevard & Beach 127th Street","Sat",16,0,0,0
56,"Rockaway Beach Boulevard & Beach 127th Street","Sat",17,0,0,0
56,"Rockaway Beach Boulevard & Beach 127th Street","Sat",18,0,0,0
56,"Rockaway Beach Boulevard & Beach 127th Street","Sat",19,0,0,0
56,"Rockaway Beach Boulevard & Beach 127th Street","Sat",20,0,0,0
56,"Rockaway Beach Boulevard & Beach 127th Street","Sat",21,0,0,0
56,"Rockaway Beach Boulevard & Beach 127th Street","Sat",22,0,0,0
56,"Rockaway Beach Boulevard & Beach 127th Street","Sat",23,0,0,0
57,"Rockaway Beach Boulevard & Beach 135th Street","Sun",0,0,0,0
57,"Rockaway Beach Boulevard & Beach 135th Street","Sun",1,0,0,0
57,"Rockaway Beach Boulevard & Beach 135th Street","Sun",2,0,0,0
57,"Rockaway Beach Boulevard & Beach 135th Street","Sun",3,0,0,0
57,"Rockaway Beach Boulevard & Beach 135th Street","Sun",4,0,0,0
57,"Rockaway Beach Boulevard & Beach 135th Street","Sun",5,0,0,0
57,"Rockaway Beach Boulevard & Beach 135th Street","Sun",6,0,0,0
57,"Rockaway Beach Boulevard & Beach 135th Street","Sun",7,0,0,0
57,"Rockaway Beach Boulevard & Beach 135th Street","Sun",8,0,0,0
57,"Rockaway Beach Boulevard & Beach 135th Street","Sun",9,0,0,0
57,"Rockaway Beach Boulevard & Beach 135th Street","Sun",10,0,0,0
57,"Rockaway Beach Boulevard & Beach 135th Street","Sun",11,0,0,0
57,"Rockaway Beach Boulevard & Beach 135th Street","Sun",12,0,0,0
57,"Rockaway Beach Boulevard & Beach 135th Street","Sun",13,0,0,0
57,"Rockaway Beach Boulevard & Beach 135th Street","Sun",14,0,0,0
57,"Rockaway Beach Boulevard & Beach 135th Street","Sun",15,0,0,0
57,"Rockaway Beach Boulevard & Beach 135th Street","Sun",16,0,0,0
57,"Rockaway Beach Boulevard & Beach 135th Street","Sun",17,0,0,0
57,"Rockaway Beach Boulevard & Beach 135th Street","Sun",18,0,0,0
57,"Rockaway Beach Boulevard & Beach 135th Street","Sun",19,0.0128205128205128,0,0.11322770341446
57,"Rockaway Beach Boulevard & Beach 135th Street","Sun",20,0.0384615384615385,0,0.339683110243379
57,"Rockaway Beach Boulevard & Beach 135th Street","Sun",21,0.0256410256410256,0,0.226455406828919
57,"Rockaway Beach Boulevard & Beach 135th Street","Sun",22,0,0,0
57,"Rockaway Beach Boulevard & Beach 135th Street","Sun",23,0,0,0
57,"Rockaway Beach Boulevard & Beach 135th Street","Mon",0,0,0,0
57,"Rockaway Beach Boulevard & Beach 135th Street","Mon",1,0,0,0
57,"Rockaway Beach Boulevard & Beach 135th Street","Mon",2,0,0,0
57,"Rockaway Beach Boulevard & Beach 135th Street","Mon",3,0,0,0
57,"Rockaway Beach Boulevard & Beach 135th Street","Mon",4,0,0,0
57,"Rockaway Beach Boulevard & Beach 135th Street","Mon",5,0,0,0
57,"Rockaway Beach Boulevard & Beach 135th Street","Mon",6,0,0,0
57,"Rockaway Beach Boulevard & Beach 135th Street","Mon",7,0,0,0
57,"Rockaway Beach Boulevard & Beach 135th Street","Mon",8,0,0,0
57,"Rockaway Beach Boulevard & Beach 135th Street","Mon",9,0,0,0
57,"Rockaway Beach Boulevard & Beach 135th Street","Mon",10,0,0,0
57,"Rockaway Beach Boulevard & Beach 135th Street","Mon",11,0,0,0
57,"Rockaway Beach Boulevard & Beach 135th Street","Mon",12,0,0,0
57,"Rockaway Beach Boulevard & Beach 135th Street","Mon",13,0,0,0
57,"Rockaway Beach Boulevard & Beach 135th Street","Mon",14,0,0,0
57,"Rockaway Beach Boulevard & Beach 135th Street","Mon",15,0,0,0
57,"Rockaway Beach Boulevard & Beach 135th Street","Mon",16,0,0,0
57,"Rockaway Beach Boulevard & Beach 135th Street","Mon",17,0,0,0
57,"Rockaway Beach Boulevard & Beach 135th Street","Mon",18,0.0379746835443038,0,0.337526370277807
57,"Rockaway Beach Boulevard & Beach 135th Street","Mon",19,0.0126582278481013,0,0.112508790092602
57,"Rockaway Beach Boulevard & Beach 135th Street","Mon",20,0,0,0
57,"Rockaway Beach Boulevard & Beach 135th Street","Mon",21,0,0,0
57,"Rockaway Beach Boulevard & Beach 135th Street","Mon",22,0,0,0
57,"Rockaway Beach Boulevard & Beach 135th Street","Mon",23,0,0,0
57,"Rockaway Beach Boulevard & Beach 135th Street","Tue",0,0,0,0
57,"Rockaway Beach Boulevard & Beach 135th Street","Tue",1,0,0,0
57,"Rockaway Beach Boulevard & Beach 135th Street","Tue",2,0,0,0
57,"Rockaway Beach Boulevard & Beach 135th Street","Tue",3,0,0,0
57,"Rockaway Beach Boulevard & Beach 135th Street","Tue",4,0,0,0
57,"Rockaway Beach Boulevard & Beach 135th Street","Tue",5,0,0,0
57,"Rockaway Beach Boulevard & Beach 135th Street","Tue",6,0,0,0
57,"Rockaway Beach Boulevard & Beach 135th Street","Tue",7,0,0,0
57,"Rockaway Beach Boulevard & Beach 135th Street","Tue",8,0,0,0
57,"Rockaway Beach Boulevard & Beach 135th Street","Tue",9,0,0,0
57,"Rockaway Beach Boulevard & Beach 135th Street","Tue",10,0,0,0
57,"Rockaway Beach Boulevard & Beach 135th Street","Tue",11,0,0,0
57,"Rockaway Beach Boulevard & Beach 135th Street","Tue",12,0,0,0
57,"Rockaway Beach Boulevard & Beach 135th Street","Tue",13,0,0,0
57,"Rockaway Beach Boulevard & Beach 135th Street","Tue",14,0,0,0
57,"Rockaway Beach Boulevard & Beach 135th Street","Tue",15,0,0,0
57,"Rockaway Beach Boulevard & Beach 135th Street","Tue",16,0,0,0
57,"Rockaway Beach Boulevard & Beach 135th Street","Tue",17,0,0,0
57,"Rockaway Beach Boulevard & Beach 135th Street","Tue",18,0,0,0
57,"Rockaway Beach Boulevard & Beach 135th Street","Tue",19,0,0,0
57,"Rockaway Beach Boulevard & Beach 135th Street","Tue",20,0,0,0
57,"Rockaway Beach Boulevard & Beach 135th Street","Tue",21,0,0,0
57,"Rockaway Beach Boulevard & Beach 135th Street","Tue",22,0,0,0
57,"Rockaway Beach Boulevard & Beach 135th Street","Tue",23,0,0,0
57,"Rockaway Beach Boulevard & Beach 135th Street","Wed",0,0,0,0
57,"Rockaway Beach Boulevard & Beach 135th Street","Wed",1,0,0,0
57,"Rockaway Beach Boulevard & Beach 135th Street","Wed",2,0,0,0
57,"Rockaway Beach Boulevard & Beach 135th Street","Wed",3,0,0,0
57,"Rockaway Beach Boulevard & Beach 135th Street","Wed",4,0,0,0
57,"Rockaway Beach Boulevard & Beach 135th Street","Wed",5,0,0,0
57,"Rockaway Beach Boulevard & Beach 135th Street","Wed",6,0,0,0
57,"Rockaway Beach Boulevard & Beach 135th Street","Wed",7,0,0,0
57,"Rockaway Beach Boulevard & Beach 135th Street","Wed",8,0,0,0
57,"Rockaway Beach Boulevard & Beach 135th Street","Wed",9,0,0,0
57,"Rockaway Beach Boulevard & Beach 135th Street","Wed",10,0,0,0
57,"Rockaway Beach Boulevard & Beach 135th Street","Wed",11,0,0,0
57,"Rockaway Beach Boulevard & Beach 135th Street","Wed",12,0,0,0
57,"Rockaway Beach Boulevard & Beach 135th Street","Wed",13,0,0,0
57,"Rockaway Beach Boulevard & Beach 135th Street","Wed",14,0,0,0
57,"Rockaway Beach Boulevard & Beach 135th Street","Wed",15,0,0,0
57,"Rockaway Beach Boulevard & Beach 135th Street","Wed",16,0,0,0
57,"Rockaway Beach Boulevard & Beach 135th Street","Wed",17,0,0,0
57,"Rockaway Beach Boulevard & Beach 135th Street","Wed",18,0,0,0
57,"Rockaway Beach Boulevard & Beach 135th Street","Wed",19,0,0,0
57,"Rockaway Beach Boulevard & Beach 135th Street","Wed",20,0,0,0
57,"Rockaway Beach Boulevard & Beach 135th Street","Wed",21,0,0,0
57,"Rockaway Beach Boulevard & Beach 135th Street","Wed",22,0,0,0
57,"Rockaway Beach Boulevard & Beach 135th Street","Wed",23,0,0,0
57,"Rockaway Beach Boulevard & Beach 135th Street","Thu",0,0,0,0
57,"Rockaway Beach Boulevard & Beach 135th Street","Thu",1,0,0,0
57,"Rockaway Beach Boulevard & Beach 135th Street","Thu",2,0,0,0
57,"Rockaway Beach Boulevard & Beach 135th Street","Thu",3,0,0,0
57,"Rockaway Beach Boulevard & Beach 135th Street","Thu",4,0,0,0
57,"Rockaway Beach Boulevard & Beach 135th Street","Thu",5,0,0,0
57,"Rockaway Beach Boulevard & Beach 135th Street","Thu",6,0,0,0
57,"Rockaway Beach Boulevard & Beach 135th Street","Thu",7,0,0,0
57,"Rockaway Beach Boulevard & Beach 135th Street","Thu",8,0,0,0
57,"Rockaway Beach Boulevard & Beach 135th Street","Thu",9,0,0,0
57,"Rockaway Beach Boulevard & Beach 135th Street","Thu",10,0,0,0
57,"Rockaway Beach Boulevard & Beach 135th Street","Thu",11,0,0,0
57,"Rockaway Beach Boulevard & Beach 135th Street","Thu",12,0,0,0
57,"Rockaway Beach Boulevard & Beach 135th Street","Thu",13,0,0,0
57,"Rockaway Beach Boulevard & Beach 135th Street","Thu",14,0,0,0
57,"Rockaway Beach Boulevard & Beach 135th Street","Thu",15,0,0,0
57,"Rockaway Beach Boulevard & Beach 135th Street","Thu",16,0.0512820512820513,0,0.318169925090511
57,"Rockaway Beach Boulevard & Beach 135th Street","Thu",17,0.0769230769230769,0,0.477254887635766
57,"Rockaway Beach Boulevard & Beach 135th Street","Thu",18,0.0384615384615385,0,0.339683110243379
57,"Rockaway Beach Boulevard & Beach 135th Street","Thu",19,0,0,0
57,"Rockaway Beach Boulevard & Beach 135th Street","Thu",20,0,0,0
57,"Rockaway Beach Boulevard & Beach 135th Street","Thu",21,0,0,0
57,"Rockaway Beach Boulevard & Beach 135th Street","Thu",22,0,0,0
57,"Rockaway Beach Boulevard & Beach 135th Street","Thu",23,0,0,0
57,"Rockaway Beach Boulevard & Beach 135th Street","Fri",0,0,0,0
57,"Rockaway Beach Boulevard & Beach 135th Street","Fri",1,0,0,0
57,"Rockaway Beach Boulevard & Beach 135th Street","Fri",2,0,0,0
57,"Rockaway Beach Boulevard & Beach 135th Street","Fri",3,0,0,0
57,"Rockaway Beach Boulevard & Beach 135th Street","Fri",4,0,0,0
57,"Rockaway Beach Boulevard & Beach 135th Street","Fri",5,0,0,0
57,"Rockaway Beach Boulevard & Beach 135th Street","Fri",6,0,0,0
57,"Rockaway Beach Boulevard & Beach 135th Street","Fri",7,0,0,0
57,"Rockaway Beach Boulevard & Beach 135th Street","Fri",8,0,0,0
57,"Rockaway Beach Boulevard & Beach 135th Street","Fri",9,0,0,0
57,"Rockaway Beach Boulevard & Beach 135th Street","Fri",10,0,0,0
57,"Rockaway Beach Boulevard & Beach 135th Street","Fri",11,0,0,0
57,"Rockaway Beach Boulevard & Beach 135th Street","Fri",12,0.0128205128205128,0,0.11322770341446
57,"Rockaway Beach Boulevard & Beach 135th Street","Fri",13,0,0,0
57,"Rockaway Beach Boulevard & Beach 135th Street","Fri",14,0,0,0
57,"Rockaway Beach Boulevard & Beach 135th Street","Fri",15,0,0,0
57,"Rockaway Beach Boulevard & Beach 135th Street","Fri",16,0,0,0
57,"Rockaway Beach Boulevard & Beach 135th Street","Fri",17,0,0,0
57,"Rockaway Beach Boulevard & Beach 135th Street","Fri",18,0,0,0
57,"Rockaway Beach Boulevard & Beach 135th Street","Fri",19,0,0,0
57,"Rockaway Beach Boulevard & Beach 135th Street","Fri",20,0,0,0
57,"Rockaway Beach Boulevard & Beach 135th Street","Fri",21,0,0,0
57,"Rockaway Beach Boulevard & Beach 135th Street","Fri",22,0,0,0
57,"Rockaway Beach Boulevard & Beach 135th Street","Fri",23,0,0,0
57,"Rockaway Beach Boulevard & Beach 135th Street","Sat",0,0,0,0
57,"Rockaway Beach Boulevard & Beach 135th Street","Sat",1,0,0,0
57,"Rockaway Beach Boulevard & Beach 135th Street","Sat",2,0,0,0
57,"Rockaway Beach Boulevard & Beach 135th Street","Sat",3,0,0,0
57,"Rockaway Beach Boulevard & Beach 135th Street","Sat",4,0,0,0
57,"Rockaway Beach Boulevard & Beach 135th Street","Sat",5,0,0,0
57,"Rockaway Beach Boulevard & Beach 135th Street","Sat",6,0,0,0
57,"Rockaway Beach Boulevard & Beach 135th Street","Sat",7,0,0,0
57,"Rockaway Beach Boulevard & Beach 135th Street","Sat",8,0,0,0
57,"Rockaway Beach Boulevard & Beach 135th Street","Sat",9,0,0,0
57,"Rockaway Beach Boulevard & Beach 135th Street","Sat",10,0,0,0
57,"Rockaway Beach Boulevard & Beach 135th Street","Sat",11,0,0,0
57,"Rockaway Beach Boulevard & Beach 135th Street","Sat",12,0,0,0
57,"Rockaway Beach Boulevard & Beach 135th Street","Sat",13,0,0,0
57,"Rockaway Beach Boulevard & Beach 135th Street","Sat",14,0,0,0
57,"Rockaway Beach Boulevard & Beach 135th Street","Sat",15,0,0,0
57,"Rockaway Beach Boulevard & Beach 135th Street","Sat",16,0,0,0
57,"Rockaway Beach Boulevard & Beach 135th Street","Sat",17,0,0,0
57,"Rockaway Beach Boulevard & Beach 135th Street","Sat",18,0.0128205128205128,0,0.11322770341446
57,"Rockaway Beach Boulevard & Beach 135th Street","Sat",19,0,0,0
57,"Rockaway Beach Boulevard & Beach 135th Street","Sat",20,0,0,0
57,"Rockaway Beach Boulevard & Beach 135th Street","Sat",21,0,0,0
57,"Rockaway Beach Boulevard & Beach 135th Street","Sat",22,0,0,0
57,"Rockaway Beach Boulevard & Beach 135th Street","Sat",23,0,0,0
58,"Rockaway Beach Boulevard & Beach 149th Street","Sun",0,0,0,0
58,"Rockaway Beach Boulevard & Beach 149th Street","Sun",1,0,0,0
58,"Rockaway Beach Boulevard & Beach 149th Street","Sun",2,0,0,0
58,"Rockaway Beach Boulevard & Beach 149th Street","Sun",3,0,0,0
58,"Rockaway Beach Boulevard & Beach 149th Street","Sun",4,0,0,0
58,"Rockaway Beach Boulevard & Beach 149th Street","Sun",5,0,0,0
58,"Rockaway Beach Boulevard & Beach 149th Street","Sun",6,0,0,0
58,"Rockaway Beach Boulevard & Beach 149th Street","Sun",7,0,0,0
58,"Rockaway Beach Boulevard & Beach 149th Street","Sun",8,0,0,0
58,"Rockaway Beach Boulevard & Beach 149th Street","Sun",9,0,0,0
58,"Rockaway Beach Boulevard & Beach 149th Street","Sun",10,0,0,0
58,"Rockaway Beach Boulevard & Beach 149th Street","Sun",11,0,0,0
58,"Rockaway Beach Boulevard & Beach 149th Street","Sun",12,0,0,0
58,"Rockaway Beach Boulevard & Beach 149th Street","Sun",13,0,0,0
58,"Rockaway Beach Boulevard & Beach 149th Street","Sun",14,0.0512820512820513,0,0.452910813657838
58,"Rockaway Beach Boulevard & Beach 149th Street","Sun",15,0.0128205128205128,0,0.11322770341446
58,"Rockaway Beach Boulevard & Beach 149th Street","Sun",16,0,0,0
58,"Rockaway Beach Boulevard & Beach 149th Street","Sun",17,0,0,0
58,"Rockaway Beach Boulevard & Beach 149th Street","Sun",18,0.0128205128205128,0,0.11322770341446
58,"Rockaway Beach Boulevard & Beach 149th Street","Sun",19,0.0128205128205128,0,0.11322770341446
58,"Rockaway Beach Boulevard & Beach 149th Street","Sun",20,0.0512820512820513,0,0.452910813657838
58,"Rockaway Beach Boulevard & Beach 149th Street","Sun",21,0,0,0
58,"Rockaway Beach Boulevard & Beach 149th Street","Sun",22,0,0,0
58,"Rockaway Beach Boulevard & Beach 149th Street","Sun",23,0,0,0
58,"Rockaway Beach Boulevard & Beach 149th Street","Mon",0,0.0126582278481013,0,0.112508790092602
58,"Rockaway Beach Boulevard & Beach 149th Street","Mon",1,0,0,0
58,"Rockaway Beach Boulevard & Beach 149th Street","Mon",2,0,0,0
58,"Rockaway Beach Boulevard & Beach 149th Street","Mon",3,0,0,0
58,"Rockaway Beach Boulevard & Beach 149th Street","Mon",4,0,0,0
58,"Rockaway Beach Boulevard & Beach 149th Street","Mon",5,0,0,0
58,"Rockaway Beach Boulevard & Beach 149th Street","Mon",6,0,0,0
58,"Rockaway Beach Boulevard & Beach 149th Street","Mon",7,0,0,0
58,"Rockaway Beach Boulevard & Beach 149th Street","Mon",8,0,0,0
58,"Rockaway Beach Boulevard & Beach 149th Street","Mon",9,0,0,0
58,"Rockaway Beach Boulevard & Beach 149th Street","Mon",10,0,0,0
58,"Rockaway Beach Boulevard & Beach 149th Street","Mon",11,0,0,0
58,"Rockaway Beach Boulevard & Beach 149th Street","Mon",12,0,0,0
58,"Rockaway Beach Boulevard & Beach 149th Street","Mon",13,0,0,0
58,"Rockaway Beach Boulevard & Beach 149th Street","Mon",14,0,0,0
58,"Rockaway Beach Boulevard & Beach 149th Street","Mon",15,0.0126582278481013,0,0.112508790092602
58,"Rockaway Beach Boulevard & Beach 149th Street","Mon",16,0.0379746835443038,0,0.337526370277807
58,"Rockaway Beach Boulevard & Beach 149th Street","Mon",17,0.151898734177215,0,1.35010548111123
58,"Rockaway Beach Boulevard & Beach 149th Street","Mon",18,0.0506329113924051,0,0.45003516037041
58,"Rockaway Beach Boulevard & Beach 149th Street","Mon",19,0.0379746835443038,0,0.337526370277807
58,"Rockaway Beach Boulevard & Beach 149th Street","Mon",20,0,0,0
58,"Rockaway Beach Boulevard & Beach 149th Street","Mon",21,0,0,0
58,"Rockaway Beach Boulevard & Beach 149th Street","Mon",22,0,0,0
58,"Rockaway Beach Boulevard & Beach 149th Street","Mon",23,0,0,0
58,"Rockaway Beach Boulevard & Beach 149th Street","Tue",0,0,0,0
58,"Rockaway Beach Boulevard & Beach 149th Street","Tue",1,0,0,0
58,"Rockaway Beach Boulevard & Beach 149th Street","Tue",2,0,0,0
58,"Rockaway Beach Boulevard & Beach 149th Street","Tue",3,0,0,0
58,"Rockaway Beach Boulevard & Beach 149th Street","Tue",4,0,0,0
58,"Rockaway Beach Boulevard & Beach 149th Street","Tue",5,0,0,0
58,"Rockaway Beach Boulevard & Beach 149th Street","Tue",6,0,0,0
58,"Rockaway Beach Boulevard & Beach 149th Street","Tue",7,0,0,0
58,"Rockaway Beach Boulevard & Beach 149th Street","Tue",8,0,0,0
58,"Rockaway Beach Boulevard & Beach 149th Street","Tue",9,0,0,0
58,"Rockaway Beach Boulevard & Beach 149th Street","Tue",10,0,0,0
58,"Rockaway Beach Boulevard & Beach 149th Street","Tue",11,0,0,0
58,"Rockaway Beach Boulevard & Beach 149th Street","Tue",12,0,0,0
58,"Rockaway Beach Boulevard & Beach 149th Street","Tue",13,0,0,0
58,"Rockaway Beach Boulevard & Beach 149th Street","Tue",14,0,0,0
58,"Rockaway Beach Boulevard & Beach 149th Street","Tue",15,0,0,0
58,"Rockaway Beach Boulevard & Beach 149th Street","Tue",16,0.0128205128205128,0,0.11322770341446
58,"Rockaway Beach Boulevard & Beach 149th Street","Tue",17,0.0897435897435897,0,0.792593923901216
58,"Rockaway Beach Boulevard & Beach 149th Street","Tue",18,0.0128205128205128,0,0.11322770341446
58,"Rockaway Beach Boulevard & Beach 149th Street","Tue",19,0,0,0
58,"Rockaway Beach Boulevard & Beach 149th Street","Tue",20,0,0,0
58,"Rockaway Beach Boulevard & Beach 149th Street","Tue",21,0,0,0
58,"Rockaway Beach Boulevard & Beach 149th Street","Tue",22,0,0,0
58,"Rockaway Beach Boulevard & Beach 149th Street","Tue",23,0,0,0
58,"Rockaway Beach Boulevard & Beach 149th Street","Wed",0,0,0,0
58,"Rockaway Beach Boulevard & Beach 149th Street","Wed",1,0,0,0
58,"Rockaway Beach Boulevard & Beach 149th Street","Wed",2,0,0,0
58,"Rockaway Beach Boulevard & Beach 149th Street","Wed",3,0,0,0
58,"Rockaway Beach Boulevard & Beach 149th Street","Wed",4,0,0,0
58,"Rockaway Beach Boulevard & Beach 149th Street","Wed",5,0,0,0
58,"Rockaway Beach Boulevard & Beach 149th Street","Wed",6,0,0,0
58,"Rockaway Beach Boulevard & Beach 149th Street","Wed",7,0,0,0
58,"Rockaway Beach Boulevard & Beach 149th Street","Wed",8,0,0,0
58,"Rockaway Beach Boulevard & Beach 149th Street","Wed",9,0,0,0
58,"Rockaway Beach Boulevard & Beach 149th Street","Wed",10,0,0,0
58,"Rockaway Beach Boulevard & Beach 149th Street","Wed",11,0,0,0
58,"Rockaway Beach Boulevard & Beach 149th Street","Wed",12,0,0,0
58,"Rockaway Beach Boulevard & Beach 149th Street","Wed",13,0,0,0
58,"Rockaway Beach Boulevard & Beach 149th Street","Wed",14,0.0128205128205128,0,0.11322770341446
58,"Rockaway Beach Boulevard & Beach 149th Street","Wed",15,0.0897435897435897,0,0.514362483632667
58,"Rockaway Beach Boulevard & Beach 149th Street","Wed",16,0.0384615384615385,0,0.339683110243379
58,"Rockaway Beach Boulevard & Beach 149th Street","Wed",17,0,0,0
58,"Rockaway Beach Boulevard & Beach 149th Street","Wed",18,0,0,0
58,"Rockaway Beach Boulevard & Beach 149th Street","Wed",19,0,0,0
58,"Rockaway Beach Boulevard & Beach 149th Street","Wed",20,0.0256410256410256,0,0.226455406828919
58,"Rockaway Beach Boulevard & Beach 149th Street","Wed",21,0,0,0
58,"Rockaway Beach Boulevard & Beach 149th Street","Wed",22,0,0,0
58,"Rockaway Beach Boulevard & Beach 149th Street","Wed",23,0,0,0
58,"Rockaway Beach Boulevard & Beach 149th Street","Thu",0,0.0256410256410256,0,0.226455406828919
58,"Rockaway Beach Boulevard & Beach 149th Street","Thu",1,0,0,0
58,"Rockaway Beach Boulevard & Beach 149th Street","Thu",2,0,0,0
58,"Rockaway Beach Boulevard & Beach 149th Street","Thu",3,0,0,0
58,"Rockaway Beach Boulevard & Beach 149th Street","Thu",4,0,0,0
58,"Rockaway Beach Boulevard & Beach 149th Street","Thu",5,0,0,0
58,"Rockaway Beach Boulevard & Beach 149th Street","Thu",6,0,0,0
58,"Rockaway Beach Boulevard & Beach 149th Street","Thu",7,0,0,0
58,"Rockaway Beach Boulevard & Beach 149th Street","Thu",8,0,0,0
58,"Rockaway Beach Boulevard & Beach 149th Street","Thu",9,0,0,0
58,"Rockaway Beach Boulevard & Beach 149th Street","Thu",10,0,0,0
58,"Rockaway Beach Boulevard & Beach 149th Street","Thu",11,0,0,0
58,"Rockaway Beach Boulevard & Beach 149th Street","Thu",12,0,0,0
58,"Rockaway Beach Boulevard & Beach 149th Street","Thu",13,0,0,0
58,"Rockaway Beach Boulevard & Beach 149th Street","Thu",14,0,0,0
58,"Rockaway Beach Boulevard & Beach 149th Street","Thu",15,0,0,0
58,"Rockaway Beach Boulevard & Beach 149th Street","Thu",16,0.0128205128205128,0,0.11322770341446
58,"Rockaway Beach Boulevard & Beach 149th Street","Thu",17,0.0512820512820513,0,0.452910813657838
58,"Rockaway Beach Boulevard & Beach 149th Street","Thu",18,0,0,0
58,"Rockaway Beach Boulevard & Beach 149th Street","Thu",19,0,0,0
58,"Rockaway Beach Boulevard & Beach 149th Street","Thu",20,0,0,0
58,"Rockaway Beach Boulevard & Beach 149th Street","Thu",21,0,0,0
58,"Rockaway Beach Boulevard & Beach 149th Street","Thu",22,0,0,0
58,"Rockaway Beach Boulevard & Beach 149th Street","Thu",23,0,0,0
58,"Rockaway Beach Boulevard & Beach 149th Street","Fri",0,0,0,0
58,"Rockaway Beach Boulevard & Beach 149th Street","Fri",1,0,0,0
58,"Rockaway Beach Boulevard & Beach 149th Street","Fri",2,0,0,0
58,"Rockaway Beach Boulevard & Beach 149th Street","Fri",3,0,0,0
58,"Rockaway Beach Boulevard & Beach 149th Street","Fri",4,0,0,0
58,"Rockaway Beach Boulevard & Beach 149th Street","Fri",5,0,0,0
58,"Rockaway Beach Boulevard & Beach 149th Street","Fri",6,0,0,0
58,"Rockaway Beach Boulevard & Beach 149th Street","Fri",7,0,0,0
58,"Rockaway Beach Boulevard & Beach 149th Street","Fri",8,0,0,0
58,"Rockaway Beach Boulevard & Beach 149th Street","Fri",9,0,0,0
58,"Rockaway Beach Boulevard & Beach 149th Street","Fri",10,0,0,0
58,"Rockaway Beach Boulevard & Beach 149th Street","Fri",11,0,0,0
58,"Rockaway Beach Boulevard & Beach 149th Street","Fri",12,0.0128205128205128,0,0.11322770341446
58,"Rockaway Beach Boulevard & Beach 149th Street","Fri",13,0.0128205128205128,0,0.11322770341446
58,"Rockaway Beach Boulevard & Beach 149th Street","Fri",14,0.0128205128205128,0,0.11322770341446
58,"Rockaway Beach Boulevard & Beach 149th Street","Fri",15,0.0384615384615385,0,0.339683110243379
58,"Rockaway Beach Boulevard & Beach 149th Street","Fri",16,0.0128205128205128,0,0.11322770341446
58,"Rockaway Beach Boulevard & Beach 149th Street","Fri",17,0,0,0
58,"Rockaway Beach Boulevard & Beach 149th Street","Fri",18,0.0256410256410256,0,0.159084962545255
58,"Rockaway Beach Boulevard & Beach 149th Street","Fri",19,0,0,0
58,"Rockaway Beach Boulevard & Beach 149th Street","Fri",20,0,0,0
58,"Rockaway Beach Boulevard & Beach 149th Street","Fri",21,0.0128205128205128,0,0.11322770341446
58,"Rockaway Beach Boulevard & Beach 149th Street","Fri",22,0.0256410256410256,0,0.226455406828919
58,"Rockaway Beach Boulevard & Beach 149th Street","Fri",23,0.141025641025641,0,1.24550473755905
58,"Rockaway Beach Boulevard & Beach 149th Street","Sat",0,0.0384615384615385,0,0.339683110243379
58,"Rockaway Beach Boulevard & Beach 149th Street","Sat",1,0,0,0
58,"Rockaway Beach Boulevard & Beach 149th Street","Sat",2,0,0,0
58,"Rockaway Beach Boulevard & Beach 149th Street","Sat",3,0,0,0
58,"Rockaway Beach Boulevard & Beach 149th Street","Sat",4,0,0,0
58,"Rockaway Beach Boulevard & Beach 149th Street","Sat",5,0,0,0
58,"Rockaway Beach Boulevard & Beach 149th Street","Sat",6,0,0,0
58,"Rockaway Beach Boulevard & Beach 149th Street","Sat",7,0,0,0
58,"Rockaway Beach Boulevard & Beach 149th Street","Sat",8,0,0,0
58,"Rockaway Beach Boulevard & Beach 149th Street","Sat",9,0,0,0
58,"Rockaway Beach Boulevard & Beach 149th Street","Sat",10,0,0,0
58,"Rockaway Beach Boulevard & Beach 149th Street","Sat",11,0,0,0
58,"Rockaway Beach Boulevard & Beach 149th Street","Sat",12,0,0,0
58,"Rockaway Beach Boulevard & Beach 149th Street","Sat",13,0,0,0
58,"Rockaway Beach Boulevard & Beach 149th Street","Sat",14,0.0769230769230769,0,0.679366220486758
58,"Rockaway Beach Boulevard & Beach 149th Street","Sat",15,0.102564102564103,0,0.905821627315676
58,"Rockaway Beach Boulevard & Beach 149th Street","Sat",16,0,0,0
58,"Rockaway Beach Boulevard & Beach 149th Street","Sat",17,0.0384615384615385,0,0.339683110243379
58,"Rockaway Beach Boulevard & Beach 149th Street","Sat",18,0.115384615384615,0,1.01904933073014
58,"Rockaway Beach Boulevard & Beach 149th Street","Sat",19,0,0,0
58,"Rockaway Beach Boulevard & Beach 149th Street","Sat",20,0.0128205128205128,0,0.11322770341446
58,"Rockaway Beach Boulevard & Beach 149th Street","Sat",21,0,0,0
58,"Rockaway Beach Boulevard & Beach 149th Street","Sat",22,0.0384615384615385,0,0.251866161753745
58,"Rockaway Beach Boulevard & Beach 149th Street","Sat",23,0.0256410256410256,0,0.159084962545255
87,"Wall St/Pier 11","Sun",0,97.1666666666667,93,47.8600276962127
87,"Wall St/Pier 11","Sun",1,69.8589743589744,62,30.9136729968339
87,"Wall St/Pier 11","Sun",2,27.551282051282,20,18.0875557679769
87,"Wall St/Pier 11","Sun",3,14.7820512820513,13.5,8.77962138031883
87,"Wall St/Pier 11","Sun",4,15.0769230769231,13,11.283558007946
87,"Wall St/Pier 11","Sun",5,15.8589743589744,13,12.6570388598848
87,"Wall St/Pier 11","Sun",6,12.0769230769231,10.5,10.1773484551931
87,"Wall St/Pier 11","Sun",7,6.96153846153846,5,5.97058222854791
87,"Wall St/Pier 11","Sun",8,3.7051282051282,3,3.53501584103056
87,"Wall St/Pier 11","Sun",9,2.46153846153846,2,2.58714257305366
87,"Wall St/Pier 11","Sun",10,4.52564102564103,3,6.20164276304053
87,"Wall St/Pier 11","Sun",11,12.2307692307692,7,12.0700585618428
87,"Wall St/Pier 11","Sun",12,23.5,24.5,16.4006255819868
87,"Wall St/Pier 11","Sun",13,34.4615384615385,38,13.5815882892812
87,"Wall St/Pier 11","Sun",14,59.6923076923077,61.5,25.7466718022176
87,"Wall St/Pier 11","Sun",15,73.4230769230769,68,26.2230785787987
87,"Wall St/Pier 11","Sun",16,83.7948717948718,81,31.1699818024933
87,"Wall St/Pier 11","Sun",17,88.525641025641,80,34.9031031102767
87,"Wall St/Pier 11","Sun",18,95.8974358974359,91.5,36.9705357388896
87,"Wall St/Pier 11","Sun",19,85.8974358974359,81.5,28.4073292827108
87,"Wall St/Pier 11","Sun",20,80.0641025641026,76,25.5410745045405
87,"Wall St/Pier 11","Sun",21,75.2564102564103,71.5,26.5635410218915
87,"Wall St/Pier 11","Sun",22,71.2564102564103,68,23.8487854777674
87,"Wall St/Pier 11","Sun",23,73.974358974359,66.5,30.1170764689784
87,"Wall St/Pier 11","Mon",0,71.2278481012658,66,32.1917131266404
87,"Wall St/Pier 11","Mon",1,45.5949367088608,40,23.4687566380703
87,"Wall St/Pier 11","Mon",2,18.9113924050633,15,14.3725074748032
87,"Wall St/Pier 11","Mon",3,8.34177215189873,6,17.099922084055
87,"Wall St/Pier 11","Mon",4,4.77215189873418,3,10.8815880334847
87,"Wall St/Pier 11","Mon",5,4.22784810126582,2,8.25234910936182
87,"Wall St/Pier 11","Mon",6,2.43037974683544,1,3.63982087578354
87,"Wall St/Pier 11","Mon",7,2.74683544303797,2,3.01903514231328
87,"Wall St/Pier 11","Mon",8,3.17721518987342,3,2.7304526424362
87,"Wall St/Pier 11","Mon",9,6.89873417721519,7,4.30144560288587
87,"Wall St/Pier 11","Mon",10,45.2405063291139,64,31.1770030260938
87,"Wall St/Pier 11","Mon",11,66.2658227848101,71,20.8324874868862
87,"Wall St/Pier 11","Mon",12,76.8860759493671,81,23.0111385190493
87,"Wall St/Pier 11","Mon",13,72.7848101265823,74,19.0388744590801
87,"Wall St/Pier 11","Mon",14,72.5569620253165,72,17.447905491405
87,"Wall St/Pier 11","Mon",15,69.5822784810127,68,20.3706724804575
87,"Wall St/Pier 11","Mon",16,66.5189873417721,62,19.2745752286121
87,"Wall St/Pier 11","Mon",17,76.4430379746835,76,21.8753735999997
87,"Wall St/Pier 11","Mon",18,75.506329113924,75,18.7567925595253
87,"Wall St/Pier 11","Mon",19,78.873417721519,80,19.8412721163505
87,"Wall St/Pier 11","Mon",20,90.4303797468354,95,22.3610716822119
87,"Wall St/Pier 11","Mon",21,96.4556962025316,99,20.7672063157983
87,"Wall St/Pier 11","Mon",22,96.4430379746835,100,22.8965045117702
87,"Wall St/Pier 11","Mon",23,89.620253164557,93,19.1681518694143
87,"Wall St/Pier 11","Tue",0,69.7307692307692,72,19.3469169844499
87,"Wall St/Pier 11","Tue",1,35.1666666666667,34,11.3130388704737
87,"Wall St/Pier 11","Tue",2,16.6025641025641,15,8.18192455623305
87,"Wall St/Pier 11","Tue",3,6.07692307692308,5,5.07289520237366
87,"Wall St/Pier 11","Tue",4,3.43589743589744,3,3.48871927376827
87,"Wall St/Pier 11","Tue",5,3.17948717948718,3,2.88634757626353
87,"Wall St/Pier 11","Tue",6,3.66666666666667,3,2.57695414019975
87,"Wall St/Pier 11","Tue",7,3.92307692307692,2,3.98624006930213
87,"Wall St/Pier 11","Tue",8,4.03846153846154,4,2.8578545567143
87,"Wall St/Pier 11","Tue",9,8.19230769230769,7.5,4.82164409182716
87,"Wall St/Pier 11","Tue",10,49.4102564102564,65,30.8992648579957
87,"Wall St/Pier 11","Tue",11,71.6282051282051,72.5,11.3562260220493
87,"Wall St/Pier 11","Tue",12,80.8461538461538,83.5,15.9260278047717
87,"Wall St/Pier 11","Tue",13,76.1410256410256,76,13.6560004022535
87,"Wall St/Pier 11","Tue",14,76.3717948717949,75.5,12.2210261375009
87,"Wall St/Pier 11","Tue",15,69.7179487179487,69,12.5002830470784
87,"Wall St/Pier 11","Tue",16,69.1025641025641,68.5,18.9247242554598
87,"Wall St/Pier 11","Tue",17,74.6538461538462,74.5,19.3785441152831
87,"Wall St/Pier 11","Tue",18,74.9358974358974,73.5,16.558702928993
87,"Wall St/Pier 11","Tue",19,77.5512820512821,81,19.1098311788892
87,"Wall St/Pier 11","Tue",20,93.7179487179487,99,23.4049042678996
87,"Wall St/Pier 11","Tue",21,95.7564102564103,96,18.5151295785372
87,"Wall St/Pier 11","Tue",22,98.2820512820513,97,19.1554796581135
87,"Wall St/Pier 11","Tue",23,93.7564102564103,93,18.5333577094208
87,"Wall St/Pier 11","Wed",0,70.5769230769231,69,20.1787590719132
87,"Wall St/Pier 11","Wed",1,38.3333333333333,37.5,12.5373899670604
87,"Wall St/Pier 11","Wed",2,18.2307692307692,17,10.9945949848605
87,"Wall St/Pier 11","Wed",3,8.11538461538461,6.5,15.0108019713863
87,"Wall St/Pier 11","Wed",4,6.23076923076923,4,12.5324752967216
87,"Wall St/Pier 11","Wed",5,5.82051282051282,3,16.2766214224084
87,"Wall St/Pier 11","Wed",6,3.7948717948718,3,5.91577019468615
87,"Wall St/Pier 11","Wed",7,3.37179487179487,3,3.23579402471217
87,"Wall St/Pier 11","Wed",8,4.24358974358974,4,3.52794372778067
87,"Wall St/Pier 11","Wed",9,7.7051282051282,7.5,4.95986220577075
87,"Wall St/Pier 11","Wed",10,45.5769230769231,62.5,29.9490993428609
87,"Wall St/Pier 11","Wed",11,69.8846153846154,71,17.4891289196927
87,"Wall St/Pier 11","Wed",12,79.7692307692308,83.5,18.0834451643206
87,"Wall St/Pier 11","Wed",13,75.1025641025641,76,16.5777113263717
87,"Wall St/Pier 11","Wed",14,75.9615384615385,77.5,15.6009009960358
87,"Wall St/Pier 11","Wed",15,70.7820512820513,72,13.3685494807071
87,"Wall St/Pier 11","Wed",16,69.9487179487179,69.5,20.8705953815829
87,"Wall St/Pier 11","Wed",17,74.2051282051282,77,23.6891991248787
87,"Wall St/Pier 11","Wed",18,72.8974358974359,69,19.5943205020587
87,"Wall St/Pier 11","Wed",19,77.9358974358974,79,22.942808478311
87,"Wall St/Pier 11","Wed",20,92.7948717948718,97.5,28.5731501312842
87,"Wall St/Pier 11","Wed",21,98.2307692307692,99,16.2552074189094
87,"Wall St/Pier 11","Wed",22,98.2179487179487,95.5,20.3295239439969
87,"Wall St/Pier 11","Wed",23,98.7179487179487,96.5,24.206845353564
87,"Wall St/Pier 11","Thu",0,76.9102564102564,77,22.2051742521819
87,"Wall St/Pier 11","Thu",1,38.6666666666667,35.5,13.5499716457907
87,"Wall St/Pier 11","Thu",2,18.8717948717949,16.5,9.49826911690315
87,"Wall St/Pier 11","Thu",3,6.83333333333333,5,5.25311698853529
87,"Wall St/Pier 11","Thu",4,3.8974358974359,3,3.83283742032488
87,"Wall St/Pier 11","Thu",5,4.17948717948718,3.5,3.64226128470587
87,"Wall St/Pier 11","Thu",6,3.55128205128205,3,3.71954275886141
87,"Wall St/Pier 11","Thu",7,3.21794871794872,2,3.03934133285417
87,"Wall St/Pier 11","Thu",8,3.6025641025641,3,3.46537508919662
87,"Wall St/Pier 11","Thu",9,7.25641025641026,8,3.92605647105584
87,"Wall St/Pier 11","Thu",10,45.3076923076923,63,32.4026244296673
87,"Wall St/Pier 11","Thu",11,69.0512820512821,72,17.0506483373685
87,"Wall St/Pier 11","Thu",12,77.974358974359,79,18.0619240457129
87,"Wall St/Pier 11","Thu",13,74.4615384615385,76,16.6948878618361
87,"Wall St/Pier 11","Thu",14,75.4358974358974,75,13.4247201171239
87,"Wall St/Pier 11","Thu",15,71.4358974358974,70,13.3266550041537
87,"Wall St/Pier 11","Thu",16,72.8205128205128,72,20.7894476165465
87,"Wall St/Pier 11","Thu",17,77.3461538461538,78.5,21.0520856375398
87,"Wall St/Pier 11","Thu",18,78.1794871794872,77,20.4601250391271
87,"Wall St/Pier 11","Thu",19,80.9358974358974,82,18.2032819529741
87,"Wall St/Pier 11","Thu",20,97.5897435897436,101.5,26.7360527530995
87,"Wall St/Pier 11","Thu",21,101.846153846154,104,17.3722251250151
87,"Wall St/Pier 11","Thu",22,103.205128205128,99.5,22.8838733974749
87,"Wall St/Pier 11","Thu",23,102.487179487179,101,26.1150022016721
87,"Wall St/Pier 11","Fri",0,84.0769230769231,79.5,24.1207833167206
87,"Wall St/Pier 11","Fri",1,43.2948717948718,45,15.1367008829439
87,"Wall St/Pier 11","Fri",2,25.474358974359,25,17.7205760210783
87,"Wall St/Pier 11","Fri",3,9.06410256410256,8.5,6.59070526858818
87,"Wall St/Pier 11","Fri",4,5.55128205128205,3.5,5.46689549808174
87,"Wall St/Pier 11","Fri",5,4.48717948717949,4,3.99591866375756
87,"Wall St/Pier 11","Fri",6,3.21794871794872,2,3.36771314715073
87,"Wall St/Pier 11","Fri",7,3.80769230769231,3,3.45681218025372
87,"Wall St/Pier 11","Fri",8,4.08974358974359,3,3.42711077222319
87,"Wall St/Pier 11","Fri",9,7.71794871794872,7,4.99063391829404
87,"Wall St/Pier 11","Fri",10,45.7692307692308,61.5,29.8467614797514
87,"Wall St/Pier 11","Fri",11,70.6282051282051,72.5,13.8433808782101
87,"Wall St/Pier 11","Fri",12,80.3076923076923,82,13.7097061951029
87,"Wall St/Pier 11","Fri",13,75.8846153846154,76,15.1768627468645
87,"Wall St/Pier 11","Fri",14,76.4230769230769,75,16.37904840866
87,"Wall St/Pier 11","Fri",15,74.4615384615385,73,16.8366424049609
87,"Wall St/Pier 11","Fri",16,74.5512820512821,73.5,19.9997710609607
87,"Wall St/Pier 11","Fri",17,80.9871794871795,80.5,20.7498981939256
87,"Wall St/Pier 11","Fri",18,78.3461538461538,75,17.9196090250984
87,"Wall St/Pier 11","Fri",19,81.4230769230769,81.5,17.4761575844373
87,"Wall St/Pier 11","Fri",20,92.8589743589744,93.5,25.2152934210773
87,"Wall St/Pier 11","Fri",21,97.6794871794872,102,23.7549686339202
87,"Wall St/Pier 11","Fri",22,96.3974358974359,98,24.1108585461717
87,"Wall St/Pier 11","Fri",23,100.333333333333,101.5,28.3913589683422
87,"Wall St/Pier 11","Sat",0,89.3974358974359,83.5,29.7972977697467
87,"Wall St/Pier 11","Sat",1,50.3846153846154,49.5,18.3325916357703
87,"Wall St/Pier 11","Sat",2,22.1666666666667,22,10.1641292696189
87,"Wall St/Pier 11","Sat",3,12.1282051282051,11,6.52141123751635
87,"Wall St/Pier 11","Sat",4,10.5,8,8.4971347347973
87,"Wall St/Pier 11","Sat",5,10.2051282051282,9,8.1597029713558
87,"Wall St/Pier 11","Sat",6,8.62820512820513,6.5,8.05356898275376
87,"Wall St/Pier 11","Sat",7,4.87179487179487,3.5,4.84931103516958
87,"Wall St/Pier 11","Sat",8,2.78205128205128,2.5,2.50011654739989
87,"Wall St/Pier 11","Sat",9,2.37179487179487,2,2.42341914925181
87,"Wall St/Pier 11","Sat",10,5.03846153846154,3,4.7576112845487
87,"Wall St/Pier 11","Sat",11,11.8205128205128,8,10.6231107897114
87,"Wall St/Pier 11","Sat",12,24.051282051282,22,17.790919496103
87,"Wall St/Pier 11","Sat",13,35.3974358974359,36.5,15.2233072704023
87,"Wall St/Pier 11","Sat",14,61.6025641025641,57,25.9916768613967
87,"Wall St/Pier 11","Sat",15,75.9358974358974,71.5,27.650574660471
87,"Wall St/Pier 11","Sat",16,84.9230769230769,81.5,28.8461072260695
87,"Wall St/Pier 11","Sat",17,91.5769230769231,83,33.6997896755428
87,"Wall St/Pier 11","Sat",18,101.564102564103,94.5,40.8276675172417
87,"Wall St/Pier 11","Sat",19,95.4358974358974,91,29.1527948554757
87,"Wall St/Pier 11","Sat",20,82.7435897435897,79.5,27.5296467809061
87,"Wall St/Pier 11","Sat",21,79.5769230769231,73.5,28.8369888870514
87,"Wall St/Pier 11","Sat",22,76.6794871794872,71,26.7613277822433
87,"Wall St/Pier 11","Sat",23,91.2435897435897,94.5,44.1967813065101
88,"Rockaway","Sun",0,5.73076923076923,5,3.36781202595362
88,"Rockaway","Sun",1,3.93589743589744,3.5,3.76014556083865
88,"Rockaway","Sun",2,1.34615384615385,0,2.5524468682002
88,"Rockaway","Sun",3,0.91025641025641,0,1.8529435861353
88,"Rockaway","Sun",4,0.423076923076923,0,1.37244904590895
88,"Rockaway","Sun",5,0.794871794871795,0,2.22359819760427
88,"Rockaway","Sun",6,0.294871794871795,0,1.18550744638231
88,"Rockaway","Sun",7,0.551282051282051,0,1.61685469793025
88,"Rockaway","Sun",8,0.435897435897436,0,1.53394274762142
88,"Rockaway","Sun",9,0.653846153846154,0,1.62630106218226
88,"Rockaway","Sun",10,0.82051282051282,0,1.99182478329947
88,"Rockaway","Sun",11,1.34615384615385,0,2.63752601059088
88,"Rockaway","Sun",12,3.34615384615385,3,3.54498703339421
88,"Rockaway","Sun",13,4.25641025641026,3.5,2.67958078440512
88,"Rockaway","Sun",14,7.46153846153846,7,4.47704769283912
88,"Rockaway","Sun",15,6.32051282051282,5.5,3.52170852036777
88,"Rockaway","Sun",16,6.3974358974359,6,3.24073001071225
88,"Rockaway","Sun",17,5.58974358974359,5,3.00404877195911
88,"Rockaway","Sun",18,5.98717948717949,5,3.38251266684871
88,"Rockaway","Sun",19,5.51282051282051,4.5,3.02690785491913
88,"Rockaway","Sun",20,5.51282051282051,5,2.54182463220271
88,"Rockaway","Sun",21,6.42307692307692,5,4.73319098527588
88,"Rockaway","Sun",22,5.73076923076923,5,2.7945823139944
88,"Rockaway","Sun",23,5.42307692307692,5,2.82621876143948
88,"Rockaway","Mon",0,5.06329113924051,4,3.16366297012027
88,"Rockaway","Mon",1,3.49367088607595,3,4.06950327001396
88,"Rockaway","Mon",2,0.974683544303797,0,2.12418722643059
88,"Rockaway","Mon",3,0.79746835443038,0,1.79300454641724
88,"Rockaway","Mon",4,0.69620253164557,0,1.58805178482175
88,"Rockaway","Mon",5,0.79746835443038,0,2.20941892137719
88,"Rockaway","Mon",6,0.392405063291139,0,1.47993175101636
88,"Rockaway","Mon",7,0.89873417721519,0,2.09146578895784
88,"Rockaway","Mon",8,0.544303797468354,0,1.50040565757834
88,"Rockaway","Mon",9,2.9873417721519,4,2.76652920983563
88,"Rockaway","Mon",10,3.64556962025316,3,1.92179119629115
88,"Rockaway","Mon",11,4.06329113924051,4,1.9633943146154
88,"Rockaway","Mon",12,4.86075949367089,4,2.65896730105539
88,"Rockaway","Mon",13,4.11392405063291,4,2.05680447802517
88,"Rockaway","Mon",14,4.68354430379747,4,2.51938282937721
88,"Rockaway","Mon",15,4.77215189873418,4,2.5214432532173
88,"Rockaway","Mon",16,4.84810126582278,4,3.03014177376257
88,"Rockaway","Mon",17,4.65822784810127,4,2.57147107428437
88,"Rockaway","Mon",18,3.9746835443038,4,2.30926052957298
88,"Rockaway","Mon",19,4.36708860759494,4,2.61738377495188
88,"Rockaway","Mon",20,5.35443037974684,5,3.78267974028026
88,"Rockaway","Mon",21,4.10126582278481,4,2.77162794293775
88,"Rockaway","Mon",22,5.27848101265823,4,3.83618637037157
88,"Rockaway","Mon",23,4.87341772151899,4,2.56888227019913
88,"Rockaway","Tue",0,4.69230769230769,4,3.11388883814174
88,"Rockaway","Tue",1,3.92307692307692,3,2.85933981468173
88,"Rockaway","Tue",2,1.97435897435897,0,2.52249288660451
88,"Rockaway","Tue",3,0.692307692307692,0,1.72308762662581
88,"Rockaway","Tue",4,0.538461538461538,0,1.601073565904
88,"Rockaway","Tue",5,0.794871794871795,0,2.38152507265023
88,"Rockaway","Tue",6,0.987179487179487,0,2.09819705996146
88,"Rockaway","Tue",7,0.461538461538462,0,1.5177932348302
88,"Rockaway","Tue",8,0.397435897435897,0,1.29273437765156
88,"Rockaway","Tue",9,3.08974358974359,3,2.54408352307092
88,"Rockaway","Tue",10,3.80769230769231,4,1.57131504448693
88,"Rockaway","Tue",11,4.14102564102564,4,1.79988714634939
88,"Rockaway","Tue",12,4.58974358974359,4,2.25881187845095
88,"Rockaway","Tue",13,5.17948717948718,4,2.61734270787814
88,"Rockaway","Tue",14,5.96153846153846,5,3.0427359001796
88,"Rockaway","Tue",15,5.66666666666667,5,2.57695414019975
88,"Rockaway","Tue",16,5.35897435897436,4,3.29097293068521
88,"Rockaway","Tue",17,4.46153846153846,4,1.99800099900075
88,"Rockaway","Tue",18,4.44871794871795,4,2.51565196887503
88,"Rockaway","Tue",19,4.67948717948718,4,2.40936263460449
88,"Rockaway","Tue",20,5.2051282051282,4,3.54693566064463
88,"Rockaway","Tue",21,4.2051282051282,4,2.53474030719291
88,"Rockaway","Tue",22,4.91025641025641,4,3.13416820273104
88,"Rockaway","Tue",23,4.93589743589744,4,2.9600796040092
88,"Rockaway","Wed",0,3.85897435897436,4,2.12422244887889
88,"Rockaway","Wed",1,3.92307692307692,3,2.82736732562396
88,"Rockaway","Wed",2,2.11538461538462,1.5,2.52252588948793
88,"Rockaway","Wed",3,0.961538461538462,0,2.12249735099835
88,"Rockaway","Wed",4,0.666666666666667,0,1.91146008424964
88,"Rockaway","Wed",5,0.769230769230769,0,1.75752982589516
88,"Rockaway","Wed",6,0.564102564102564,0,1.68715347449094
88,"Rockaway","Wed",7,0.897435897435897,0,2.20736514253099
88,"Rockaway","Wed",8,0.615384615384615,0,1.64538527624769
88,"Rockaway","Wed",9,3.01282051282051,4,2.61610193684981
88,"Rockaway","Wed",10,3.64102564102564,4,1.82318658507826
88,"Rockaway","Wed",11,3.96153846153846,4,2.03503283544975
88,"Rockaway","Wed",12,4.71794871794872,4,2.9625254052171
88,"Rockaway","Wed",13,5.14102564102564,4,2.86820618620885
88,"Rockaway","Wed",14,6.19230769230769,5,3.87149990165459
88,"Rockaway","Wed",15,5.14102564102564,4,2.5263512983057
88,"Rockaway","Wed",16,5.16666666666667,4,2.62563123723409
88,"Rockaway","Wed",17,4.42307692307692,4,2.24197982294077
88,"Rockaway","Wed",18,4.15384615384615,4,2.66325122602189
88,"Rockaway","Wed",19,4.12820512820513,4,2.39782896587387
88,"Rockaway","Wed",20,4.8974358974359,4.5,3.20547317490855
88,"Rockaway","Wed",21,4.82051282051282,4,3.10735863003897
88,"Rockaway","Wed",22,5.35897435897436,4,2.96724262650172
88,"Rockaway","Wed",23,4.71794871794872,4,2.84626634404303
88,"Rockaway","Thu",0,4.96153846153846,4,3.15998646919801
88,"Rockaway","Thu",1,4,3.5,2.8739763846873
88,"Rockaway","Thu",2,2.15384615384615,2,2.82418554206765
88,"Rockaway","Thu",3,1.23076923076923,0,2.55801808896195
88,"Rockaway","Thu",4,0.564102564102564,0,1.43779903577171
88,"Rockaway","Thu",5,0.717948717948718,0,1.82263856044234
88,"Rockaway","Thu",6,0.846153846153846,0,1.90062821519297
88,"Rockaway","Thu",7,0.41025641025641,0,1.28362208133299
88,"Rockaway","Thu",8,0.58974358974359,0,1.50700440313301
88,"Rockaway","Thu",9,2.66666666666667,3,2.3392010328019
88,"Rockaway","Thu",10,3.88461538461538,3,2.43342935413758
88,"Rockaway","Thu",11,4.05128205128205,4,1.82975007801212
88,"Rockaway","Thu",12,5.01282051282051,4,2.71835315760184
88,"Rockaway","Thu",13,4.82051282051282,4,2.43749706489914
88,"Rockaway","Thu",14,5.78205128205128,5,2.85878657347146
88,"Rockaway","Thu",15,5.76923076923077,5,3.57452413297529
88,"Rockaway","Thu",16,4.8974358974359,4,2.6314271649447
88,"Rockaway","Thu",17,4.66666666666667,4,2.38320240006041
88,"Rockaway","Thu",18,4.21794871794872,4,2.57685722153812
88,"Rockaway","Thu",19,4.85897435897436,4,3.1529180834415
88,"Rockaway","Thu",20,4.62820512820513,4,2.94145901759334
88,"Rockaway","Thu",21,4.33333333333333,4,2.84977404739606
88,"Rockaway","Thu",22,5.6025641025641,4,3.73241241436453
88,"Rockaway","Thu",23,5.23076923076923,4.5,2.49635098328906
88,"Rockaway","Fri",0,5.35897435897436,4,3.74503778689989
88,"Rockaway","Fri",1,4.05128205128205,3.5,2.27862704103616
88,"Rockaway","Fri",2,1.93589743589744,0,2.84372055356123
88,"Rockaway","Fri",3,0.833333333333333,0,1.79042668256137
88,"Rockaway","Fri",4,0.371794871794872,0,1.15217439109964
88,"Rockaway","Fri",5,0.666666666666667,0,1.65668003687759
88,"Rockaway","Fri",6,0.67948717948718,0,1.86904788417525
88,"Rockaway","Fri",7,0.871794871794872,0,2.38152507265023
88,"Rockaway","Fri",8,0.615384615384615,0,2.02728639069326
88,"Rockaway","Fri",9,2.83333333333333,3,2.69398881912597
88,"Rockaway","Fri",10,4.43589743589744,4,1.98428726181366
88,"Rockaway","Fri",11,4.15384615384615,4,1.82391702845095
88,"Rockaway","Fri",12,5.61538461538461,4,3.71459308649033
88,"Rockaway","Fri",13,5.53846153846154,4,2.8635293258146
88,"Rockaway","Fri",14,5.75641025641026,5,3.29575050056453
88,"Rockaway","Fri",15,4.92307692307692,4,2.56737387059396
88,"Rockaway","Fri",16,4.91025641025641,4,2.6046207562809
88,"Rockaway","Fri",17,4.3974358974359,4,2.11574029038466
88,"Rockaway","Fri",18,4.8974358974359,4,2.5614005076857
88,"Rockaway","Fri",19,4.66666666666667,4,2.76183012289055
88,"Rockaway","Fri",20,5.19230769230769,4,3.22755060643252
88,"Rockaway","Fri",21,4.26923076923077,4,3.33681968862054
88,"Rockaway","Fri",22,4.85897435897436,4,2.54683077300927
88,"Rockaway","Fri",23,5.52564102564103,5,3.57016627709232
88,"Rockaway","Sat",0,4.56410256410256,4,2.57656644367939
88,"Rockaway","Sat",1,4.84615384615385,4,3.31496772065898
88,"Rockaway","Sat",2,2.29487179487179,2,2.91929974862312
88,"Rockaway","Sat",3,1,0,2
88,"Rockaway","Sat",4,1.1025641025641,0,2.36637562524076
88,"Rockaway","Sat",5,1,0,2.36862610185517
88,"Rockaway","Sat",6,1.05128205128205,0,2.44894589514264
88,"Rockaway","Sat",7,0.82051282051282,0,2.13653190118205
88,"Rockaway","Sat",8,0.794871794871795,0,2.05356183669161
88,"Rockaway","Sat",9,0.756410256410256,0,2.40770353179877
88,"Rockaway","Sat",10,0.743589743589744,0,1.86168404028919
88,"Rockaway","Sat",11,1.12820512820513,0,2.11585833099867
88,"Rockaway","Sat",12,3.28205128205128,3,3.35709148967723
88,"Rockaway","Sat",13,4.87179487179487,4,3.61224100085875
88,"Rockaway","Sat",14,7,6,3.58206209203146
88,"Rockaway","Sat",15,5.75641025641026,5,3.70042432609291
88,"Rockaway","Sat",16,6.25641025641026,5,3.38229115244289
88,"Rockaway","Sat",17,5.66666666666667,5,3.11121418093542
88,"Rockaway","Sat",18,5.92307692307692,5,3.39888916448412
88,"Rockaway","Sat",19,5.97435897435897,4.5,3.54918816023279
88,"Rockaway","Sat",20,6.25641025641026,6,3.22101822021521
88,"Rockaway","Sat",21,6.83333333333333,5,4.16982564233157
88,"Rockaway","Sat",22,5.93589743589744,5.5,2.99930616907269
88,"Rockaway","Sat",23,5.47435897435897,5,2.62715271766439
89,"Astoria","Sun",0,8.85897435897436,8.5,3.18570002490577
89,"Astoria","Sun",1,5.41025641025641,5,2.48337797509082
89,"Astoria","Sun",2,2.38461538461538,2,2.22284928437781
89,"Astoria","Sun",3,1.05128205128205,1,1.44057560553345
89,"Astoria","Sun",4,0.525641025641026,0,1.07780873148795
89,"Astoria","Sun",5,0.730769230769231,0,1.11277209628106
89,"Astoria","Sun",6,0.525641025641026,0,0.893328214059814
89,"Astoria","Sun",7,0.602564102564103,0,1.03622370835625
89,"Astoria","Sun",8,0.538461538461538,0,0.848104191288263
89,"Astoria","Sun",9,0.666666666666667,0,1.14717797922437
89,"Astoria","Sun",10,0.564102564102564,0,0.905821627315676
89,"Astoria","Sun",11,1.94871794871795,1,2.32935772819621
89,"Astoria","Sun",12,3.26923076923077,2,3.1070639120955
89,"Astoria","Sun",13,5.7948717948718,6,3.06788549524284
89,"Astoria","Sun",14,7.32051282051282,7,2.36035210747508
89,"Astoria","Sun",15,10.1153846153846,10,3.89131823966605
89,"Astoria","Sun",16,9.7948717948718,9,3.59421965361258
89,"Astoria","Sun",17,9.65384615384615,9,3.99293832203259
89,"Astoria","Sun",18,9.85897435897436,9,4.36254530426923
89,"Astoria","Sun",19,8.44871794871795,8,4.20774621443929
89,"Astoria","Sun",20,9.88461538461539,9.5,3.33022665751291
89,"Astoria","Sun",21,8.96153846153846,9,4.31380239567033
89,"Astoria","Sun",22,8.83333333333333,9,3.21286644952927
89,"Astoria","Sun",23,9.19230769230769,9,2.70669056712692
89,"Astoria","Mon",0,8.45569620253165,8,2.98198638131007
89,"Astoria","Mon",1,4.72151898734177,4,2.40691689618642
89,"Astoria","Mon",2,1.93670886075949,1,2.07760816714859
89,"Astoria","Mon",3,0.670886075949367,0,0.92986791159216
89,"Astoria","Mon",4,0.911392405063291,1,1.15680676109093
89,"Astoria","Mon",5,0.860759493670886,1,1.10632421194148
89,"Astoria","Mon",6,0.670886075949367,0,0.943554639991659
89,"Astoria","Mon",7,0.607594936708861,0,0.952967316131598
89,"Astoria","Mon",8,1.08860759493671,1,1.2829240781114
89,"Astoria","Mon",9,1.43037974683544,1,1.49085713002576
89,"Astoria","Mon",10,5.89873417721519,6,4.22627597697554
89,"Astoria","Mon",11,9.17721518987342,9,3.64712564614117
89,"Astoria","Mon",12,10.1139240506329,10,3.62677840292198
89,"Astoria","Mon",13,11.4177215189873,11,3.79137886742091
89,"Astoria","Mon",14,10.379746835443,10,5.25577532758587
89,"Astoria","Mon",15,9.64556962025316,10,3.48637632272832
89,"Astoria","Mon",16,8.58227848101266,8,3.53229639454137
89,"Astoria","Mon",17,7.84810126582278,7,2.87825003633545
89,"Astoria","Mon",18,8.37974683544304,8,3.5673152925729
89,"Astoria","Mon",19,7.11392405063291,7,2.36419521609337
89,"Astoria","Mon",20,7.59493670886076,7,2.67236084688106
89,"Astoria","Mon",21,9.46835443037975,9,4.005878510639
89,"Astoria","Mon",22,10.3417721518987,10,3.50415897934838
89,"Astoria","Mon",23,9.9620253164557,10,2.82136100079142
89,"Astoria","Tue",0,9.74358974358974,9,2.91630391160258
89,"Astoria","Tue",1,5.19230769230769,5,3.11284599519639
89,"Astoria","Tue",2,2.17948717948718,2,2.09354970873643
89,"Astoria","Tue",3,0.602564102564103,0,0.857961092414589
89,"Astoria","Tue",4,0.858974358974359,0,1.2138204040796
89,"Astoria","Tue",5,0.641025641025641,0,0.911319280221169
89,"Astoria","Tue",6,0.948717948717949,0,1.45849447280616
89,"Astoria","Tue",7,0.730769230769231,0,1.07719063323985
89,"Astoria","Tue",8,0.948717948717949,1,1.01798675644482
89,"Astoria","Tue",9,1.34615384615385,1,1.1824135901206
89,"Astoria","Tue",10,6.37179487179487,7,4.14700321890829
89,"Astoria","Tue",11,10,10,3.47906540667118
89,"Astoria","Tue",12,11.0512820512821,11,3.24296415595617
89,"Astoria","Tue",13,12.2435897435897,12,3.80425563972257
89,"Astoria","Tue",14,10.5,10.5,3.19801074533416
89,"Astoria","Tue",15,9.71794871794872,9.5,3.64637317015652
89,"Astoria","Tue",16,8.7051282051282,8,3.25978636204999
89,"Astoria","Tue",17,8.07692307692308,8,2.9088723694137
89,"Astoria","Tue",18,8.14102564102564,7.5,3.51517806895708
89,"Astoria","Tue",19,7.21794871794872,7,2.41557412119735
89,"Astoria","Tue",20,7.38461538461539,7,3.28012816201452
89,"Astoria","Tue",21,9.07692307692308,8.5,3.8368318599176
89,"Astoria","Tue",22,10.3333333333333,10,2.98335933143041
89,"Astoria","Tue",23,10.0512820512821,9,4.04486988183456
89,"Astoria","Wed",0,9.74358974358974,9.5,2.80276253997335
89,"Astoria","Wed",1,5.19230769230769,6,3.28340056659544
89,"Astoria","Wed",2,2.21794871794872,2,1.77022587081413
89,"Astoria","Wed",3,0.782051282051282,0,1.1582278884105
89,"Astoria","Wed",4,0.871794871794872,0,1.35185273883875
89,"Astoria","Wed",5,0.871794871794872,0,1.18824299363447
89,"Astoria","Wed",6,0.782051282051282,0,1.20224288119662
89,"Astoria","Wed",7,0.717948717948718,0,1.07989220117897
89,"Astoria","Wed",8,0.858974358974359,0,1.31647264806384
89,"Astoria","Wed",9,1.58974358974359,1,1.4896691643161
89,"Astoria","Wed",10,5.84615384615385,6.5,3.96437683832954
89,"Astoria","Wed",11,9.53846153846154,10,3.06082200864921
89,"Astoria","Wed",12,10.3717948717949,11,3.26376793785667
89,"Astoria","Wed",13,11.6923076923077,11,4.47302939941065
89,"Astoria","Wed",14,10.4102564102564,11,3.8694135178811
89,"Astoria","Wed",15,8.7948717948718,9,3.35500778778191
89,"Astoria","Wed",16,8.32051282051282,8,3.32832624268649
89,"Astoria","Wed",17,7.2948717948718,7,3.01127308090209
89,"Astoria","Wed",18,8.19230769230769,8,3.09611273792058
89,"Astoria","Wed",19,7.61538461538461,7,2.7361493903867
89,"Astoria","Wed",20,7.38461538461539,7,3.49110472312307
89,"Astoria","Wed",21,9.2948717948718,9,3.79373706158464
89,"Astoria","Wed",22,11.0384615384615,11,3.17638325606508
89,"Astoria","Wed",23,10.8076923076923,10.5,3.5967434488108
89,"Astoria","Thu",0,9.75641025641026,9.5,2.78299986437086
89,"Astoria","Thu",1,5.61538461538461,6,3.50965558391166
89,"Astoria","Thu",2,2.51282051282051,2,2.17269710742494
89,"Astoria","Thu",3,0.833333333333333,0,1.07409480665333
89,"Astoria","Thu",4,0.615384615384615,0,0.929051593366517
89,"Astoria","Thu",5,0.858974358974359,0,1.17024094504673
89,"Astoria","Thu",6,0.692307692307692,0,1.08481481222519
89,"Astoria","Thu",7,0.641025641025641,0,0.882357511757438
89,"Astoria","Thu",8,1.01282051282051,1,1.34351341825391
89,"Astoria","Thu",9,1.19230769230769,1,1.2797898803562
89,"Astoria","Thu",10,5.44871794871795,6,4.00210151255769
89,"Astoria","Thu",11,9.47435897435897,9,3.56652677266178
89,"Astoria","Thu",12,10.3333333333333,11,3.455342810691
89,"Astoria","Thu",13,11.8461538461538,12,4.19051781531108
89,"Astoria","Thu",14,10.2948717948718,10,4.02301487502205
89,"Astoria","Thu",15,9.56410256410256,8.5,4.20756814604704
89,"Astoria","Thu",16,8.64102564102564,8,3.10414201281089
89,"Astoria","Thu",17,8.26923076923077,7,3.78195674263956
89,"Astoria","Thu",18,8.03846153846154,8,3.47698297226354
89,"Astoria","Thu",19,7.91025641025641,7,2.83386706300817
89,"Astoria","Thu",20,7.46153846153846,7,3.40241437459102
89,"Astoria","Thu",21,9.1025641025641,9,3.36363186362885
89,"Astoria","Thu",22,11.1923076923077,11,3.99043561827232
89,"Astoria","Thu",23,10.6025641025641,11,3.59415016630015
89,"Astoria","Fri",0,9.94871794871795,10,2.88703971829248
89,"Astoria","Fri",1,5.64102564102564,5.5,3.42630905488599
89,"Astoria","Fri",2,2.52564102564103,2,2.51088207698586
89,"Astoria","Fri",3,0.961538461538462,1,1.22147779022297
89,"Astoria","Fri",4,0.987179487179487,1,1.29427901750673
89,"Astoria","Fri",5,0.756410256410256,0,0.995912391649734
89,"Astoria","Fri",6,0.846153846153846,0,1.25952911296785
89,"Astoria","Fri",7,0.769230769230769,0,1.16131449170815
89,"Astoria","Fri",8,0.923076923076923,1,1.04159257145733
89,"Astoria","Fri",9,1.76923076923077,1,1.89272755102724
89,"Astoria","Fri",10,5.76923076923077,6,4.16205205669959
89,"Astoria","Fri",11,9.65384615384615,9.5,3.27059676462923
89,"Astoria","Fri",12,10.0128205128205,10,2.70878124578118
89,"Astoria","Fri",13,11.8589743589744,11,4.08902350447062
89,"Astoria","Fri",14,9.97435897435897,10,3.63951744687221
89,"Astoria","Fri",15,9.76923076923077,9,4.16828806281732
89,"Astoria","Fri",16,9.19230769230769,8,4.74562735799799
89,"Astoria","Fri",17,8.41025641025641,8,3.69076030401754
89,"Astoria","Fri",18,7.80769230769231,7,2.84699747196843
89,"Astoria","Fri",19,7.74358974358974,7,2.89395203397679
89,"Astoria","Fri",20,7,7,3.01080305980565
89,"Astoria","Fri",21,8.64102564102564,8,3.84090884460706
89,"Astoria","Fri",22,10.5512820512821,11,3.51119706489181
89,"Astoria","Fri",23,10.4230769230769,10,3.7260725145408
89,"Astoria","Sat",0,9.58974358974359,9.5,3.03416004952395
89,"Astoria","Sat",1,5.32051282051282,5.5,3.30483152700882
89,"Astoria","Sat",2,2.48717948717949,2,2.3944936278052
89,"Astoria","Sat",3,0.871794871794872,0.5,1.20990473338584
89,"Astoria","Sat",4,0.692307692307692,0,1.19856724323813
89,"Astoria","Sat",5,0.743589743589744,0,1.1331589844542
89,"Astoria","Sat",6,0.602564102564103,0,0.930573675733074
89,"Astoria","Sat",7,0.794871794871795,0,1.22059145083172
89,"Astoria","Sat",8,0.884615384615385,0,1.33854708236516
89,"Astoria","Sat",9,0.705128205128205,0,1.12940593922547
89,"Astoria","Sat",10,0.730769230769231,0,1.14725054638637
89,"Astoria","Sat",11,1.93589743589744,1,2.49851770908087
89,"Astoria","Sat",12,3.30769230769231,3,3.02074082385019
89,"Astoria","Sat",13,6.26923076923077,7,3.20175713495711
89,"Astoria","Sat",14,7.58974358974359,7,2.32119481904156
89,"Astoria","Sat",15,10.0384615384615,10,3.74319228887437
89,"Astoria","Sat",16,9.98717948717949,9,4.23189371427549
89,"Astoria","Sat",17,9.6025641025641,9,3.24073001071225
89,"Astoria","Sat",18,10.6794871794872,10,4.45028407014972
89,"Astoria","Sat",19,8.73076923076923,9,2.9877371749492
89,"Astoria","Sat",20,9.42307692307692,9,3.42078911974974
89,"Astoria","Sat",21,8.47435897435897,8,2.6858182577419
89,"Astoria","Sat",22,9.47435897435897,9,2.9397603885676
89,"Astoria","Sat",23,9.02564102564103,9,3.10414201281089
90,"Long Island City","Sun",0,13.9487179487179,14,5.71600040873517
90,"Long Island City","Sun",1,11.5897435897436,8.5,8.99557740895007
90,"Long Island City","Sun",2,2.41025641025641,2,2.94290208139392
90,"Long Island City","Sun",3,1.51282051282051,0,2.73383603638906
90,"Long Island City","Sun",4,1.05128205128205,0,2.37354158036038
90,"Long Island City","Sun",5,0.641025641025641,0,1.16188783881378
90,"Long Island City","Sun",6,0.833333333333333,0,1.90976075653108
90,"Long Island City","Sun",7,0.358974358974359,0,0.755488299553719
90,"Long Island City","Sun",8,0.461538461538462,0,1.14746822033698
90,"Long Island City","Sun",9,0.576923076923077,0,1.0753342068137
90,"Long Island City","Sun",10,0.794871794871795,0,1.42663871926218
90,"Long Island City","Sun",11,1.7051282051282,0.5,2.25116982206265
90,"Long Island City","Sun",12,3.69230769230769,2,4.00748550339737
90,"Long Island City","Sun",13,6.82051282051282,6.5,5.24402836565874
90,"Long Island City","Sun",14,8.94871794871795,8,4.09908902105465
90,"Long Island City","Sun",15,10.6794871794872,10,4.76865738338301
90,"Long Island City","Sun",16,11.8717948717949,11,5.03844692201351
90,"Long Island City","Sun",17,11.7948717948718,10.5,6.28409448447773
90,"Long Island City","Sun",18,11.7051282051282,11,6.34323235713439
90,"Long Island City","Sun",19,11.1538461538462,9,5.79985876020801
90,"Long Island City","Sun",20,10.7564102564103,9.5,5.72573569806093
90,"Long Island City","Sun",21,9.69230769230769,8.5,4.88918151678744
90,"Long Island City","Sun",22,10.974358974359,10,5.08364926440543
90,"Long Island City","Sun",23,13.8076923076923,13.5,6.92268563662806
90,"Long Island City","Mon",0,12.2151898734177,13,4.6813073072072
90,"Long Island City","Mon",1,6.40506329113924,6,5.14287903840205
90,"Long Island City","Mon",2,1.79746835443038,1,3.01440876048153
90,"Long Island City","Mon",3,0.962025316455696,0,3.22427904075999
90,"Long Island City","Mon",4,0.746835443037975,0,1.26560368113483
90,"Long Island City","Mon",5,0.835443037974684,0,1.77179019816939
90,"Long Island City","Mon",6,0.59493670886076,0,1.1038276916557
90,"Long Island City","Mon",7,0.59493670886076,0,1.18233783342712
90,"Long Island City","Mon",8,1.20253164556962,1,1.56385246562524
90,"Long Island City","Mon",9,2.32911392405063,2,1.62292486031841
90,"Long Island City","Mon",10,6.81012658227848,7,4.89917823922226
90,"Long Island City","Mon",11,10.0759493670886,10,4.3582287389481
90,"Long Island City","Mon",12,13.3164556962025,13,5.8101244609059
90,"Long Island City","Mon",13,11.9873417721519,12,5.50173322547162
90,"Long Island City","Mon",14,12.5696202531646,12,5.51148810540264
90,"Long Island City","Mon",15,14.3924050632911,14,5.63509543413143
90,"Long Island City","Mon",16,11.0886075949367,10,4.03888113923456
90,"Long Island City","Mon",17,10.2405063291139,10,4.21601096515329
90,"Long Island City","Mon",18,10.7974683544304,10,4.40098982699563
90,"Long Island City","Mon",19,9.15189873417722,8,4.34147737939145
90,"Long Island City","Mon",20,9,8,3.81629434977211
90,"Long Island City","Mon",21,9.32911392405063,9,4.10353668283442
90,"Long Island City","Mon",22,12.5569620253165,12,5.11846039412554
90,"Long Island City","Mon",23,16.5443037974684,16,4.8378779739819
90,"Long Island City","Tue",0,13.7307692307692,13,4.12050014907432
90,"Long Island City","Tue",1,7,7,4.82418151324422
90,"Long Island City","Tue",2,1.5,1,2.03699549566283
90,"Long Island City","Tue",3,0.782051282051282,0,1.43832005088039
90,"Long Island City","Tue",4,1.01282051282051,0,1.4988618170421
90,"Long Island City","Tue",5,0.730769230769231,0,1.20251983187553
90,"Long Island City","Tue",6,0.833333333333333,0,1.39959796330034
90,"Long Island City","Tue",7,0.782051282051282,0,1.46515755012444
90,"Long Island City","Tue",8,1.44871794871795,1,1.61685469793025
90,"Long Island City","Tue",9,2.15384615384615,2,1.65989299511889
90,"Long Island City","Tue",10,7.07692307692308,8,4.09551300489045
90,"Long Island City","Tue",11,10.5,10,3.88720845985774
90,"Long Island City","Tue",12,13.7820512820513,14,5.39274990906787
90,"Long Island City","Tue",13,12.2948717948718,12,4.67962972882838
90,"Long Island City","Tue",14,13.0641025641026,12,4.69135636131221
90,"Long Island City","Tue",15,15.0128205128205,14,6.18018112150758
90,"Long Island City","Tue",16,12.3589743589744,11,5.96956427519611
90,"Long Island City","Tue",17,10.6410256410256,10,4.39295291325041
90,"Long Island City","Tue",18,9.83333333333333,9.5,3.21286644952927
90,"Long Island City","Tue",19,8.06410256410256,7,2.9600796040092
90,"Long Island City","Tue",20,9.3974358974359,8,4.09415085971087
90,"Long Island City","Tue",21,8.57692307692308,8,3.42837370392235
90,"Long Island City","Tue",22,10.6794871794872,10,4.00160224320465
90,"Long Island City","Tue",23,16.025641025641,15,5.86863633571654
90,"Long Island City","Wed",0,13.1923076923077,13,4.0964276242501
90,"Long Island City","Wed",1,7.01282051282051,7,4.5082711569413
90,"Long Island City","Wed",2,2.17948717948718,2,2.27775002758099
90,"Long Island City","Wed",3,0.782051282051282,0,1.16938696224384
90,"Long Island City","Wed",4,0.705128205128205,0,1.0943654314879
90,"Long Island City","Wed",5,0.935897435897436,0,1.63039110589305
90,"Long Island City","Wed",6,0.756410256410256,0,1.46992267166428
90,"Long Island City","Wed",7,0.884615384615385,0,1.68245931025666
90,"Long Island City","Wed",8,1.08974358974359,1,1.25030798736554
90,"Long Island City","Wed",9,2.41025641025641,2,1.99633363578035
90,"Long Island City","Wed",10,6.80769230769231,7,4.16559093672769
90,"Long Island City","Wed",11,10.6794871794872,10,3.86624953254255
90,"Long Island City","Wed",12,13.3974358974359,13,4.96569986589757
90,"Long Island City","Wed",13,11.6538461538462,11,6.62115249330963
90,"Long Island City","Wed",14,12.8461538461538,11.5,6.22745684699772
90,"Long Island City","Wed",15,14.1282051282051,13,6.215520946204
90,"Long Island City","Wed",16,11.8205128205128,11,4.64798123960603
90,"Long Island City","Wed",17,10.4102564102564,10,4.90278451875014
90,"Long Island City","Wed",18,11.2435897435897,11,4.74324098041993
90,"Long Island City","Wed",19,9.06410256410256,8,4.24368053802646
90,"Long Island City","Wed",20,8.8974358974359,8,4.79607454094815
90,"Long Island City","Wed",21,8.94871794871795,8,4.78606591120796
90,"Long Island City","Wed",22,12.1153846153846,12,5.51969500670399
90,"Long Island City","Wed",23,17.0897435897436,16,6.0799562059169
90,"Long Island City","Thu",0,13.7435897435897,13,4.66107366661456
90,"Long Island City","Thu",1,7.33333333333333,8,4.90074647551942
90,"Long Island City","Thu",2,2.29487179487179,2,2.302505548643
90,"Long Island City","Thu",3,1.1025641025641,0,2.36088110114838
90,"Long Island City","Thu",4,0.705128205128205,0,1.34944889529479
90,"Long Island City","Thu",5,1.08974358974359,0,1.81040210383102
90,"Long Island City","Thu",6,0.666666666666667,0,1.23442679969673
90,"Long Island City","Thu",7,0.692307692307692,0,1.24115250491611
90,"Long Island City","Thu",8,1.07692307692308,1,1.82172481969185
90,"Long Island City","Thu",9,2.06410256410256,2,2.02798437191232
90,"Long Island City","Thu",10,6.57692307692308,7,4.7139451334608
90,"Long Island City","Thu",11,10.1538461538462,10,4.26729307755985
90,"Long Island City","Thu",12,12.6410256410256,12,5.43431702533092
90,"Long Island City","Thu",13,11.974358974359,12,4.37517898401781
90,"Long Island City","Thu",14,12.6538461538462,11,6.09838582661918
90,"Long Island City","Thu",15,13.6923076923077,12,6.19028919515723
90,"Long Island City","Thu",16,12.4102564102564,11,5.20348508946236
90,"Long Island City","Thu",17,12.0769230769231,11,5.3664886843448
90,"Long Island City","Thu",18,10.6153846153846,10,4.2464064845429
90,"Long Island City","Thu",19,9.3974358974359,9,3.46537508919663
90,"Long Island City","Thu",20,9.28205128205128,8,4.79961425911469
90,"Long Island City","Thu",21,10.1282051282051,9,4.10055103791171
90,"Long Island City","Thu",22,12.2948717948718,12,5.96114905326968
90,"Long Island City","Thu",23,16.3333333333333,16,4.90074647551942
90,"Long Island City","Fri",0,14.2692307692308,14,5.45268449772846
90,"Long Island City","Fri",1,7.76923076923077,8,4.60074267557241
90,"Long Island City","Fri",2,2.46153846153846,2,2.84533022616077
90,"Long Island City","Fri",3,1.11538461538462,1,1.35781307390095
90,"Long Island City","Fri",4,1.08974358974359,0,1.52201078068351
90,"Long Island City","Fri",5,0.948717948717949,0,1.72752684041348
90,"Long Island City","Fri",6,0.82051282051282,0,1.49234923094637
90,"Long Island City","Fri",7,0.948717948717949,0,1.35701578527733
90,"Long Island City","Fri",8,1.2051282051282,1,1.24168898754541
90,"Long Island City","Fri",9,2.29487179487179,2,2.4659182023645
90,"Long Island City","Fri",10,6.7051282051282,7.5,4.33981558755661
90,"Long Island City","Fri",11,10.2948717948718,10,3.25180858511984
90,"Long Island City","Fri",12,13.4615384615385,13,4.93777463860172
90,"Long Island City","Fri",13,12.3205128205128,11.5,5.1206066750545
90,"Long Island City","Fri",14,12.1538461538462,12,5.67307819299331
90,"Long Island City","Fri",15,14.9230769230769,14,5.6655010456183
90,"Long Island City","Fri",16,12.1666666666667,10.5,5.73079325591068
90,"Long Island City","Fri",17,10.9871794871795,10,5.13074154723358
90,"Long Island City","Fri",18,11.2564102564103,10,5.3121666219269
90,"Long Island City","Fri",19,8.83333333333333,8,4.1884710866007
90,"Long Island City","Fri",20,8.67948717948718,8,4.833577336039
90,"Long Island City","Fri",21,9.15384615384615,9,4.09965764512024
90,"Long Island City","Fri",22,11.525641025641,11,4.97193254380158
90,"Long Island City","Fri",23,15.3461538461538,15,5.64036225021818
90,"Long Island City","Sat",0,13.7435897435897,13,5.92909598119133
90,"Long Island City","Sat",1,6.94871794871795,7,4.78063582115171
90,"Long Island City","Sat",2,3.33333333333333,2,4.51452681694908
90,"Long Island City","Sat",3,1.11538461538462,0,2.25043008432512
90,"Long Island City","Sat",4,0.833333333333333,0,1.40884650861919
90,"Long Island City","Sat",5,0.67948717948718,0,1.33381193541454
90,"Long Island City","Sat",6,0.602564102564103,0,1.98918989965173
90,"Long Island City","Sat",7,0.666666666666667,0,0.975900072948533
90,"Long Island City","Sat",8,0.692307692307692,0,1.30242224194141
90,"Long Island City","Sat",9,0.564102564102564,0,1.0267809183458
90,"Long Island City","Sat",10,0.743589743589744,0,1.30370000369475
90,"Long Island City","Sat",11,1.48717948717949,1,1.93896203149359
90,"Long Island City","Sat",12,3.82051282051282,3,3.96328471190573
90,"Long Island City","Sat",13,7.35897435897436,7,4.80523080509595
90,"Long Island City","Sat",14,9.7948717948718,8,6.66520130415492
90,"Long Island City","Sat",15,11.5641025641026,10,5.71757314694291
90,"Long Island City","Sat",16,11.4871794871795,11,4.12072238574173
90,"Long Island City","Sat",17,11.6282051282051,10,5.24245648368682
90,"Long Island City","Sat",18,12.3974358974359,10.5,5.57671351243128
90,"Long Island City","Sat",19,11.974358974359,11,5.24707552183133
90,"Long Island City","Sat",20,12.1923076923077,10,7.36974808342774
90,"Long Island City","Sat",21,9.97435897435897,9,4.64023722796599
90,"Long Island City","Sat",22,11.2564102564103,10,4.71922263419117
90,"Long Island City","Sat",23,14.1923076923077,14,6.67435038389153
111,"Gov. Island/Yankee Pier","Sun",0,22.2179487179487,21,10.7239838448139
111,"Gov. Island/Yankee Pier","Sun",1,16.3333333333333,15.5,9.31646589627938
111,"Gov. Island/Yankee Pier","Sun",2,9.82051282051282,8,6.5559402819392
111,"Gov. Island/Yankee Pier","Sun",3,6.62820512820513,5,6.27944280421455
111,"Gov. Island/Yankee Pier","Sun",4,5.11538461538461,5,4.20568807542977
111,"Gov. Island/Yankee Pier","Sun",5,5.01282051282051,3,6.83667267317174
111,"Gov. Island/Yankee Pier","Sun",6,5.41025641025641,4,5.93128596344445
111,"Gov. Island/Yankee Pier","Sun",7,6.14102564102564,5,4.89559664053999
111,"Gov. Island/Yankee Pier","Sun",8,5.56410256410256,5,5.41903749442347
111,"Gov. Island/Yankee Pier","Sun",9,7.03846153846154,6,5.39466380809755
111,"Gov. Island/Yankee Pier","Sun",10,9.74358974358974,8,8.13272353773274
111,"Gov. Island/Yankee Pier","Sun",11,10.8076923076923,10,7.01956022655449
111,"Gov. Island/Yankee Pier","Sun",12,13.6410256410256,13,9.08112693815401
111,"Gov. Island/Yankee Pier","Sun",13,21.7307692307692,21.5,10.3580987536425
111,"Gov. Island/Yankee Pier","Sun",14,31.3333333333333,29.5,12.8423676526724
111,"Gov. Island/Yankee Pier","Sun",15,38.2948717948718,36,15.4054375409303
111,"Gov. Island/Yankee Pier","Sun",16,35.7307692307692,35.5,13.7799714218721
111,"Gov. Island/Yankee Pier","Sun",17,33.4871794871795,31.5,15.0839586158875
111,"Gov. Island/Yankee Pier","Sun",18,38.0769230769231,38.5,18.5183441735235
111,"Gov. Island/Yankee Pier","Sun",19,35.7307692307692,36.5,15.0623578955828
111,"Gov. Island/Yankee Pier","Sun",20,29.6410256410256,28,11.9913110956034
111,"Gov. Island/Yankee Pier","Sun",21,28.2564102564103,24.5,12.3797445554452
111,"Gov. Island/Yankee Pier","Sun",22,23.4102564102564,22,7.64374950053352
111,"Gov. Island/Yankee Pier","Sun",23,19.4102564102564,18,9.32032536280064
111,"Gov. Island/Yankee Pier","Mon",0,19.5569620253165,17,9.00818265550548
111,"Gov. Island/Yankee Pier","Mon",1,13.3417721518987,12,9.25131463416093
111,"Gov. Island/Yankee Pier","Mon",2,8.31645569620253,8,5.7835848695705
111,"Gov. Island/Yankee Pier","Mon",3,6.20253164556962,4,6.36774674722592
111,"Gov. Island/Yankee Pier","Mon",4,5.05063291139241,4,4.80357434806254
111,"Gov. Island/Yankee Pier","Mon",5,4.56962025316456,3,4.90860976794281
111,"Gov. Island/Yankee Pier","Mon",6,5.27848101265823,3,5.83740526494426
111,"Gov. Island/Yankee Pier","Mon",7,4.83544303797468,4,4.4990893088372
111,"Gov. Island/Yankee Pier","Mon",8,7.88607594936709,8,5.7712535672718
111,"Gov. Island/Yankee Pier","Mon",9,8.39240506329114,7,5.61229812958637
111,"Gov. Island/Yankee Pier","Mon",10,19.3544303797468,20,12.4262315333367
111,"Gov. Island/Yankee Pier","Mon",11,28.9873417721519,29,12.1301633688938
111,"Gov. Island/Yankee Pier","Mon",12,32.3164556962025,33,10.8905325901616
111,"Gov. Island/Yankee Pier","Mon",13,31.7088607594937,31,10.0920785116591
111,"Gov. Island/Yankee Pier","Mon",14,31.746835443038,32,10.8408869379207
111,"Gov. Island/Yankee Pier","Mon",15,30.7974683544304,31,10.429715617771
111,"Gov. Island/Yankee Pier","Mon",16,29.6582278481013,28,10.1815394482938
111,"Gov. Island/Yankee Pier","Mon",17,30.5316455696203,30,9.912224313802
111,"Gov. Island/Yankee Pier","Mon",18,31.0632911392405,30,10.5190203455234
111,"Gov. Island/Yankee Pier","Mon",19,30.2151898734177,29,9.08742564047587
111,"Gov. Island/Yankee Pier","Mon",20,32.126582278481,33,10.0669134227793
111,"Gov. Island/Yankee Pier","Mon",21,35.1139240506329,36,10.9474119898819
111,"Gov. Island/Yankee Pier","Mon",22,31.8987341772152,32,9.95579323258427
111,"Gov. Island/Yankee Pier","Mon",23,25.3164556962025,24,7.92681962253085
111,"Gov. Island/Yankee Pier","Tue",0,23.0128205128205,21.5,10.5823837809279
111,"Gov. Island/Yankee Pier","Tue",1,14.2564102564103,14,7.48927527129589
111,"Gov. Island/Yankee Pier","Tue",2,11.9230769230769,11,6.54409465282821
111,"Gov. Island/Yankee Pier","Tue",3,9.96153846153846,8,7.10851384123074
111,"Gov. Island/Yankee Pier","Tue",4,7.33333333333333,6,6.33208007650236
111,"Gov. Island/Yankee Pier","Tue",5,7.33333333333333,7,6.03381524467947
111,"Gov. Island/Yankee Pier","Tue",6,7.11538461538461,6,4.99345225616161
111,"Gov. Island/Yankee Pier","Tue",7,9.37179487179487,8,7.49564197948706
111,"Gov. Island/Yankee Pier","Tue",8,10.1666666666667,10,5.96181935681467
111,"Gov. Island/Yankee Pier","Tue",9,10.3846153846154,9,6.56284458683345
111,"Gov. Island/Yankee Pier","Tue",10,21.3333333333333,23,11.1444665282433
111,"Gov. Island/Yankee Pier","Tue",11,31.0128205128205,30,9.08329934585044
111,"Gov. Island/Yankee Pier","Tue",12,33.3205128205128,34,10.5897445976138
111,"Gov. Island/Yankee Pier","Tue",13,34.6794871794872,34,10.1360787901483
111,"Gov. Island/Yankee Pier","Tue",14,32.8076923076923,32.5,7.84932405445769
111,"Gov. Island/Yankee Pier","Tue",15,34.448717948718,33.5,11.5821710679253
111,"Gov. Island/Yankee Pier","Tue",16,29.551282051282,29,9.10065993881825
111,"Gov. Island/Yankee Pier","Tue",17,31.4230769230769,30,10.0937414462436
111,"Gov. Island/Yankee Pier","Tue",18,32.7435897435897,32.5,10.0433293717006
111,"Gov. Island/Yankee Pier","Tue",19,32.4358974358974,32,9.27304394410724
111,"Gov. Island/Yankee Pier","Tue",20,33.5769230769231,33,10.4614558232618
111,"Gov. Island/Yankee Pier","Tue",21,33.8846153846154,33,10.5608696626731
111,"Gov. Island/Yankee Pier","Tue",22,33.2051282051282,33,8.09418417852087
111,"Gov. Island/Yankee Pier","Tue",23,30.8333333333333,30,9.97583660738868
111,"Gov. Island/Yankee Pier","Wed",0,22.6666666666667,22,8.02701067850918
111,"Gov. Island/Yankee Pier","Wed",1,18.1794871794872,16,7.39206944249651
111,"Gov. Island/Yankee Pier","Wed",2,17.7692307692308,15,12.5438690741195
111,"Gov. Island/Yankee Pier","Wed",3,12.525641025641,11,9.02194202461077
111,"Gov. Island/Yankee Pier","Wed",4,9.03846153846154,8,7.36866356927786
111,"Gov. Island/Yankee Pier","Wed",5,7.85897435897436,7,6.50219615042139
111,"Gov. Island/Yankee Pier","Wed",6,6.21794871794872,5,5.53066407298844
111,"Gov. Island/Yankee Pier","Wed",7,6.5,6,5.28843383881584
111,"Gov. Island/Yankee Pier","Wed",8,11.5384615384615,12,7.46540472662184
111,"Gov. Island/Yankee Pier","Wed",9,11.3333333333333,10.5,6.94816927521605
111,"Gov. Island/Yankee Pier","Wed",10,22.6794871794872,22,15.0854652586939
111,"Gov. Island/Yankee Pier","Wed",11,29.1666666666667,29,9.73468382969212
111,"Gov. Island/Yankee Pier","Wed",12,35.9230769230769,37,10.8169770734246
111,"Gov. Island/Yankee Pier","Wed",13,34.5,34.5,10.4691879390856
111,"Gov. Island/Yankee Pier","Wed",14,33.7051282051282,33,11.2135226509376
111,"Gov. Island/Yankee Pier","Wed",15,32.3846153846154,31,9.22761351319241
111,"Gov. Island/Yankee Pier","Wed",16,31.2435897435897,29.5,10.1369657816368
111,"Gov. Island/Yankee Pier","Wed",17,30.7179487179487,30,10.8447095676982
111,"Gov. Island/Yankee Pier","Wed",18,29.3461538461538,27,10.3306716733607
111,"Gov. Island/Yankee Pier","Wed",19,31.3076923076923,30,11.3952686608148
111,"Gov. Island/Yankee Pier","Wed",20,31.7692307692308,33,11.2595391902699
111,"Gov. Island/Yankee Pier","Wed",21,34.4358974358974,34,10.0098519568042
111,"Gov. Island/Yankee Pier","Wed",22,31.525641025641,30,9.85047214765879
111,"Gov. Island/Yankee Pier","Wed",23,26.5641025641026,25,8.65288742978093
111,"Gov. Island/Yankee Pier","Thu",0,21.9230769230769,21,10.1210456196761
111,"Gov. Island/Yankee Pier","Thu",1,16.551282051282,14.5,9.64788845197495
111,"Gov. Island/Yankee Pier","Thu",2,12.7948717948718,12,7.56849068718799
111,"Gov. Island/Yankee Pier","Thu",3,11.6153846153846,10,9.86563071124545
111,"Gov. Island/Yankee Pier","Thu",4,8.41025641025641,6.5,7.85986995932858
111,"Gov. Island/Yankee Pier","Thu",5,7.93589743589744,6,6.39468071071116
111,"Gov. Island/Yankee Pier","Thu",6,7.26923076923077,5,7.61350999641653
111,"Gov. Island/Yankee Pier","Thu",7,9.51282051282051,8,7.08344253701251
111,"Gov. Island/Yankee Pier","Thu",8,9.80769230769231,8.5,6.94516124616734
111,"Gov. Island/Yankee Pier","Thu",9,11.0384615384615,9,7.69456260656145
111,"Gov. Island/Yankee Pier","Thu",10,19.6025641025641,20,11.7720114288193
111,"Gov. Island/Yankee Pier","Thu",11,30.1153846153846,30.5,9.77404563279546
111,"Gov. Island/Yankee Pier","Thu",12,34.2948717948718,33,12.0239036537332
111,"Gov. Island/Yankee Pier","Thu",13,35.8461538461538,37,10.999500488159
111,"Gov. Island/Yankee Pier","Thu",14,35.2435897435897,33,11.5794106319256
111,"Gov. Island/Yankee Pier","Thu",15,34.8589743589744,35,10.8576675390686
111,"Gov. Island/Yankee Pier","Thu",16,32.2435897435897,30,12.2773002419954
111,"Gov. Island/Yankee Pier","Thu",17,30.0769230769231,29,8.12526799680971
111,"Gov. Island/Yankee Pier","Thu",18,31.8076923076923,30,11.7540351648846
111,"Gov. Island/Yankee Pier","Thu",19,31.6025641025641,30,10.272064934341
111,"Gov. Island/Yankee Pier","Thu",20,33.0384615384615,33,10.9288636161341
111,"Gov. Island/Yankee Pier","Thu",21,34.7948717948718,33,9.39654395482926
111,"Gov. Island/Yankee Pier","Thu",22,31.3717948717949,29.5,9.6740501387602
111,"Gov. Island/Yankee Pier","Thu",23,28.2435897435897,27,10.180431824888
111,"Gov. Island/Yankee Pier","Fri",0,23.025641025641,21,10.6964909393183
111,"Gov. Island/Yankee Pier","Fri",1,15.9358974358974,14,8.49803605055996
111,"Gov. Island/Yankee Pier","Fri",2,13.6794871794872,12,8.26743508293128
111,"Gov. Island/Yankee Pier","Fri",3,9.91025641025641,9,7.77472745158227
111,"Gov. Island/Yankee Pier","Fri",4,8.64102564102564,8,6.26881450499497
111,"Gov. Island/Yankee Pier","Fri",5,6.69230769230769,6.5,5.37262830141216
111,"Gov. Island/Yankee Pier","Fri",6,7.56410256410256,7,5.9360001041187
111,"Gov. Island/Yankee Pier","Fri",7,6.61538461538461,6,4.79781002322737
111,"Gov. Island/Yankee Pier","Fri",8,9.6025641025641,8,6.58479110218949
111,"Gov. Island/Yankee Pier","Fri",9,11.1410256410256,10,7.64084098005258
111,"Gov. Island/Yankee Pier","Fri",10,21.3205128205128,22.5,11.1022328276601
111,"Gov. Island/Yankee Pier","Fri",11,30.1923076923077,30,9.69141766841036
111,"Gov. Island/Yankee Pier","Fri",12,34.7948717948718,34,10.1243681532642
111,"Gov. Island/Yankee Pier","Fri",13,35.3461538461538,35,11.5576779709386
111,"Gov. Island/Yankee Pier","Fri",14,33.8076923076923,34,10.5535833667111
111,"Gov. Island/Yankee Pier","Fri",15,34.1025641025641,32,11.5596586292895
111,"Gov. Island/Yankee Pier","Fri",16,32.5384615384615,30,14.2059913350033
111,"Gov. Island/Yankee Pier","Fri",17,32.2692307692308,30,12.344274740993
111,"Gov. Island/Yankee Pier","Fri",18,34.2179487179487,31.5,12.913948399698
111,"Gov. Island/Yankee Pier","Fri",19,32.8076923076923,31.5,11.0348417418526
111,"Gov. Island/Yankee Pier","Fri",20,31,30,10.9247722791209
111,"Gov. Island/Yankee Pier","Fri",21,31.4230769230769,31,10.9420186541503
111,"Gov. Island/Yankee Pier","Fri",22,28.448717948718,28,9.10065993881825
111,"Gov. Island/Yankee Pier","Fri",23,25.4102564102564,24.5,9.69996103544979
111,"Gov. Island/Yankee Pier","Sat",0,20.4871794871795,20,8.4002838383455
111,"Gov. Island/Yankee Pier","Sat",1,14.8076923076923,15,7.48515013393002
111,"Gov. Island/Yankee Pier","Sat",2,11.6666666666667,11.5,6.7375024596611
111,"Gov. Island/Yankee Pier","Sat",3,7.53846153846154,6,6.02956419284548
111,"Gov. Island/Yankee Pier","Sat",4,7.35897435897436,6.5,5.72752379344938
111,"Gov. Island/Yankee Pier","Sat",5,5.91025641025641,3.5,6.49712403395693
111,"Gov. Island/Yankee Pier","Sat",6,5.91025641025641,5,5.129962652546
111,"Gov. Island/Yankee Pier","Sat",7,7.2948717948718,6.5,6.56853770984742
111,"Gov. Island/Yankee Pier","Sat",8,6.96153846153846,6,5.26059180832596
111,"Gov. Island/Yankee Pier","Sat",9,5.7948717948718,4.5,5.39927598407241
111,"Gov. Island/Yankee Pier","Sat",10,9.52564102564103,7.5,7.57597768578009
111,"Gov. Island/Yankee Pier","Sat",11,12.1666666666667,12,7.56858968259938
111,"Gov. Island/Yankee Pier","Sat",12,14.1282051282051,12,8.84404410985813
111,"Gov. Island/Yankee Pier","Sat",13,21.0769230769231,21.5,10.3632332501302
111,"Gov. Island/Yankee Pier","Sat",14,32.3205128205128,29,12.2733938719572
111,"Gov. Island/Yankee Pier","Sat",15,37.5897435897436,35.5,15.0371279875919
111,"Gov. Island/Yankee Pier","Sat",16,37.5,35,15.2279220640772
111,"Gov. Island/Yankee Pier","Sat",17,35.525641025641,33.5,15.1346547881931
111,"Gov. Island/Yankee Pier","Sat",18,38.0769230769231,40,19.4420679454117
111,"Gov. Island/Yankee Pier","Sat",19,36.8461538461538,35,14.8805433177209
111,"Gov. Island/Yankee Pier","Sat",20,33,28,15.0393423453892
111,"Gov. Island/Yankee Pier","Sat",21,31.6153846153846,26.5,17.3536408614691
111,"Gov. Island/Yankee Pier","Sat",22,25.4615384615385,23,10.281356608264
111,"Gov. Island/Yankee Pier","Sat",23,22.4358974358974,20,10.3755328370008
112,"Soundview","Sun",0,9.03846153846154,8.5,3.69429995369246
112,"Soundview","Sun",1,8.03846153846154,7,4.76579345049565
112,"Soundview","Sun",2,5.32051282051282,4,3.79847402629068
112,"Soundview","Sun",3,2.3974358974359,2,2.62525072934784
112,"Soundview","Sun",4,2.16666666666667,2,2.50929009812273
112,"Soundview","Sun",5,2.01282051282051,0,2.85808758939691
112,"Soundview","Sun",6,2.53846153846154,2,2.8635293258146
112,"Soundview","Sun",7,2.74358974358974,2,3.18452384842572
112,"Soundview","Sun",8,1.88461538461538,2,2.1621344025812
112,"Soundview","Sun",9,2.62820512820513,2,3.33851578484926
112,"Soundview","Sun",10,2.67948717948718,2,3.67686197991086
112,"Soundview","Sun",11,3.16666666666667,2,3.54348374573344
112,"Soundview","Sun",12,5.98717948717949,5,6.00106828096636
112,"Soundview","Sun",13,8.32051282051282,8,5.1028222131282
112,"Soundview","Sun",14,10.6794871794872,9.5,5.51148409019357
112,"Soundview","Sun",15,11.4102564102564,11,4.6415287938124
112,"Soundview","Sun",16,13.1410256410256,12,6.87877284241279
112,"Soundview","Sun",17,11.8846153846154,11,5.38873468807489
112,"Soundview","Sun",18,10.474358974359,9,5.37605165543742
112,"Soundview","Sun",19,10.9615384615385,10,5.9159531352523
112,"Soundview","Sun",20,10.8205128205128,10,5.02136626966398
112,"Soundview","Sun",21,10.9230769230769,9.5,5.25892989650401
112,"Soundview","Sun",22,9.98717948717949,10,4.2716023628829
112,"Soundview","Sun",23,8.82051282051282,8,3.86036667978975
112,"Soundview","Mon",0,8.78481012658228,8,3.81854746876063
112,"Soundview","Mon",1,7.07594936708861,6,3.78855277117365
112,"Soundview","Mon",2,5.0379746835443,4,4.12759021387902
112,"Soundview","Mon",3,2.08860759493671,1,2.92289754997227
112,"Soundview","Mon",4,1.83544303797468,0,2.79849034278069
112,"Soundview","Mon",5,2.62025316455696,2,3.34473868309065
112,"Soundview","Mon",6,1.64556962025316,1,2.14857122879813
112,"Soundview","Mon",7,2.12658227848101,1,2.90608154811549
112,"Soundview","Mon",8,2.39240506329114,1,3.10259494996749
112,"Soundview","Mon",9,6.62025316455696,7,4.17042025020155
112,"Soundview","Mon",10,9.36708860759494,9,3.87687825510017
112,"Soundview","Mon",11,11.9493670886076,12,4.98175835031711
112,"Soundview","Mon",12,11.2911392405063,10,5.0336098550316
112,"Soundview","Mon",13,13.0126582278481,13,5.29512032474137
112,"Soundview","Mon",14,14.3291139240506,14,5.66075450028492
112,"Soundview","Mon",15,12.126582278481,12,4.7403534667721
112,"Soundview","Mon",16,11.7721518987342,10,5.35879188233406
112,"Soundview","Mon",17,10.6962025316456,10,5.07218263436992
112,"Soundview","Mon",18,12.3291139240506,12,6.10741776603715
112,"Soundview","Mon",19,11.1392405063291,10,5.13593218566738
112,"Soundview","Mon",20,9.35443037974684,8,4.02886372822458
112,"Soundview","Mon",21,10.873417721519,10,4.78610994711109
112,"Soundview","Mon",22,11.6075949367089,10,4.7701468061024
112,"Soundview","Mon",23,11.9240506329114,11,5.15098236062353
112,"Soundview","Tue",0,10.0641025641026,9,5.23311072742092
112,"Soundview","Tue",1,6.14102564102564,6,3.12395170562451
112,"Soundview","Tue",2,4.44871794871795,4,3.22589939496366
112,"Soundview","Tue",3,1.97435897435897,0.5,2.77734040290702
112,"Soundview","Tue",4,1.82051282051282,0.5,2.55202282764487
112,"Soundview","Tue",5,2.32051282051282,2,2.84442306817087
112,"Soundview","Tue",6,2.43589743589744,2,3.30520936166061
112,"Soundview","Tue",7,2.58974358974359,2,2.57074397961458
112,"Soundview","Tue",8,2.23076923076923,1.5,2.61823315522985
112,"Soundview","Tue",9,7.24358974358974,7.5,5.18535875209666
112,"Soundview","Tue",10,9.52564102564103,9,3.09890788879407
112,"Soundview","Tue",11,12.1153846153846,11,4.60090552699484
112,"Soundview","Tue",12,11.6923076923077,11.5,4.74904691000695
112,"Soundview","Tue",13,14.2307692307692,14,6.17056918573352
112,"Soundview","Tue",14,13.5641025641026,13,4.03745369026473
112,"Soundview","Tue",15,11.5384615384615,10.5,4.21096992773253
112,"Soundview","Tue",16,11.0512820512821,10.5,4.220843258819
112,"Soundview","Tue",17,10.7820512820513,10,4.94028611584662
112,"Soundview","Tue",18,10.8974358974359,9.5,5.30520387404557
112,"Soundview","Tue",19,10.1410256410256,9,4.36552122406655
112,"Soundview","Tue",20,9.26923076923077,9,3.86685239601248
112,"Soundview","Tue",21,10.4358974358974,11,4.73063995448336
112,"Soundview","Tue",22,11.9102564102564,12,4.06820390962437
112,"Soundview","Tue",23,11.7307692307692,11,4.33251996772424
112,"Soundview","Wed",0,9.2051282051282,8,4.2253378389757
112,"Soundview","Wed",1,5.91025641025641,5,3.2640740117496
112,"Soundview","Wed",2,5.25641025641026,4.5,3.98515393447378
112,"Soundview","Wed",3,2.97435897435897,2.5,2.86027134746901
112,"Soundview","Wed",4,1.91025641025641,0.5,2.68321331608832
112,"Soundview","Wed",5,2.21794871794872,1,3.01790086114929
112,"Soundview","Wed",6,1.93589743589744,0,2.55505479947202
112,"Soundview","Wed",7,2.42307692307692,1,3.09385327252733
112,"Soundview","Wed",8,1.64102564102564,1,2.27906542120651
112,"Soundview","Wed",9,7.15384615384615,8,4.88325238403196
112,"Soundview","Wed",10,9.61538461538461,9,4.23722148984992
112,"Soundview","Wed",11,11.6923076923077,12,5.195671755895
112,"Soundview","Wed",12,11.4102564102564,11,3.9753653673002
112,"Soundview","Wed",13,13.6025641025641,13,5.62078643013948
112,"Soundview","Wed",14,12.4487179487179,12,4.87145791638419
112,"Soundview","Wed",15,11.9358974358974,11,4.75733130359881
112,"Soundview","Wed",16,10.2435897435897,10,4.08095321636737
112,"Soundview","Wed",17,11.0512820512821,9,5.77477145417768
112,"Soundview","Wed",18,11.525641025641,10,6.04254259499435
112,"Soundview","Wed",19,10.0128205128205,9.5,4.57120743304626
112,"Soundview","Wed",20,9.52564102564103,9,5.2711524627019
112,"Soundview","Wed",21,10.6538461538462,10,4.11467731791564
112,"Soundview","Wed",22,11.2564102564103,11,4.40906945283168
112,"Soundview","Wed",23,11.0128205128205,11,3.48463637165926
112,"Soundview","Thu",0,9.26923076923077,8,4.38614429063406
112,"Soundview","Thu",1,6.56410256410256,6,4.45348176525961
112,"Soundview","Thu",2,4.85897435897436,4,3.77525903118988
112,"Soundview","Thu",3,2.17948717948718,0.5,3.04402156136701
112,"Soundview","Thu",4,2.38461538461538,1.5,3.08423207824695
112,"Soundview","Thu",5,2.06410256410256,1.5,2.78837914836887
112,"Soundview","Thu",6,2.26923076923077,1,3.04798454559891
112,"Soundview","Thu",7,2.11538461538462,1,3.03221135383167
112,"Soundview","Thu",8,2.6025641025641,2,2.8890287029531
112,"Soundview","Thu",9,6.97435897435897,7.5,5.17228970114598
112,"Soundview","Thu",10,8.8974358974359,8,5.06987472267606
112,"Soundview","Thu",11,11.7051282051282,12,4.69625154296259
112,"Soundview","Thu",12,12.1282051282051,12,5.14304213971483
112,"Soundview","Thu",13,13.0641025641026,13,4.57644943639602
112,"Soundview","Thu",14,13.1410256410256,13.5,5.50731357655462
112,"Soundview","Thu",15,11.4871794871795,11,4.10493396420489
112,"Soundview","Thu",16,10.5,9,4.89301118346959
112,"Soundview","Thu",17,10.9871794871795,10,6.28023820737653
112,"Soundview","Thu",18,10.2692307692308,9,5.09308947884881
112,"Soundview","Thu",19,9.83333333333333,9,4.63587553665346
112,"Soundview","Thu",20,11.1794871794872,11,6.22467563384525
112,"Soundview","Thu",21,11.2564102564103,10.5,4.60783042571027
112,"Soundview","Thu",22,11.7435897435897,12,3.61251755016956
112,"Soundview","Thu",23,11.7820512820513,11,3.54799169788277
112,"Soundview","Fri",0,10.3076923076923,10,4.17882010411282
112,"Soundview","Fri",1,7.19230769230769,6,3.99368882733125
112,"Soundview","Fri",2,5.42307692307692,4.5,3.66279728023323
112,"Soundview","Fri",3,2.87179487179487,2,3.41638137093353
112,"Soundview","Fri",4,2.06410256410256,0.5,2.89800533098801
112,"Soundview","Fri",5,2.55128205128205,2,2.96142926136406
112,"Soundview","Fri",6,2.29487179487179,1.5,2.87446877919569
112,"Soundview","Fri",7,1.85897435897436,0,2.63702094301116
112,"Soundview","Fri",8,2.52564102564103,2,2.74795961602096
112,"Soundview","Fri",9,6.8974358974359,7,4.36809490284416
112,"Soundview","Fri",10,9.74358974358974,9,4.21017906099108
112,"Soundview","Fri",11,11.5897435897436,11,4.17610984528585
112,"Soundview","Fri",12,12.025641025641,12,3.80011742461893
112,"Soundview","Fri",13,13.8076923076923,14,6.01741561713089
112,"Soundview","Fri",14,13.5641025641026,13,6.19297831039156
112,"Soundview","Fri",15,11.8076923076923,11,6.004452227593
112,"Soundview","Fri",16,11.2692307692308,10,5.39281165834832
112,"Soundview","Fri",17,10.2307692307692,9.5,4.23321153736497
112,"Soundview","Fri",18,11.0769230769231,10,4.56630582102741
112,"Soundview","Fri",19,10.1666666666667,9,4.83874156299134
112,"Soundview","Fri",20,9.5,9,4.05401836886131
112,"Soundview","Fri",21,11.3846153846154,10.5,5.03295830805992
112,"Soundview","Fri",22,11.6153846153846,12,4.62413423060116
112,"Soundview","Fri",23,11.1282051282051,11,4.17275944812559
112,"Soundview","Sat",0,9.30769230769231,9,4.15075550096259
112,"Soundview","Sat",1,6.46153846153846,6,3.69869161735872
112,"Soundview","Sat",2,5.15384615384615,4,4.19980495241882
112,"Soundview","Sat",3,2.91025641025641,2,3.13416820273104
112,"Soundview","Sat",4,2.06410256410256,1,2.93806077748591
112,"Soundview","Sat",5,2.65384615384615,2,3.21452435566552
112,"Soundview","Sat",6,2.26923076923077,1.5,2.66615671114652
112,"Soundview","Sat",7,1.84615384615385,0,2.45519286981125
112,"Soundview","Sat",8,2.24358974358974,2,2.40770353179878
112,"Soundview","Sat",9,2.85897435897436,2.5,3.0736600246914
112,"Soundview","Sat",10,2.44871794871795,1,3.28177745590149
112,"Soundview","Sat",11,2.80769230769231,2,3.36929485978118
112,"Soundview","Sat",12,5.62820512820513,5,4.80018661530899
112,"Soundview","Sat",13,8.35897435897436,7.5,5.85977784024244
112,"Soundview","Sat",14,11.8461538461538,10,6.50290029815253
112,"Soundview","Sat",15,12.4230769230769,12,4.54563935688228
112,"Soundview","Sat",16,12.5641025641026,12,6.0594237941092
112,"Soundview","Sat",17,12.2435897435897,12,6.05212401791347
112,"Soundview","Sat",18,11.8974358974359,11,5.85449043684062
112,"Soundview","Sat",19,12.2948717948718,11,6.10962403323689
112,"Soundview","Sat",20,9.71794871794872,9,4.29405338100197
112,"Soundview","Sat",21,10.0769230769231,10,3.43688635427298
112,"Soundview","Sat",22,10.7564102564103,10,4.66594709261285
112,"Soundview","Sat",23,9.82051282051282,9.5,3.64226128470587
113,"East 90th St","Sun",0,18.8076923076923,18,6.84723414121464
113,"East 90th St","Sun",1,13.3205128205128,13,5.45939816326198
113,"East 90th St","Sun",2,9.2051282051282,8,5.91796510823704
113,"East 90th St","Sun",3,5.08974358974359,4,5.58566322826875
113,"East 90th St","Sun",4,3.42307692307692,2,4.72770016510659
113,"East 90th St","Sun",5,4.05128205128205,3,4.53814263710811
113,"East 90th St","Sun",6,3.15384615384615,3,4.1718815185232
113,"East 90th St","Sun",7,3.53846153846154,3,4.31154387538972
113,"East 90th St","Sun",8,3.21794871794872,3,3.96296961950609
113,"East 90th St","Sun",9,3.56410256410256,3,3.95622062727569
113,"East 90th St","Sun",10,3.85897435897436,3,4.189425026335
113,"East 90th St","Sun",11,7.55128205128205,6,6.86161435682243
113,"East 90th St","Sun",12,10.3717948717949,10,7.07494018029683
113,"East 90th St","Sun",13,14.3205128205128,13.5,5.87641906540889
113,"East 90th St","Sun",14,17.948717948718,17,6.18523049344778
113,"East 90th St","Sun",15,26.1666666666667,26,10.935960776047
113,"East 90th St","Sun",16,22.9358974358974,21.5,9.64612800805513
113,"East 90th St","Sun",17,20.9615384615385,20,9.40632877264138
113,"East 90th St","Sun",18,23.4615384615385,23,9.86887052273995
113,"East 90th St","Sun",19,19.974358974359,18,9.70469742862456
113,"East 90th St","Sun",20,20.2820512820513,20,8.36488864070299
113,"East 90th St","Sun",21,18.6153846153846,17,7.38413668112085
113,"East 90th St","Sun",22,17.6794871794872,16,7.50496561114765
113,"East 90th St","Sun",23,20.3974358974359,19,7.92061217558954
113,"East 90th St","Mon",0,15.4556962025316,15,5.6857840456894
113,"East 90th St","Mon",1,11.253164556962,11,4.78370190958355
113,"East 90th St","Mon",2,7.06329113924051,6,5.26561602345432
113,"East 90th St","Mon",3,3.59493670886076,3,3.95331405065704
113,"East 90th St","Mon",4,3.92405063291139,3,4.07862518283046
113,"East 90th St","Mon",5,4.62025316455696,3,5.0110232269707
113,"East 90th St","Mon",6,3.65822784810127,3,3.98679254137113
113,"East 90th St","Mon",7,3.39240506329114,3,4.2408807790998
113,"East 90th St","Mon",8,5.0379746835443,4,5.5295083427165
113,"East 90th St","Mon",9,8.08860759493671,8,5.27011378609638
113,"East 90th St","Mon",10,18.1012658227848,19,9.10704846316762
113,"East 90th St","Mon",11,20.7721518987342,20,8.05103810329659
113,"East 90th St","Mon",12,23.2405063291139,24,8.65761142797365
113,"East 90th St","Mon",13,24.4810126582278,24,7.98212869155564
113,"East 90th St","Mon",14,22.9620253164557,22,8.59553109585811
113,"East 90th St","Mon",15,23.2278481012658,23,8.70153149957922
113,"East 90th St","Mon",16,22.3417721518987,21,8.50472881424387
113,"East 90th St","Mon",17,21.2025316455696,20,10.1291401751624
113,"East 90th St","Mon",18,21.8227848101266,20,8.22715873575781
113,"East 90th St","Mon",19,18.4810126582278,17,7.34997079968675
113,"East 90th St","Mon",20,19.8860759493671,19,8.80120525221368
113,"East 90th St","Mon",21,21.5189873417722,21,7.31675414846423
113,"East 90th St","Mon",22,22.7215189873418,22,7.32739277250671
113,"East 90th St","Mon",23,23.6708860759494,23,7.89469396459085
113,"East 90th St","Tue",0,19.3333333333333,18,6.97614984548545
113,"East 90th St","Tue",1,12.5384615384615,12,5.35418832946065
113,"East 90th St","Tue",2,8,7,5.50088540689045
113,"East 90th St","Tue",3,4.16666666666667,3,4.31071352356557
113,"East 90th St","Tue",4,4.37179487179487,3,4.33382640192836
113,"East 90th St","Tue",5,4.16666666666667,4,3.51404109943023
113,"East 90th St","Tue",6,5.12820512820513,4,5.16571860292919
113,"East 90th St","Tue",7,4.7051282051282,4,4.76760980262681
113,"East 90th St","Tue",8,5.74358974358974,5,4.82535483504056
113,"East 90th St","Tue",9,8.91025641025641,8,5.08929586494364
113,"East 90th St","Tue",10,19.1025641025641,22,8.30363673039608
113,"East 90th St","Tue",11,23.1153846153846,22,7.15864887714531
113,"East 90th St","Tue",12,25,24,9.40019342160768
113,"East 90th St","Tue",13,25.0769230769231,25,7.2160881419179
113,"East 90th St","Tue",14,23.8076923076923,23,7.67532340755681
113,"East 90th St","Tue",15,25.3461538461538,25,8.42665363643787
113,"East 90th St","Tue",16,22.3846153846154,21,8.06987466587165
113,"East 90th St","Tue",17,21.4358974358974,20.5,8.63936887965172
113,"East 90th St","Tue",18,21.4615384615385,20,7.57592274212227
113,"East 90th St","Tue",19,17.6794871794872,17,6.18018112150758
113,"East 90th St","Tue",20,19.1923076923077,18,8.1017197024991
113,"East 90th St","Tue",21,20.8589743589744,19,7.60335599002324
113,"East 90th St","Tue",22,20.6282051282051,20,5.63179511498032
113,"East 90th St","Tue",23,22.8717948717949,24,7.66567484064976
113,"East 90th St","Wed",0,20.1666666666667,20,7.44750750018877
113,"East 90th St","Wed",1,12.2692307692308,11,6.29093984043116
113,"East 90th St","Wed",2,8.1025641025641,8,5.3829691598928
113,"East 90th St","Wed",3,5.24358974358974,5,4.7814193877939
113,"East 90th St","Wed",4,4.92307692307692,4,4.91424970365265
113,"East 90th St","Wed",5,4.83333333333333,4,4.72192087995307
113,"East 90th St","Wed",6,4.74358974358974,4,4.47340161525008
113,"East 90th St","Wed",7,4.67948717948718,4,4.76865738338301
113,"East 90th St","Wed",8,4.93589743589744,4,4.5962710565966
113,"East 90th St","Wed",9,8.23076923076923,8,5.16964938127091
113,"East 90th St","Wed",10,18.4358974358974,19,8.5971752286098
113,"East 90th St","Wed",11,22.4358974358974,22.5,8.32082311049197
113,"East 90th St","Wed",12,25,25,7.69212787002603
113,"East 90th St","Wed",13,24.025641025641,23,7.88550265874993
113,"East 90th St","Wed",14,22.5,23,7.45331792237176
113,"East 90th St","Wed",15,25.2179487179487,23.5,10.6681312472721
113,"East 90th St","Wed",16,20.9358974358974,19,8.39965946061381
113,"East 90th St","Wed",17,19.9230769230769,20,7.90161783659299
113,"East 90th St","Wed",18,22.3717948717949,21,8.72838179072437
113,"East 90th St","Wed",19,19.5897435897436,19,7.69961358017721
113,"East 90th St","Wed",20,20.2692307692308,18,9.24370347566677
113,"East 90th St","Wed",21,21.2435897435897,21,6.22559838554297
113,"East 90th St","Wed",22,22.3333333333333,22.5,6.70852658967146
113,"East 90th St","Wed",23,23.525641025641,23,7.47067750013493
113,"East 90th St","Thu",0,19.2435897435897,19,6.9060220237949
113,"East 90th St","Thu",1,13.2051282051282,12.5,7.16658728824071
113,"East 90th St","Thu",2,8.5,7.5,5.98428678387728
113,"East 90th St","Thu",3,4.56410256410256,4,3.78167057013594
113,"East 90th St","Thu",4,4.03846153846154,3,4.60784849276403
113,"East 90th St","Thu",5,5.03846153846154,4,5.22591521268665
113,"East 90th St","Thu",6,4.53846153846154,2.5,5.43125229560379
113,"East 90th St","Thu",7,3.84615384615385,3,4.09965764512024
113,"East 90th St","Thu",8,4.82051282051282,4,3.80615902017329
113,"East 90th St","Thu",9,8.1025641025641,7,5.06731247089181
113,"East 90th St","Thu",10,17.8333333333333,20,9.29378603554325
113,"East 90th St","Thu",11,21.9358974358974,22,7.45782904867188
113,"East 90th St","Thu",12,23.7435897435897,22.5,9.60037323061797
113,"East 90th St","Thu",13,24.7051282051282,25,7.67371796366972
113,"East 90th St","Thu",14,23.1153846153846,22,7.79107176201062
113,"East 90th St","Thu",15,25.2692307692308,24,10.6107921989318
113,"East 90th St","Thu",16,21.7948717948718,20,9.41311460711738
113,"East 90th St","Thu",17,21.7435897435897,20.5,10.461352371462
113,"East 90th St","Thu",18,21.5128205128205,21,8.37551097839315
113,"East 90th St","Thu",19,19.3205128205128,17.5,7.58586106155973
113,"East 90th St","Thu",20,19.8076923076923,18,9.27369928892988
113,"East 90th St","Thu",21,22.551282051282,23,7.8005118644859
113,"East 90th St","Thu",22,22.9102564102564,23,7.58190925726152
113,"East 90th St","Thu",23,23.4615384615385,23.5,8.46488899244081
113,"East 90th St","Fri",0,19.6025641025641,18.5,7.27089866288668
113,"East 90th St","Fri",1,13.7179487179487,13,6.44033038576869
113,"East 90th St","Fri",2,9.19230769230769,7,6.62748643330006
113,"East 90th St","Fri",3,5.53846153846154,4.5,5.43364293310441
113,"East 90th St","Fri",4,5.5,5,5.32514251989023
113,"East 90th St","Fri",5,4.07692307692308,3,4.46274398952975
113,"East 90th St","Fri",6,4.51282051282051,3,4.58609867232499
113,"East 90th St","Fri",7,4.21794871794872,3,4.59431448724678
113,"East 90th St","Fri",8,4.92307692307692,5,3.65658712061252
113,"East 90th St","Fri",9,10.2435897435897,10,6.98269827918085
113,"East 90th St","Fri",10,18.7307692307692,19,9.25212938203407
113,"East 90th St","Fri",11,22.9615384615385,23,6.83847462996941
113,"East 90th St","Fri",12,24.6794871794872,24,6.40716642142075
113,"East 90th St","Fri",13,24.6538461538462,24.5,7.94433053267471
113,"East 90th St","Fri",14,23.0128205128205,22,8.22649124324327
113,"East 90th St","Fri",15,26.7948717948718,25,10.5993861306675
113,"East 90th St","Fri",16,21.2820512820513,20,8.46980494094142
113,"East 90th St","Fri",17,20.7692307692308,18.5,9.84282067707824
113,"East 90th St","Fri",18,21.474358974359,19,8.80337060445225
113,"East 90th St","Fri",19,17.5128205128205,16,6.36700828794769
113,"East 90th St","Fri",20,18.5641025641026,18,7.84027190025088
113,"East 90th St","Fri",21,20.5,20,8.2615523210379
113,"East 90th St","Fri",22,21.8717948717949,21.5,7.93865927108042
113,"East 90th St","Fri",23,22.448717948718,22,8.46635424366085
113,"East 90th St","Sat",0,18.7179487179487,19,5.96068817585717
113,"East 90th St","Sat",1,11.3846153846154,11,5.64359369995306
113,"East 90th St","Sat",2,10.0897435897436,9,7.14449365202248
113,"East 90th St","Sat",3,4.35897435897436,4,4.03869066790492
113,"East 90th St","Sat",4,3.97435897435897,3,4.86699555040332
113,"East 90th St","Sat",5,4.11538461538461,3,4.19021981021784
113,"East 90th St","Sat",6,3.05128205128205,2,3.64993305719589
113,"East 90th St","Sat",7,4.07692307692308,3,4.63406144483707
113,"East 90th St","Sat",8,4.1025641025641,3,4.72239688093158
113,"East 90th St","Sat",9,3.65384615384615,2,4.82371555631463
113,"East 90th St","Sat",10,3.91025641025641,3,3.95817712680549
113,"East 90th St","Sat",11,8.17948717948718,8.5,6.43800321900241
113,"East 90th St","Sat",12,12.3076923076923,11,7.64353167217723
113,"East 90th St","Sat",13,16.525641025641,17,7.22500053291574
113,"East 90th St","Sat",14,20.025641025641,18,7.76434467840321
113,"East 90th St","Sat",15,27.1794871794872,24,11.1690011525913
113,"East 90th St","Sat",16,25.5384615384615,24,11.8614209390489
113,"East 90th St","Sat",17,23.2948717948718,21,9.8825689051566
113,"East 90th St","Sat",18,27.1410256410256,24,12.2831574676855
113,"East 90th St","Sat",19,21.6538461538462,20,9.2200049624982
113,"East 90th St","Sat",20,21.7948717948718,22,8.27978131080638
113,"East 90th St","Sat",21,18.8333333333333,18,8.03307556483213
113,"East 90th St","Sat",22,20.4102564102564,19,7.12127942947198
113,"East 90th St","Sat",23,21.0384615384615,20,7.71647303137619
114,"Stuyvesant Cove","Sun",0,23.8589743589744,21,10.7289199647366
114,"Stuyvesant Cove","Sun",1,27.8974358974359,23,17.8220567731591
114,"Stuyvesant Cove","Sun",2,16.2564102564103,14,12.8370768787346
114,"Stuyvesant Cove","Sun",3,10.4487179487179,8,8.09143757136901
114,"Stuyvesant Cove","Sun",4,9.03846153846154,7,7.74670823714747
114,"Stuyvesant Cove","Sun",5,4.08974358974359,3,4.75964065389176
114,"Stuyvesant Cove","Sun",6,9.25641025641026,8,7.96491641135633
114,"Stuyvesant Cove","Sun",7,11.025641025641,9.5,9.91257152605086
114,"Stuyvesant Cove","Sun",8,3.55128205128205,2,3.97278872872071
114,"Stuyvesant Cove","Sun",9,2.55128205128205,2,2.75231867254831
114,"Stuyvesant Cove","Sun",10,3.01282051282051,2.5,3.12714794646084
114,"Stuyvesant Cove","Sun",11,4.2051282051282,3,4.15716866172775
114,"Stuyvesant Cove","Sun",12,8.26923076923077,7,6.52203672459478
114,"Stuyvesant Cove","Sun",13,11.1025641025641,11,6.33602305434475
114,"Stuyvesant Cove","Sun",14,16.7692307692308,15.5,6.78601135056154
114,"Stuyvesant Cove","Sun",15,19.1282051282051,18.5,7.13389381000593
114,"Stuyvesant Cove","Sun",16,17.5769230769231,15,7.73845051567924
114,"Stuyvesant Cove","Sun",17,20.525641025641,20.5,8.4634038146129
114,"Stuyvesant Cove","Sun",18,18.6153846153846,16,9.11717484327668
114,"Stuyvesant Cove","Sun",19,19.025641025641,18.5,8.98046127148737
114,"Stuyvesant Cove","Sun",20,18.7051282051282,16,9.71156623900176
114,"Stuyvesant Cove","Sun",21,18.9615384615385,18,8.52565617338708
114,"Stuyvesant Cove","Sun",22,19.7179487179487,18,8.83455058558634
114,"Stuyvesant Cove","Sun",23,20.5641025641026,18,9.76687981864942
114,"Stuyvesant Cove","Mon",0,16.9873417721519,16,7.57102044215576
114,"Stuyvesant Cove","Mon",1,14.746835443038,12,10.1885661838568
114,"Stuyvesant Cove","Mon",2,7.43037974683544,6,9.04502065071674
114,"Stuyvesant Cove","Mon",3,4.25316455696202,3,4.26214209544973
114,"Stuyvesant Cove","Mon",4,3.16455696202532,2,3.33370656787428
114,"Stuyvesant Cove","Mon",5,3.9746835443038,3,5.80445161513282
114,"Stuyvesant Cove","Mon",6,3.35443037974684,2,3.93224009584523
114,"Stuyvesant Cove","Mon",7,3.25316455696203,2,3.55711044655407
114,"Stuyvesant Cove","Mon",8,3.12658227848101,2,3.27134837959939
114,"Stuyvesant Cove","Mon",9,7.27848101265823,8,5.29861304750582
114,"Stuyvesant Cove","Mon",10,13.1012658227848,13,6.45813924282485
114,"Stuyvesant Cove","Mon",11,17.7848101265823,19,7.33042638084746
114,"Stuyvesant Cove","Mon",12,20.2151898734177,21,6.9072070983418
114,"Stuyvesant Cove","Mon",13,22.3417721518987,22,7.82973634155001
114,"Stuyvesant Cove","Mon",14,24.9240506329114,23,9.34217367763223
114,"Stuyvesant Cove","Mon",15,21.6455696202532,21,8.06072780114757
114,"Stuyvesant Cove","Mon",16,19.6582278481013,18,7.79033930986348
114,"Stuyvesant Cove","Mon",17,19.1518987341772,19,7.35211221628831
114,"Stuyvesant Cove","Mon",18,18.5822784810127,17,6.85305021914107
114,"Stuyvesant Cove","Mon",19,16.4177215189873,15,6.31767482977617
114,"Stuyvesant Cove","Mon",20,17.2025316455696,16,6.44777788563217
114,"Stuyvesant Cove","Mon",21,18.9873417721519,19,5.8867379650256
114,"Stuyvesant Cove","Mon",22,22.0506329113924,22,7.94516258918888
114,"Stuyvesant Cove","Mon",23,23.0886075949367,23,7.01132759917967
114,"Stuyvesant Cove","Tue",0,18.8461538461538,19,6.39820779101952
114,"Stuyvesant Cove","Tue",1,13.3589743589744,12,6.39393860483903
114,"Stuyvesant Cove","Tue",2,6.25641025641026,6,4.30172389918606
114,"Stuyvesant Cove","Tue",3,4.14102564102564,3,3.75110151432383
114,"Stuyvesant Cove","Tue",4,4.57692307692308,4,3.78142840725575
114,"Stuyvesant Cove","Tue",5,3.66666666666667,3,3.01798361629501
114,"Stuyvesant Cove","Tue",6,4.26923076923077,4,3.83650638195497
114,"Stuyvesant Cove","Tue",7,3.94871794871795,3,3.62494043264067
114,"Stuyvesant Cove","Tue",8,5.21794871794872,4,4.46529891932158
114,"Stuyvesant Cove","Tue",9,8.92307692307692,9.5,5.14407799916938
114,"Stuyvesant Cove","Tue",10,13.8974358974359,13.5,4.91113165362263
114,"Stuyvesant Cove","Tue",11,20.3205128205128,20,6.8023937531255
114,"Stuyvesant Cove","Tue",12,22.525641025641,22.5,5.89678397705574
114,"Stuyvesant Cove","Tue",13,23.8333333333333,24,7.07734021993747
114,"Stuyvesant Cove","Tue",14,23.7051282051282,23.5,6.86816290369278
114,"Stuyvesant Cove","Tue",15,22.0897435897436,22,6.81134633493547
114,"Stuyvesant Cove","Tue",16,21.8205128205128,21,7.19982609772596
114,"Stuyvesant Cove","Tue",17,18.2564102564103,18,5.89835085346258
114,"Stuyvesant Cove","Tue",18,19.051282051282,18,6.24998168495485
114,"Stuyvesant Cove","Tue",19,15.9615384615385,15.5,5.5019295498242
114,"Stuyvesant Cove","Tue",20,17.7948717948718,17.5,6.13349114450438
114,"Stuyvesant Cove","Tue",21,20.3461538461538,19.5,7.28960641175926
114,"Stuyvesant Cove","Tue",22,22.8589743589744,22.5,8.1904669942409
114,"Stuyvesant Cove","Tue",23,24.8717948717949,23.5,7.63851990551745
114,"Stuyvesant Cove","Wed",0,22.3333333333333,21,9.59391943072746
114,"Stuyvesant Cove","Wed",1,15.4615384615385,14,9.60342512990934
114,"Stuyvesant Cove","Wed",2,8.43589743589744,7,7.84854977685264
114,"Stuyvesant Cove","Wed",3,4.93589743589744,4,3.56148131879829
114,"Stuyvesant Cove","Wed",4,4.46153846153846,4,3.97946778302876
114,"Stuyvesant Cove","Wed",5,4.64102564102564,3,5.5665381509828
114,"Stuyvesant Cove","Wed",6,4.62820512820513,3,6.72485016365493
114,"Stuyvesant Cove","Wed",7,3.6025641025641,3,3.01226817759634
114,"Stuyvesant Cove","Wed",8,4.37179487179487,4,3.9840883992402
114,"Stuyvesant Cove","Wed",9,8.94871794871795,8.5,5.77252209367893
114,"Stuyvesant Cove","Wed",10,12.3846153846154,12,5.11486443240074
114,"Stuyvesant Cove","Wed",11,20.3717948717949,20,7.6601667852701
114,"Stuyvesant Cove","Wed",12,22.8717948717949,23,7.01456550358817
114,"Stuyvesant Cove","Wed",13,22.3205128205128,22,7.6523378818682
114,"Stuyvesant Cove","Wed",14,22.1923076923077,22.5,7.04909995600929
114,"Stuyvesant Cove","Wed",15,20.3717948717949,20,6.32067104434984
114,"Stuyvesant Cove","Wed",16,20.9871794871795,20.5,7.22278787371363
114,"Stuyvesant Cove","Wed",17,19.448717948718,19.5,6.88051537615402
114,"Stuyvesant Cove","Wed",18,19.0769230769231,18,7.33213746190289
114,"Stuyvesant Cove","Wed",19,18.2179487179487,17,8.11387689917701
114,"Stuyvesant Cove","Wed",20,18.3589743589744,19,7.35902018988793
114,"Stuyvesant Cove","Wed",21,20.7692307692308,20,6.43029170012149
114,"Stuyvesant Cove","Wed",22,24.2948717948718,22.5,9.20630638508611
114,"Stuyvesant Cove","Wed",23,25.5128205128205,23,9.72310621863171
114,"Stuyvesant Cove","Thu",0,20.3974358974359,19,7.73479193818465
114,"Stuyvesant Cove","Thu",1,15.3076923076923,14,7.6960230787577
114,"Stuyvesant Cove","Thu",2,8.2051282051282,7,5.52763770111415
114,"Stuyvesant Cove","Thu",3,4.61538461538461,4,4.30412296821019
114,"Stuyvesant Cove","Thu",4,3.46153846153846,3,3.39477179269469
114,"Stuyvesant Cove","Thu",5,4.80769230769231,4,4.77019341900779
114,"Stuyvesant Cove","Thu",6,3.43589743589744,3,3.37904060613592
114,"Stuyvesant Cove","Thu",7,4.02564102564103,3,3.43766138785015
114,"Stuyvesant Cove","Thu",8,3.43589743589744,3.5,2.85397760068087
114,"Stuyvesant Cove","Thu",9,8.84615384615385,8.5,5.53636601493693
114,"Stuyvesant Cove","Thu",10,13.2564102564103,13,5.10776311992286
114,"Stuyvesant Cove","Thu",11,19.9615384615385,21,8.49360692764615
114,"Stuyvesant Cove","Thu",12,21.2692307692308,21,7.06863031043034
114,"Stuyvesant Cove","Thu",13,22.3205128205128,22.5,6.41121904193965
114,"Stuyvesant Cove","Thu",14,22.2435897435897,22,6.84747730101717
114,"Stuyvesant Cove","Thu",15,22.4102564102564,20,8.22008294178128
114,"Stuyvesant Cove","Thu",16,21.6025641025641,21,8.33446878711355
114,"Stuyvesant Cove","Thu",17,20.0128205128205,18,7.60296181136196
114,"Stuyvesant Cove","Thu",18,19.025641025641,18,7.14774391610689
114,"Stuyvesant Cove","Thu",19,17.2435897435897,16,5.7844078313492
114,"Stuyvesant Cove","Thu",20,18.6666666666667,17,9.05060329002547
114,"Stuyvesant Cove","Thu",21,21.525641025641,20,8.72780950036483
114,"Stuyvesant Cove","Thu",22,24.8974358974359,23,10.074514256074
114,"Stuyvesant Cove","Thu",23,24.9358974358974,23,10.1665861457755
114,"Stuyvesant Cove","Fri",0,23.474358974359,21,9.37352496998703
114,"Stuyvesant Cove","Fri",1,15.2435897435897,14,8.45182820065575
114,"Stuyvesant Cove","Fri",2,11.3589743589744,8,11.3423403514744
114,"Stuyvesant Cove","Fri",3,5.58974358974359,4,6.36434038253993
114,"Stuyvesant Cove","Fri",4,5.23076923076923,4,4.56105215966632
114,"Stuyvesant Cove","Fri",5,4.12820512820513,3,3.91254716368063
114,"Stuyvesant Cove","Fri",6,4.1025641025641,4,3.67366812543505
114,"Stuyvesant Cove","Fri",7,4.17948717948718,4,3.27423467708299
114,"Stuyvesant Cove","Fri",8,4.12820512820513,3,3.69048961788455
114,"Stuyvesant Cove","Fri",9,9.42307692307692,9,5.46183745013236
114,"Stuyvesant Cove","Fri",10,13.7307692307692,14,5.49066049281438
114,"Stuyvesant Cove","Fri",11,20.051282051282,20,6.22082267056655
114,"Stuyvesant Cove","Fri",12,23.3076923076923,23,7.18097720135871
114,"Stuyvesant Cove","Fri",13,23.0769230769231,23,7.64771289259165
114,"Stuyvesant Cove","Fri",14,23.8205128205128,22,8.26939842932667
114,"Stuyvesant Cove","Fri",15,22.1410256410256,22,7.21060611133631
114,"Stuyvesant Cove","Fri",16,20.6666666666667,20,8.17768053145015
114,"Stuyvesant Cove","Fri",17,19.9230769230769,18,8.13964042533491
114,"Stuyvesant Cove","Fri",18,17.7692307692308,16,6.91680257359987
114,"Stuyvesant Cove","Fri",19,16.7051282051282,16,5.50350295616754
114,"Stuyvesant Cove","Fri",20,16.8974358974359,16,7.17425002839067
114,"Stuyvesant Cove","Fri",21,20.0128205128205,20,7.93887948805167
114,"Stuyvesant Cove","Fri",22,23.1282051282051,21,8.81020508386233
114,"Stuyvesant Cove","Fri",23,29.3205128205128,25.5,13.4719464070096
114,"Stuyvesant Cove","Sat",0,21.0769230769231,19.5,10.0940631011555
114,"Stuyvesant Cove","Sat",1,17.4102564102564,14.5,11.2127430954966
114,"Stuyvesant Cove","Sat",2,14.0128205128205,11.5,12.035114845484
114,"Stuyvesant Cove","Sat",3,8.3974358974359,7,6.2425846786298
114,"Stuyvesant Cove","Sat",4,7.14102564102564,5.5,5.69283979297019
114,"Stuyvesant Cove","Sat",5,3.53846153846154,3,4.06343309425522
114,"Stuyvesant Cove","Sat",6,6.6025641025641,4,6.17565337747308
114,"Stuyvesant Cove","Sat",7,8.02564102564103,7,7.10034635879958
114,"Stuyvesant Cove","Sat",8,3.6025641025641,3,3.99135345852787
114,"Stuyvesant Cove","Sat",9,3.2948717948718,2,3.67196813484948
114,"Stuyvesant Cove","Sat",10,3.76923076923077,3,3.07872075357956
114,"Stuyvesant Cove","Sat",11,5.26923076923077,5,4.40682197508362
114,"Stuyvesant Cove","Sat",12,8.61538461538461,7,6.4671613420554
114,"Stuyvesant Cove","Sat",13,12.4487179487179,12,6.61883859215681
114,"Stuyvesant Cove","Sat",14,17.6538461538462,16,6.57193348188413
114,"Stuyvesant Cove","Sat",15,20.6282051282051,20,7.35042886699848
114,"Stuyvesant Cove","Sat",16,19.5384615384615,18,7.05579306557497
114,"Stuyvesant Cove","Sat",17,24.7179487179487,23.5,11.968462275668
114,"Stuyvesant Cove","Sat",18,22.3717948717949,20.5,11.3585129975634
114,"Stuyvesant Cove","Sat",19,21.5,22,9.6129647304612
114,"Stuyvesant Cove","Sat",20,22.948717948718,20,12.3308265760769
114,"Stuyvesant Cove","Sat",21,23.2307692307692,20,12.05498557953
114,"Stuyvesant Cove","Sat",22,29.3974358974359,29,15.490541515934
114,"Stuyvesant Cove","Sat",23,26.4358974358974,25,13.4459859733133
115,"Corlears Hook","Sun",0,74.3461538461538,69,39.2606431671477
115,"Corlears Hook","Sun",1,66.7435897435897,67,27.317011443771
115,"Corlears Hook","Sun",2,31.1025641025641,26.5,19.3971411359789
115,"Corlears Hook","Sun",3,13.5641025641026,11,9.83710144140868
115,"Corlears Hook","Sun",4,17.8846153846154,15,15.4103867563413
115,"Corlears Hook","Sun",5,14.551282051282,13,10.7771372194422
115,"Corlears Hook","Sun",6,16.5897435897436,14,13.4477689912673
115,"Corlears Hook","Sun",7,10.8333333333333,10,7.97466225587254
115,"Corlears Hook","Sun",8,6.62820512820513,5,5.95460963937822
115,"Corlears Hook","Sun",9,4.61538461538461,4,4.835557608241
115,"Corlears Hook","Sun",10,7.08974358974359,6.5,6.71340178819677
115,"Corlears Hook","Sun",11,12.8205128205128,10,10.5863715252801
115,"Corlears Hook","Sun",12,25.051282051282,25,16.8753239013821
115,"Corlears Hook","Sun",13,32.4871794871795,32,11.3122661729366
115,"Corlears Hook","Sun",14,45.4102564102564,46,15.6872318810313
115,"Corlears Hook","Sun",15,46.7435897435897,47,14.3657564497996
115,"Corlears Hook","Sun",16,49.3205128205128,46.5,20.793039288437
115,"Corlears Hook","Sun",17,52.3974358974359,49.5,22.723830242115
115,"Corlears Hook","Sun",18,65.2820512820513,65,26.3527013504284
115,"Corlears Hook","Sun",19,60.474358974359,59.5,18.5841185927518
115,"Corlears Hook","Sun",20,51.0641025641026,49,15.7359211398384
115,"Corlears Hook","Sun",21,46.1410256410256,43,14.6400308343426
115,"Corlears Hook","Sun",22,44.0384615384615,41,14.2158155091226
115,"Corlears Hook","Sun",23,52.5,48.5,24.1100022354252
115,"Corlears Hook","Mon",0,54.2405063291139,52,22.3573628036765
115,"Corlears Hook","Mon",1,44.8860759493671,43,15.2953716325813
115,"Corlears Hook","Mon",2,23.8607594936709,21,17.9948241684011
115,"Corlears Hook","Mon",3,10.3037974683544,9,9.77484268399838
115,"Corlears Hook","Mon",4,7.65822784810127,6,6.69267888557104
115,"Corlears Hook","Mon",5,8.55696202531646,7,10.1055288693521
115,"Corlears Hook","Mon",6,7.75949367088608,6,8.1243779878254
115,"Corlears Hook","Mon",7,6.9746835443038,5,6.09323854680871
115,"Corlears Hook","Mon",8,9.77215189873418,8,7.92262156671966
115,"Corlears Hook","Mon",9,15.506329113924,14,9.76371279964159
115,"Corlears Hook","Mon",10,36.746835443038,41,19.8419836906562
115,"Corlears Hook","Mon",11,49.5063291139241,51,17.3389094219209
115,"Corlears Hook","Mon",12,55.0126582278481,56,18.4269129201369
115,"Corlears Hook","Mon",13,56.0126582278481,55,16.4398621796005
115,"Corlears Hook","Mon",14,61.6835443037975,62,18.5489956212974
115,"Corlears Hook","Mon",15,56.2151898734177,55,14.6992681538353
115,"Corlears Hook","Mon",16,63.873417721519,61,18.7789892744372
115,"Corlears Hook","Mon",17,68.7848101265823,68,18.4054554942459
115,"Corlears Hook","Mon",18,63.4050632911392,63,15.5427606920984
115,"Corlears Hook","Mon",19,52.8227848101266,50,14.1401043532135
115,"Corlears Hook","Mon",20,55.0632911392405,57,14.9712046448078
115,"Corlears Hook","Mon",21,52.1392405063291,49,16.2904204800175
115,"Corlears Hook","Mon",22,53.1898734177215,52,15.0699871108848
115,"Corlears Hook","Mon",23,62,61,15.6048973246485
115,"Corlears Hook","Tue",0,57.448717948718,57,15.2064984706406
115,"Corlears Hook","Tue",1,44.7948717948718,44,12.6484524738543
115,"Corlears Hook","Tue",2,22.2435897435897,20,11.8103915254892
115,"Corlears Hook","Tue",3,10.9871794871795,9,7.83845596666792
115,"Corlears Hook","Tue",4,9.47435897435897,8,7.48457176589379
115,"Corlears Hook","Tue",5,9.35897435897436,8,7.1204376761989
115,"Corlears Hook","Tue",6,10.8205128205128,10,7.43236794299726
115,"Corlears Hook","Tue",7,9.56410256410256,9,7.7015595377832
115,"Corlears Hook","Tue",8,13.5769230769231,13.5,8.22968846480669
115,"Corlears Hook","Tue",9,17.2435897435897,16,9.11568634803423
115,"Corlears Hook","Tue",10,42.9615384615385,46.5,20.5644014110454
115,"Corlears Hook","Tue",11,54.025641025641,53.5,13.4916755084499
115,"Corlears Hook","Tue",12,56.9102564102564,57,13.4156197948084
115,"Corlears Hook","Tue",13,56.448717948718,52.5,15.6799544757302
115,"Corlears Hook","Tue",14,63.9358974358974,62.5,15.4292181448307
115,"Corlears Hook","Tue",15,63.2564102564103,61,15.6017280906289
115,"Corlears Hook","Tue",16,65.6666666666667,68,17.6404690183154
115,"Corlears Hook","Tue",17,68.4615384615385,67.5,15.6285555395164
115,"Corlears Hook","Tue",18,62.3846153846154,63,12.3847736104709
115,"Corlears Hook","Tue",19,52.7435897435897,51,14.4944556327323
115,"Corlears Hook","Tue",20,54.8461538461538,53,15.5580829813299
115,"Corlears Hook","Tue",21,49.5897435897436,49.5,14.6761011644083
115,"Corlears Hook","Tue",22,52.4102564102564,52,12.1937134084186
115,"Corlears Hook","Tue",23,62.5128205128205,62.5,16.6028816069885
115,"Corlears Hook","Wed",0,59.6025641025641,57.5,17.85172678438
115,"Corlears Hook","Wed",1,47.0384615384615,47.5,15.226806768185
115,"Corlears Hook","Wed",2,24.2307692307692,22,14.1521629542525
115,"Corlears Hook","Wed",3,12.5641025641026,10.5,13.6729800318139
115,"Corlears Hook","Wed",4,11.974358974359,12,8.85961852975852
115,"Corlears Hook","Wed",5,11,8,12.3887254986346
115,"Corlears Hook","Wed",6,9.93589743589744,8,9.01418758156151
115,"Corlears Hook","Wed",7,7.94871794871795,7,7.18927309855786
115,"Corlears Hook","Wed",8,11.474358974359,10,7.9097578385352
115,"Corlears Hook","Wed",9,18.1794871794872,17,9.56691212073193
115,"Corlears Hook","Wed",10,39.9871794871795,45.5,22.3783833484915
115,"Corlears Hook","Wed",11,52.5384615384615,51.5,15.1311944985532
115,"Corlears Hook","Wed",12,58.3076923076923,59.5,15.823956597438
115,"Corlears Hook","Wed",13,54.0769230769231,52.5,16.1524950674222
115,"Corlears Hook","Wed",14,62.6794871794872,63,16.7800852820021
115,"Corlears Hook","Wed",15,60.2051282051282,61,13.7457043815291
115,"Corlears Hook","Wed",16,66.0897435897436,66,21.9007121377637
115,"Corlears Hook","Wed",17,68.3205128205128,70,17.8052185475441
115,"Corlears Hook","Wed",18,62.9871794871795,60,16.7102842505327
115,"Corlears Hook","Wed",19,52.974358974359,51.5,15.666138816821
115,"Corlears Hook","Wed",20,55.2179487179487,55,17.3576940804228
115,"Corlears Hook","Wed",21,52.1025641025641,53,12.5538732509028
115,"Corlears Hook","Wed",22,54.1538461538462,52,14.0056360854423
115,"Corlears Hook","Wed",23,65.3846153846154,64,17.8203376950168
115,"Corlears Hook","Thu",0,58.448717948718,56.5,16.7368071214528
115,"Corlears Hook","Thu",1,48.051282051282,47,14.5056168573736
115,"Corlears Hook","Thu",2,24.448717948718,23,12.5859615010704
115,"Corlears Hook","Thu",3,10.7564102564103,10,7.36292202271766
115,"Corlears Hook","Thu",4,9.41025641025641,7,7.50313509787984
115,"Corlears Hook","Thu",5,10.2179487179487,8.5,8.42175204015812
115,"Corlears Hook","Thu",6,8.48717948717949,6,7.53648026591557
115,"Corlears Hook","Thu",7,8.65384615384615,8,6.40784203616472
115,"Corlears Hook","Thu",8,10.8076923076923,9,8.60543122414249
115,"Corlears Hook","Thu",9,16.3846153846154,15,7.78314991359042
115,"Corlears Hook","Thu",10,39.448717948718,45.5,21.1713157060351
115,"Corlears Hook","Thu",11,52.8333333333333,54,16.0586721861103
115,"Corlears Hook","Thu",12,55.0769230769231,56.5,15.9021106422111
115,"Corlears Hook","Thu",13,54.7564102564103,54.5,15.0438198877983
115,"Corlears Hook","Thu",14,61.3589743589744,60.5,15.9137075267232
115,"Corlears Hook","Thu",15,60.7051282051282,59,15.6861333207001
115,"Corlears Hook","Thu",16,65.2564102564103,64,21.0684942955459
115,"Corlears Hook","Thu",17,70.6410256410256,69.5,17.8928806555898
115,"Corlears Hook","Thu",18,65,64.5,18.486218102691
115,"Corlears Hook","Thu",19,54.7435897435897,53,15.3964373492793
115,"Corlears Hook","Thu",20,55.9615384615385,54,16.9624813699463
115,"Corlears Hook","Thu",21,54.7820512820513,52.5,14.5241826431604
115,"Corlears Hook","Thu",22,58.0769230769231,55,18.2925499211395
115,"Corlears Hook","Thu",23,64.5512820512821,60,20.8505177212483
115,"Corlears Hook","Fri",0,62.8846153846154,58.5,21.0891618432964
115,"Corlears Hook","Fri",1,49.7564102564103,50,17.2703378300648
115,"Corlears Hook","Fri",2,30.2179487179487,29,17.733706577711
115,"Corlears Hook","Fri",3,11.4102564102564,9,8.25634096723035
115,"Corlears Hook","Fri",4,11.8333333333333,9.5,9.35229212361162
115,"Corlears Hook","Fri",5,9.74358974358974,9,7.61992585680924
115,"Corlears Hook","Fri",6,9.07692307692308,8.5,7.7606553993701
115,"Corlears Hook","Fri",7,9.7051282051282,9,6.42258388419986
115,"Corlears Hook","Fri",8,11.7820512820513,10,7.16711000804829
115,"Corlears Hook","Fri",9,18.6025641025641,18,10.3501549566037
115,"Corlears Hook","Fri",10,41.025641025641,43,21.8412063549222
115,"Corlears Hook","Fri",11,53.3846153846154,53.5,12.6647386232644
115,"Corlears Hook","Fri",12,61.1410256410256,59.5,17.0893179660508
115,"Corlears Hook","Fri",13,57.6025641025641,58,14.106588442846
115,"Corlears Hook","Fri",14,62.8076923076923,63,18.5857491086604
115,"Corlears Hook","Fri",15,61.6153846153846,60,14.2229289631815
115,"Corlears Hook","Fri",16,63.0769230769231,63.5,17.2670162491917
115,"Corlears Hook","Fri",17,68.6794871794872,68,15.9499978339319
115,"Corlears Hook","Fri",18,62.1666666666667,62,14.3376868451387
115,"Corlears Hook","Fri",19,55.9358974358974,54,12.1754913963499
115,"Corlears Hook","Fri",20,51.9102564102564,52,14.9076689907777
115,"Corlears Hook","Fri",21,50.3205128205128,49.5,14.7432516719844
115,"Corlears Hook","Fri",22,52.5,54,15.7700604055535
115,"Corlears Hook","Fri",23,64.7948717948718,63.5,22.0950479110398
115,"Corlears Hook","Sat",0,62.448717948718,61.5,23.9174160507106
115,"Corlears Hook","Sat",1,55.5897435897436,52,22.3278033521169
115,"Corlears Hook","Sat",2,28.6282051282051,29,13.9359471407803
115,"Corlears Hook","Sat",3,12.9230769230769,12,8.21112522268279
115,"Corlears Hook","Sat",4,13.3589743589744,12,8.91369056305409
115,"Corlears Hook","Sat",5,12.8461538461538,10.5,9.15959070581769
115,"Corlears Hook","Sat",6,15.474358974359,11,11.9834565173505
115,"Corlears Hook","Sat",7,10.6153846153846,8,9.36313684981329
115,"Corlears Hook","Sat",8,8.65384615384615,7.5,7.02837832633545
115,"Corlears Hook","Sat",9,7.75641025641026,6,7.10987222461016
115,"Corlears Hook","Sat",10,9.19230769230769,8,7.42942149136147
115,"Corlears Hook","Sat",11,15.2307692307692,13,11.6951794675081
115,"Corlears Hook","Sat",12,27.5769230769231,29.5,18.2026965540318
115,"Corlears Hook","Sat",13,33.9615384615385,34,13.8530715874709
115,"Corlears Hook","Sat",14,48.2179487179487,49.5,14.7917557205369
115,"Corlears Hook","Sat",15,50.7435897435897,51,15.4158258178952
115,"Corlears Hook","Sat",16,52.2820512820513,49,17.9927095162901
115,"Corlears Hook","Sat",17,58.5769230769231,56,22.7359314175289
115,"Corlears Hook","Sat",18,70.8333333333333,69,31.1912478011692
115,"Corlears Hook","Sat",19,70,67,20.8911837491694
115,"Corlears Hook","Sat",20,54.6538461538462,52.5,19.7443576836437
115,"Corlears Hook","Sat",21,48.4358974358974,45.5,15.2439809229399
115,"Corlears Hook","Sat",22,52.2692307692308,51,18.1227223929813
115,"Corlears Hook","Sat",23,65.2307692307692,62.5,34.0922823566231
118,"Sunset Park/BAT","Sun",0,17.3589743589744,15,7.51789960818941
118,"Sunset Park/BAT","Sun",1,12.2564102564103,12.5,7.70972719620438
118,"Sunset Park/BAT","Sun",2,4.83333333333333,3,4.47914841937288
118,"Sunset Park/BAT","Sun",3,2.29487179487179,2,2.84723139325321
118,"Sunset Park/BAT","Sun",4,1.11538461538462,0,1.85850637718733
118,"Sunset Park/BAT","Sun",5,0.794871794871795,0,1.74593386137192
118,"Sunset Park/BAT","Sun",6,0.448717948717949,0,1.14696025019083
118,"Sunset Park/BAT","Sun",7,1.75641025641026,0,2.57956956761766
118,"Sunset Park/BAT","Sun",8,1.07692307692308,0,1.63380863914066
118,"Sunset Park/BAT","Sun",9,0.871794871794872,0,1.57380318872993
118,"Sunset Park/BAT","Sun",10,1.2051282051282,0,1.94307945683077
118,"Sunset Park/BAT","Sun",11,1.26923076923077,0,2.11164413645883
118,"Sunset Park/BAT","Sun",12,6.25641025641026,3,7.23346461407051
118,"Sunset Park/BAT","Sun",13,13.1410256410256,15,7.76225358723746
118,"Sunset Park/BAT","Sun",14,18.3205128205128,19,5.8542771349297
118,"Sunset Park/BAT","Sun",15,20.551282051282,18,8.76481667361111
118,"Sunset Park/BAT","Sun",16,19.5128205128205,18,7.33917364990568
118,"Sunset Park/BAT","Sun",17,19.6666666666667,16,7.90966311310226
118,"Sunset Park/BAT","Sun",18,20.0128205128205,17,9.12039756160068
118,"Sunset Park/BAT","Sun",19,19.4102564102564,17,7.7349533825036
118,"Sunset Park/BAT","Sun",20,21.551282051282,19,9.09780540955143
118,"Sunset Park/BAT","Sun",21,19.7051282051282,19,7.11155813266397
118,"Sunset Park/BAT","Sun",22,20.2051282051282,17,8.74361952802628
118,"Sunset Park/BAT","Sun",23,20.3333333333333,19,7.13263337586188
118,"Sunset Park/BAT","Mon",0,17.7341772151899,16,8.50596903652038
118,"Sunset Park/BAT","Mon",1,12.2151898734177,12,8.53299912117348
118,"Sunset Park/BAT","Mon",2,4.79746835443038,3,4.32754963186945
118,"Sunset Park/BAT","Mon",3,1.63291139240506,0,2.22559248919147
118,"Sunset Park/BAT","Mon",4,0.620253164556962,0,1.50472586708876
118,"Sunset Park/BAT","Mon",5,0.708860759493671,0,1.66527043106177
118,"Sunset Park/BAT","Mon",6,0.291139240506329,0,0.921980848766244
118,"Sunset Park/BAT","Mon",7,0.455696202531646,0,1.80311317927996
118,"Sunset Park/BAT","Mon",8,1.0253164556962,0,1.55229097477463
118,"Sunset Park/BAT","Mon",9,4.06329113924051,4,3.19591795790168
118,"Sunset Park/BAT","Mon",10,12.4683544303797,15,7.86559441253566
118,"Sunset Park/BAT","Mon",11,14.1012658227848,14,6.11344658489637
118,"Sunset Park/BAT","Mon",12,15.506329113924,16,5.74428013771541
118,"Sunset Park/BAT","Mon",13,15.9240506329114,16,5.40126327079882
118,"Sunset Park/BAT","Mon",14,18.3544303797468,18,4.99239928620612
118,"Sunset Park/BAT","Mon",15,17.1392405063291,17,5.94145405930661
118,"Sunset Park/BAT","Mon",16,16.2405063291139,16,5.51272465063124
118,"Sunset Park/BAT","Mon",17,16.8101265822785,16,6.53604590999923
118,"Sunset Park/BAT","Mon",18,18.6835443037975,19,5.7278991176957
118,"Sunset Park/BAT","Mon",19,18.6582278481013,18,6.12453258488492
118,"Sunset Park/BAT","Mon",20,16.0253164556962,15,5.69069119217743
118,"Sunset Park/BAT","Mon",21,15.5569620253165,15,5.69243050123231
118,"Sunset Park/BAT","Mon",22,14.8607594936709,14,5.53944868407195
118,"Sunset Park/BAT","Mon",23,16.0506329113924,16,4.94300524745208
118,"Sunset Park/BAT","Tue",0,13.5,14,5.2908890078612
118,"Sunset Park/BAT","Tue",1,11.2564102564103,11.5,5.50427436607554
118,"Sunset Park/BAT","Tue",2,4.46153846153846,4,3.50766251279913
118,"Sunset Park/BAT","Tue",3,1.14102564102564,0,2.06217864225696
118,"Sunset Park/BAT","Tue",4,0.358974358974359,0,0.882357511757438
118,"Sunset Park/BAT","Tue",5,0.397435897435897,0,1.10887498375774
118,"Sunset Park/BAT","Tue",6,0.0897435897435897,0,0.400839943958509
118,"Sunset Park/BAT","Tue",7,0.256410256410256,0,0.812817729059018
118,"Sunset Park/BAT","Tue",8,1.06410256410256,0,1.389569152976
118,"Sunset Park/BAT","Tue",9,4.23076923076923,4,3.50110586211589
118,"Sunset Park/BAT","Tue",10,14.2692307692308,16,6.51606023291996
118,"Sunset Park/BAT","Tue",11,15.8589743589744,15.5,4.06992248872986
118,"Sunset Park/BAT","Tue",12,15.7435897435897,15,4.74392543204765
118,"Sunset Park/BAT","Tue",13,16.8974358974359,16,5.7357157267803
118,"Sunset Park/BAT","Tue",14,20.948717948718,21,5.55000277500208
118,"Sunset Park/BAT","Tue",15,18.7564102564103,18,5.61349463447877
118,"Sunset Park/BAT","Tue",16,17.6538461538462,17,5.03191611815815
118,"Sunset Park/BAT","Tue",17,16.7179487179487,17,4.64561638340399
118,"Sunset Park/BAT","Tue",18,18.1153846153846,17,4.40478125473875
118,"Sunset Park/BAT","Tue",19,18.8076923076923,19,4.77563538251124
118,"Sunset Park/BAT","Tue",20,16.9871794871795,17,5.02330565799054
118,"Sunset Park/BAT","Tue",21,15.7307692307692,15,5.09563876913724
118,"Sunset Park/BAT","Tue",22,16.1666666666667,16,5.1381351578596
118,"Sunset Park/BAT","Tue",23,16.7948717948718,16,4.92899972560745
118,"Sunset Park/BAT","Wed",0,13.3333333333333,13,3.7922226175361
118,"Sunset Park/BAT","Wed",1,13.2948717948718,14,5.42267718986
118,"Sunset Park/BAT","Wed",2,4.44871794871795,3,3.62404465117355
118,"Sunset Park/BAT","Wed",3,1.30769230769231,0,2.19980927336004
118,"Sunset Park/BAT","Wed",4,0.423076923076923,0,1.01315029806714
118,"Sunset Park/BAT","Wed",5,0.307692307692308,0,1.25157243754949
118,"Sunset Park/BAT","Wed",6,0.282051282051282,0,1.34741152418918
118,"Sunset Park/BAT","Wed",7,0.615384615384615,0,2.63951377473825
118,"Sunset Park/BAT","Wed",8,1.19230769230769,0,1.72120233050547
118,"Sunset Park/BAT","Wed",9,4.11538461538461,4,3.26325775090647
118,"Sunset Park/BAT","Wed",10,12.7307692307692,14,7.65603586165093
118,"Sunset Park/BAT","Wed",11,16.2179487179487,16,5.57044015584079
118,"Sunset Park/BAT","Wed",12,16.3461538461538,16,5.67708294190518
118,"Sunset Park/BAT","Wed",13,17,16,5.22978482833179
118,"Sunset Park/BAT","Wed",14,18.9615384615385,19,5.2704575017471
118,"Sunset Park/BAT","Wed",15,18.6666666666667,19,5.13623912809289
118,"Sunset Park/BAT","Wed",16,16.8589743589744,17,5.5025952766449
118,"Sunset Park/BAT","Wed",17,17.5897435897436,17,6.28838528906981
118,"Sunset Park/BAT","Wed",18,19.8333333333333,20,6.72544435198164
118,"Sunset Park/BAT","Wed",19,19.1025641025641,18.5,5.5492827279333
118,"Sunset Park/BAT","Wed",20,16.7307692307692,16,5.59144308423467
118,"Sunset Park/BAT","Wed",21,15.8076923076923,15,4.57280979383458
118,"Sunset Park/BAT","Wed",22,16.1923076923077,16,5.60393575124625
118,"Sunset Park/BAT","Wed",23,16.2948717948718,16,4.40810638839422
118,"Sunset Park/BAT","Thu",0,13.7948717948718,14,5.38482469504226
118,"Sunset Park/BAT","Thu",1,12.3846153846154,12.5,4.89163284886263
118,"Sunset Park/BAT","Thu",2,4.56410256410256,3.5,3.74717120522829
118,"Sunset Park/BAT","Thu",3,1.25641025641026,0,1.86168404028919
118,"Sunset Park/BAT","Thu",4,0.58974358974359,0,1.31362389046779
118,"Sunset Park/BAT","Thu",5,0.166666666666667,0,0.67259270913455
118,"Sunset Park/BAT","Thu",6,0.166666666666667,0,0.63279767732894
118,"Sunset Park/BAT","Thu",7,0.320512820512821,0,1.03815007477512
118,"Sunset Park/BAT","Thu",8,1.17948717948718,0,1.60148948319012
118,"Sunset Park/BAT","Thu",9,3.83333333333333,4,3.22497021698386
118,"Sunset Park/BAT","Thu",10,13.1025641025641,14.5,7.52414251677363
118,"Sunset Park/BAT","Thu",11,15.4102564102564,16,4.70544282094599
118,"Sunset Park/BAT","Thu",12,16.3717948717949,16,5.39867461935683
118,"Sunset Park/BAT","Thu",13,15.8717948717949,16,4.45863811936491
118,"Sunset Park/BAT","Thu",14,19.3974358974359,19,4.49917667385831
118,"Sunset Park/BAT","Thu",15,19.9230769230769,20,5.64022941130836
118,"Sunset Park/BAT","Thu",16,18.1282051282051,17.5,4.91052136877746
118,"Sunset Park/BAT","Thu",17,17.1153846153846,17,5.00124859534972
118,"Sunset Park/BAT","Thu",18,20.7307692307692,20.5,5.40964284997039
118,"Sunset Park/BAT","Thu",19,20.2692307692308,20,4.63098844158069
118,"Sunset Park/BAT","Thu",20,18,17.5,6.54653670707977
118,"Sunset Park/BAT","Thu",21,16.4102564102564,16,5.95314147655618
118,"Sunset Park/BAT","Thu",22,15.2307692307692,15,4.99590241688536
118,"Sunset Park/BAT","Thu",23,16.6794871794872,16,5.31719482176089
118,"Sunset Park/BAT","Fri",0,14.3461538461538,14,4.14611983549797
118,"Sunset Park/BAT","Fri",1,12.7051282051282,13,5.46561619334548
118,"Sunset Park/BAT","Fri",2,4.96153846153846,4,3.65897689089613
118,"Sunset Park/BAT","Fri",3,1.58974358974359,0,3.59449758942928
118,"Sunset Park/BAT","Fri",4,0.871794871794872,0,2.43010862008839
118,"Sunset Park/BAT","Fri",5,0.333333333333333,0,0.906923823984586
118,"Sunset Park/BAT","Fri",6,0.217948717948718,0,0.714368959518126
118,"Sunset Park/BAT","Fri",7,0.115384615384615,0,0.534055039499474
118,"Sunset Park/BAT","Fri",8,1.07692307692308,0,1.47506751568332
118,"Sunset Park/BAT","Fri",9,4.26923076923077,4,3.20175713495711
118,"Sunset Park/BAT","Fri",10,13.8461538461538,16,7.36272980692557
118,"Sunset Park/BAT","Fri",11,15.5769230769231,15,4.47944578775484
118,"Sunset Park/BAT","Fri",12,16.3589743589744,17,4.9385164157816
118,"Sunset Park/BAT","Fri",13,16.3333333333333,16,4.91926155018558
118,"Sunset Park/BAT","Fri",14,18.6025641025641,18,4.73269847956057
118,"Sunset Park/BAT","Fri",15,18.8333333333333,18,5.7194511285718
118,"Sunset Park/BAT","Fri",16,17.6794871794872,16,5.36582158593084
118,"Sunset Park/BAT","Fri",17,16.1025641025641,16,4.8766332424688
118,"Sunset Park/BAT","Fri",18,19.7948717948718,19,5.93986963510575
118,"Sunset Park/BAT","Fri",19,20.1538461538462,19,5.31128894052943
118,"Sunset Park/BAT","Fri",20,17.3076923076923,17,5.97463837368453
118,"Sunset Park/BAT","Fri",21,15.974358974359,16,5.70480398828816
118,"Sunset Park/BAT","Fri",22,14.9358974358974,14,5.24797980572449
118,"Sunset Park/BAT","Fri",23,16.7948717948718,16,5.78928471538735
118,"Sunset Park/BAT","Sat",0,14.474358974359,14,6.26829656218831
118,"Sunset Park/BAT","Sat",1,12.6666666666667,13,5.95800600015102
118,"Sunset Park/BAT","Sat",2,5.37179487179487,5,4.07752463220115
118,"Sunset Park/BAT","Sat",3,1.24358974358974,0,1.6840419638469
118,"Sunset Park/BAT","Sat",4,0.512820512820513,0,1.33624390945208
118,"Sunset Park/BAT","Sat",5,0.282051282051282,0,0.866361789659926
118,"Sunset Park/BAT","Sat",6,0.256410256410256,0,0.986083653835197
118,"Sunset Park/BAT","Sat",7,0.564102564102564,0,1.592105063995
118,"Sunset Park/BAT","Sat",8,0.974358974358974,0,1.61143929353128
118,"Sunset Park/BAT","Sat",9,0.564102564102564,0,1.17980565854779
118,"Sunset Park/BAT","Sat",10,1.14102564102564,0,1.71868538536855
118,"Sunset Park/BAT","Sat",11,1.30769230769231,1,1.51449869386088
118,"Sunset Park/BAT","Sat",12,6.5,3.5,7.66633727882665
118,"Sunset Park/BAT","Sat",13,12.9871794871795,15,8.06224742238996
118,"Sunset Park/BAT","Sat",14,19.5128205128205,19,5.15410211043287
118,"Sunset Park/BAT","Sat",15,20.3846153846154,17,8.3171404445774
118,"Sunset Park/BAT","Sat",16,19.1282051282051,17,6.7887588031426
118,"Sunset Park/BAT","Sat",17,19.8461538461538,18,7.54394385657057
118,"Sunset Park/BAT","Sat",18,20.3589743589744,17,9.81381792734216
118,"Sunset Park/BAT","Sat",19,19.5769230769231,18,6.60090357995995
118,"Sunset Park/BAT","Sat",20,20.4358974358974,19,7.89474548842497
118,"Sunset Park/BAT","Sat",21,19.4615384615385,18,7.38670674681462
118,"Sunset Park/BAT","Sat",22,18.9102564102564,16.5,8.05691748834003
118,"Sunset Park/BAT","Sat",23,20.6666666666667,19,7.31599682366043
120,"Brooklyn Navy Yard","Sun",0,18.8076923076923,18,7.03988210554268
120,"Brooklyn Navy Yard","Sun",1,32.5384615384615,29,10.6827841933589
120,"Brooklyn Navy Yard","Sun",2,17.6025641025641,12,16.309776960732
120,"Brooklyn Navy Yard","Sun",3,3.2051282051282,3,3.38199577733258
120,"Brooklyn Navy Yard","Sun",4,0.653846153846154,0,1.34673171555671
120,"Brooklyn Navy Yard","Sun",5,0.371794871794872,0,0.740462725790468
120,"Brooklyn Navy Yard","Sun",6,0.294871794871795,0,0.537163651548379
120,"Brooklyn Navy Yard","Sun",7,0.346153846153846,0,1.28757219519612
120,"Brooklyn Navy Yard","Sun",8,0.461538461538462,0,1.74841158110528
120,"Brooklyn Navy Yard","Sun",9,0.230769230769231,0,0.532650245204377
120,"Brooklyn Navy Yard","Sun",10,0.833333333333333,0,1.51543287430912
120,"Brooklyn Navy Yard","Sun",11,12.1666666666667,4,15.7788422094861
120,"Brooklyn Navy Yard","Sun",12,19.551282051282,20.5,14.8189484141498
120,"Brooklyn Navy Yard","Sun",13,24.8461538461538,22.5,10.9105893076845
120,"Brooklyn Navy Yard","Sun",14,20.8846153846154,21.5,7.77438479502134
120,"Brooklyn Navy Yard","Sun",15,19.5769230769231,20,6.46573231008633
120,"Brooklyn Navy Yard","Sun",16,14.7692307692308,14,4.88018276462919
120,"Brooklyn Navy Yard","Sun",17,19.7179487179487,19,8.06289792880469
120,"Brooklyn Navy Yard","Sun",18,28.6410256410256,29.5,10.9745565942726
120,"Brooklyn Navy Yard","Sun",19,31.3589743589744,32,8.43458304495196
120,"Brooklyn Navy Yard","Sun",20,20.1282051282051,19,7.13935311988159
120,"Brooklyn Navy Yard","Sun",21,15.1666666666667,15,4.33774334372348
120,"Brooklyn Navy Yard","Sun",22,13.3974358974359,12,4.4731224562742
120,"Brooklyn Navy Yard","Sun",23,15.8461538461538,15,6.56847433920961
120,"Brooklyn Navy Yard","Mon",0,19.6962025316456,20,6.90104865754761
120,"Brooklyn Navy Yard","Mon",1,31,28,11.7342365619715
120,"Brooklyn Navy Yard","Mon",2,18.5316455696203,12,16.9500286990438
120,"Brooklyn Navy Yard","Mon",3,4.22784810126582,3,4.74192800529491
120,"Brooklyn Navy Yard","Mon",4,0.506329113924051,0,1.04848385925386
120,"Brooklyn Navy Yard","Mon",5,0.468354430379747,0,1.23864527980323
120,"Brooklyn Navy Yard","Mon",6,0.30379746835443,0,0.515265188873946
120,"Brooklyn Navy Yard","Mon",7,0.30379746835443,0,0.606681396969946
120,"Brooklyn Navy Yard","Mon",8,2.84810126582278,3,2.58738858347977
120,"Brooklyn Navy Yard","Mon",9,18.6582278481013,24,12.9663134312996
120,"Brooklyn Navy Yard","Mon",10,31.9113924050633,34,13.4614262526042
120,"Brooklyn Navy Yard","Mon",11,25.4683544303797,25,11.9215764779211
120,"Brooklyn Navy Yard","Mon",12,18.4683544303797,18,8.00774535802197
120,"Brooklyn Navy Yard","Mon",13,23.5316455696203,21,9.43919195128912
120,"Brooklyn Navy Yard","Mon",14,25.8860759493671,25,8.51241527955454
120,"Brooklyn Navy Yard","Mon",15,23,22,7.90650494926934
120,"Brooklyn Navy Yard","Mon",16,28.9240506329114,28,11.2201423181005
120,"Brooklyn Navy Yard","Mon",17,35.9873417721519,37,9.70130003300651
120,"Brooklyn Navy Yard","Mon",18,31.8227848101266,32,8.63172367976807
120,"Brooklyn Navy Yard","Mon",19,24.3164556962025,24,8.96509513985221
120,"Brooklyn Navy Yard","Mon",20,20.506329113924,19,5.69271558316487
120,"Brooklyn Navy Yard","Mon",21,18,17,5.97001052268969
120,"Brooklyn Navy Yard","Mon",22,14.6329113924051,14,4.7909562644576
120,"Brooklyn Navy Yard","Mon",23,20.7594936708861,21,7.76285565661711
120,"Brooklyn Navy Yard","Tue",0,23.9615384615385,23.5,7.26393386979364
120,"Brooklyn Navy Yard","Tue",1,34.8076923076923,32.5,10.7208471417404
120,"Brooklyn Navy Yard","Tue",2,19.1538461538462,16,14.2054287437657
120,"Brooklyn Navy Yard","Tue",3,2.58974358974359,1,3.37075234361283
120,"Brooklyn Navy Yard","Tue",4,0.41025641025641,0,0.82864147050862
120,"Brooklyn Navy Yard","Tue",5,0.512820512820513,0,0.990127759611344
120,"Brooklyn Navy Yard","Tue",6,0.435897435897436,0,1.16874606564787
120,"Brooklyn Navy Yard","Tue",7,0.474358974358974,0,0.86376342020674
120,"Brooklyn Navy Yard","Tue",8,2.70512820512821,3,2.72129158772593
120,"Brooklyn Navy Yard","Tue",9,19.448717948718,25.5,12.4937880002319
120,"Brooklyn Navy Yard","Tue",10,34.6794871794872,35.5,9.16443377884561
120,"Brooklyn Navy Yard","Tue",11,27.2051282051282,26,10.5797637937433
120,"Brooklyn Navy Yard","Tue",12,18.4871794871795,18,6.71448055207915
120,"Brooklyn Navy Yard","Tue",13,20.3974358974359,20,6.55712112865376
120,"Brooklyn Navy Yard","Tue",14,26.8846153846154,27,7.04895823422243
120,"Brooklyn Navy Yard","Tue",15,25.7051282051282,25,9.2260345555235
120,"Brooklyn Navy Yard","Tue",16,31.0641025641026,31,10.6932916749936
120,"Brooklyn Navy Yard","Tue",17,39.0897435897436,38.5,10.6724379783128
120,"Brooklyn Navy Yard","Tue",18,33.3974358974359,32.5,8.08291406817491
120,"Brooklyn Navy Yard","Tue",19,24.4102564102564,22,12.1082089760924
120,"Brooklyn Navy Yard","Tue",20,20.948717948718,18.5,8.34779298291756
120,"Brooklyn Navy Yard","Tue",21,17.9102564102564,16,7.27419544787734
120,"Brooklyn Navy Yard","Tue",22,14.8974358974359,14,5.00801887778522
120,"Brooklyn Navy Yard","Tue",23,19.8589743589744,20,5.3299554321237
120,"Brooklyn Navy Yard","Wed",0,24.0897435897436,23,7.48363738464315
120,"Brooklyn Navy Yard","Wed",1,33.8846153846154,32,9.24834947609399
120,"Brooklyn Navy Yard","Wed",2,19.8333333333333,15.5,14.2066535232265
120,"Brooklyn Navy Yard","Wed",3,2.01282051282051,1,2.67500984216463
120,"Brooklyn Navy Yard","Wed",4,0.512820512820513,0,1.27659846063813
120,"Brooklyn Navy Yard","Wed",5,0.397435897435897,0,0.842688085903206
120,"Brooklyn Navy Yard","Wed",6,0.371794871794872,0,0.981768538846843
120,"Brooklyn Navy Yard","Wed",7,0.307692307692308,0,0.70816558903868
120,"Brooklyn Navy Yard","Wed",8,2.70512820512821,3,2.59424425027853
120,"Brooklyn Navy Yard","Wed",9,19.3589743589744,23.5,13.4260595209121
120,"Brooklyn Navy Yard","Wed",10,33.9615384615385,36,12.2107492645782
120,"Brooklyn Navy Yard","Wed",11,26.8076923076923,24,11.5320644937718
120,"Brooklyn Navy Yard","Wed",12,20.4102564102564,19,8.69906085009524
120,"Brooklyn Navy Yard","Wed",13,22.6538461538462,23,9.36396370047515
120,"Brooklyn Navy Yard","Wed",14,29.3461538461538,29,8.71456002581636
120,"Brooklyn Navy Yard","Wed",15,29.3846153846154,30,8.74194362951275
120,"Brooklyn Navy Yard","Wed",16,30.8205128205128,32,10.0320830659784
120,"Brooklyn Navy Yard","Wed",17,37.1025641025641,38,10.2419936974417
120,"Brooklyn Navy Yard","Wed",18,32.4615384615385,32,8.01247778154799
120,"Brooklyn Navy Yard","Wed",19,24.6025641025641,25,11.1464160492326
120,"Brooklyn Navy Yard","Wed",20,19.2435897435897,19,6.2878689583432
120,"Brooklyn Navy Yard","Wed",21,18.2435897435897,16.5,6.65121002063495
120,"Brooklyn Navy Yard","Wed",22,15.8076923076923,15,4.88054098637439
120,"Brooklyn Navy Yard","Wed",23,20.0641025641026,20,6.35597631355206
120,"Brooklyn Navy Yard","Thu",0,22.974358974359,23,6.42028918508452
120,"Brooklyn Navy Yard","Thu",1,32.551282051282,33.5,10.0990515639263
120,"Brooklyn Navy Yard","Thu",2,17.7692307692308,14,13.1484264792833
120,"Brooklyn Navy Yard","Thu",3,1.73076923076923,1,2.4210820642098
120,"Brooklyn Navy Yard","Thu",4,0.423076923076923,0,1.27431398166862
120,"Brooklyn Navy Yard","Thu",5,0.423076923076923,0,0.747623607800783
120,"Brooklyn Navy Yard","Thu",6,0.307692307692308,0,0.541946762797135
120,"Brooklyn Navy Yard","Thu",7,0.346153846153846,0,0.786689976344633
120,"Brooklyn Navy Yard","Thu",8,2.5,3,2.27207782928703
120,"Brooklyn Navy Yard","Thu",9,19.1794871794872,24,13.7224279304002
120,"Brooklyn Navy Yard","Thu",10,33.525641025641,35,12.5270868691769
120,"Brooklyn Navy Yard","Thu",11,26.2051282051282,24,11.3907674785145
120,"Brooklyn Navy Yard","Thu",12,19.2435897435897,18.5,6.74620797272972
120,"Brooklyn Navy Yard","Thu",13,20.9102564102564,22,7.37173594497869
120,"Brooklyn Navy Yard","Thu",14,26.3974358974359,25,7.83322882721256
120,"Brooklyn Navy Yard","Thu",15,25.474358974359,24.5,8.74267687464194
120,"Brooklyn Navy Yard","Thu",16,30.9358974358974,31,10.4996471722906
120,"Brooklyn Navy Yard","Thu",17,38.1923076923077,39,9.20764461090453
120,"Brooklyn Navy Yard","Thu",18,33.8205128205128,33,8.70399757350459
120,"Brooklyn Navy Yard","Thu",19,24.3589743589744,23,9.26657778629543
120,"Brooklyn Navy Yard","Thu",20,20.7435897435897,19,7.68441819855499
120,"Brooklyn Navy Yard","Thu",21,18.7820512820513,18,5.61456231805383
120,"Brooklyn Navy Yard","Thu",22,15.4871794871795,14.5,6.10246616050374
120,"Brooklyn Navy Yard","Thu",23,20.5128205128205,20,6.42992918654547
120,"Brooklyn Navy Yard","Fri",0,23.9102564102564,24,6.55087165298782
120,"Brooklyn Navy Yard","Fri",1,32.8461538461538,33,9.59312107856312
120,"Brooklyn Navy Yard","Fri",2,20.4615384615385,16,14.1105949948573
120,"Brooklyn Navy Yard","Fri",3,1.47435897435897,0.5,2.16659622314339
120,"Brooklyn Navy Yard","Fri",4,0.551282051282051,0,0.87753248946308
120,"Brooklyn Navy Yard","Fri",5,0.653846153846154,0,1.33705358445811
120,"Brooklyn Navy Yard","Fri",6,0.384615384615385,0,0.825420305855557
120,"Brooklyn Navy Yard","Fri",7,0.397435897435897,0,0.857961092414589
120,"Brooklyn Navy Yard","Fri",8,2.75641025641026,3,2.62448954807318
120,"Brooklyn Navy Yard","Fri",9,18.8333333333333,22,12.1510158483637
120,"Brooklyn Navy Yard","Fri",10,34.0384615384615,34,11.6289409548878
120,"Brooklyn Navy Yard","Fri",11,26.448717948718,25,10.3492862366313
120,"Brooklyn Navy Yard","Fri",12,18.948717948718,18.5,6.23333609349591
120,"Brooklyn Navy Yard","Fri",13,22,21,8.34328410222195
120,"Brooklyn Navy Yard","Fri",14,26.1410256410256,25,8.16028449811911
120,"Brooklyn Navy Yard","Fri",15,26.1666666666667,23,9.865875421649
120,"Brooklyn Navy Yard","Fri",16,30.4871794871795,30,9.86103915619917
120,"Brooklyn Navy Yard","Fri",17,38.6025641025641,39,9.38960428690521
120,"Brooklyn Navy Yard","Fri",18,33.2051282051282,32,8.30327579599696
120,"Brooklyn Navy Yard","Fri",19,25.7435897435897,26,9.28822169583943
120,"Brooklyn Navy Yard","Fri",20,19.2307692307692,19,5.64748668826283
120,"Brooklyn Navy Yard","Fri",21,18.1794871794872,17,6.83904677367839
120,"Brooklyn Navy Yard","Fri",22,15.4615384615385,15,4.89020305448413
120,"Brooklyn Navy Yard","Fri",23,18.3717948717949,19,6.4407569418004
120,"Brooklyn Navy Yard","Sat",0,22.3205128205128,22,6.44153242585489
120,"Brooklyn Navy Yard","Sat",1,33.2435897435897,33,9.80747911986799
120,"Brooklyn Navy Yard","Sat",2,18.7435897435897,15,14.0827202742585
120,"Brooklyn Navy Yard","Sat",3,1.76923076923077,1,2.27877317713001
120,"Brooklyn Navy Yard","Sat",4,0.525641025641026,0,1.29659252703083
120,"Brooklyn Navy Yard","Sat",5,0.705128205128205,0,1.33979039220256
120,"Brooklyn Navy Yard","Sat",6,0.666666666666667,0,1.15844349969748
120,"Brooklyn Navy Yard","Sat",7,0.564102564102564,0,1.3731161223465
120,"Brooklyn Navy Yard","Sat",8,0.192307692307692,0,0.428154975816798
120,"Brooklyn Navy Yard","Sat",9,0.512820512820513,0,1.44818372357795
120,"Brooklyn Navy Yard","Sat",10,0.756410256410256,0,1.48748805461446
120,"Brooklyn Navy Yard","Sat",11,11.1923076923077,3,14.4015310263908
120,"Brooklyn Navy Yard","Sat",12,18.5,18,13.8870677016658
120,"Brooklyn Navy Yard","Sat",13,24.7051282051282,24,11.2112060988612
120,"Brooklyn Navy Yard","Sat",14,21.2179487179487,21,7.84202371823345
120,"Brooklyn Navy Yard","Sat",15,20.2820512820513,19.5,7.08189100122137
120,"Brooklyn Navy Yard","Sat",16,15.6410256410256,15,4.9804145213555
120,"Brooklyn Navy Yard","Sat",17,19.5128205128205,19,6.77225736837208
120,"Brooklyn Navy Yard","Sat",18,29.0641025641026,30,10.1448467419629
120,"Brooklyn Navy Yard","Sat",19,32.2179487179487,31,6.08094198935127
120,"Brooklyn Navy Yard","Sat",20,19.7692307692308,18,7.61905178155064
120,"Brooklyn Navy Yard","Sat",21,15.0384615384615,15,3.76740052201869
120,"Brooklyn Navy Yard","Sat",22,12.8205128205128,12,4.03473100454718
120,"Brooklyn Navy Yard","Sat",23,16.1538461538462,15.5,6.50090288050346
136,"Battery Park City/Vesey St.","Sun",0,48.4230769230769,42,23.3006990758341
136,"Battery Park City/Vesey St.","Sun",1,26.5897435897436,23,16.5517181573205
136,"Battery Park City/Vesey St.","Sun",2,9.6025641025641,8,6.57294680517268
136,"Battery Park City/Vesey St.","Sun",3,5.43589743589744,4,5.67654033924804
136,"Battery Park City/Vesey St.","Sun",4,6.06410256410256,3,8.06683082590428
136,"Battery Park City/Vesey St.","Sun",5,5.2948717948718,3,6.42258388419986
136,"Battery Park City/Vesey St.","Sun",6,2.80769230769231,1,4.1405743133478
136,"Battery Park City/Vesey St.","Sun",7,2.01282051282051,1,2.64080659531505
136,"Battery Park City/Vesey St.","Sun",8,1.7051282051282,1,2.05198019255126
136,"Battery Park City/Vesey St.","Sun",9,2.56410256410256,1,3.91994481669926
136,"Battery Park City/Vesey St.","Sun",10,2.87179487179487,1,3.82866486633065
136,"Battery Park City/Vesey St.","Sun",11,4.28205128205128,3,4.71774058814982
136,"Battery Park City/Vesey St.","Sun",12,8.05128205128205,4,7.91332500411253
136,"Battery Park City/Vesey St.","Sun",13,17.948717948718,18.5,13.2193261080353
136,"Battery Park City/Vesey St.","Sun",14,31.1410256410256,30.5,16.3681067449757
136,"Battery Park City/Vesey St.","Sun",15,40.2435897435897,38.5,17.1268649737628
136,"Battery Park City/Vesey St.","Sun",16,46.6153846153846,48,19.8469669698445
136,"Battery Park City/Vesey St.","Sun",17,51.7948717948718,53,19.4838321081792
136,"Battery Park City/Vesey St.","Sun",18,45.4230769230769,43,17.6690493432812
136,"Battery Park City/Vesey St.","Sun",19,38.6410256410256,34.5,16.8221980426562
136,"Battery Park City/Vesey St.","Sun",20,41.051282051282,36.5,17.4518985949599
136,"Battery Park City/Vesey St.","Sun",21,43.051282051282,42,16.1525981472464
136,"Battery Park City/Vesey St.","Sun",22,38.7820512820513,35.5,15.9150728490178
136,"Battery Park City/Vesey St.","Sun",23,38.6025641025641,36,15.3363499472211
136,"Battery Park City/Vesey St.","Mon",0,32.7974683544304,32,13.8048484114259
136,"Battery Park City/Vesey St.","Mon",1,15.3037974683544,13,10.4001410621347
136,"Battery Park City/Vesey St.","Mon",2,5.17721518987342,4,6.12636064148283
136,"Battery Park City/Vesey St.","Mon",3,3.73417721518987,1,14.6197169820369
136,"Battery Park City/Vesey St.","Mon",4,2.13924050632911,1,4.21758886403482
136,"Battery Park City/Vesey St.","Mon",5,1.84810126582278,0,6.99833058407309
136,"Battery Park City/Vesey St.","Mon",6,1.15189873417722,0,1.69530730589136
136,"Battery Park City/Vesey St.","Mon",7,1.39240506329114,0,2.47768358278136
136,"Battery Park City/Vesey St.","Mon",8,1.77215189873418,1,2.23577765446851
136,"Battery Park City/Vesey St.","Mon",9,2.21518987341772,1,3.34997468829301
136,"Battery Park City/Vesey St.","Mon",10,32.0379746835443,47,25.2517798499253
136,"Battery Park City/Vesey St.","Mon",11,54.126582278481,59,20.0130515674452
136,"Battery Park City/Vesey St.","Mon",12,64.4177215189873,69,20.834886667181
136,"Battery Park City/Vesey St.","Mon",13,60.746835443038,64,18.6433932440439
136,"Battery Park City/Vesey St.","Mon",14,47.6075949367089,48,14.5014744798669
136,"Battery Park City/Vesey St.","Mon",15,44.7721518987342,46,12.4652844774933
136,"Battery Park City/Vesey St.","Mon",16,43.746835443038,44,10.9655268144639
136,"Battery Park City/Vesey St.","Mon",17,46.9620253164557,46,13.5395366337169
136,"Battery Park City/Vesey St.","Mon",18,45.7215189873418,47,10.9894316467917
136,"Battery Park City/Vesey St.","Mon",19,50.3544303797468,49,14.3250166462368
136,"Battery Park City/Vesey St.","Mon",20,58.873417721519,62,16.9919793210311
136,"Battery Park City/Vesey St.","Mon",21,67.6329113924051,70,15.7310547148234
136,"Battery Park City/Vesey St.","Mon",22,66.4810126582279,68,17.4457847083352
136,"Battery Park City/Vesey St.","Mon",23,62.4050632911392,65,16.0252356975681
136,"Battery Park City/Vesey St.","Tue",0,41.6025641025641,42,12.1466576489704
136,"Battery Park City/Vesey St.","Tue",1,24.2179487179487,24,9.16181720178342
136,"Battery Park City/Vesey St.","Tue",2,12.8461538461538,11.5,6.82637536320708
136,"Battery Park City/Vesey St.","Tue",3,4.3974358974359,3,4.39107638074673
136,"Battery Park City/Vesey St.","Tue",4,1.05128205128205,0,1.47619584715382
136,"Battery Park City/Vesey St.","Tue",5,1.07692307692308,0,1.75639263404146
136,"Battery Park City/Vesey St.","Tue",6,1.17948717948718,0,2.37269965012507
136,"Battery Park City/Vesey St.","Tue",7,1.12820512820513,0,1.7900081575594
136,"Battery Park City/Vesey St.","Tue",8,1.38461538461538,0,2.1515972274965
136,"Battery Park City/Vesey St.","Tue",9,3.19230769230769,2,3.57501318609027
136,"Battery Park City/Vesey St.","Tue",10,34.8461538461538,48,24.3289560379828
136,"Battery Park City/Vesey St.","Tue",11,60.0769230769231,63,11.620368627241
136,"Battery Park City/Vesey St.","Tue",12,70.2435897435897,70,13.5274477079692
136,"Battery Park City/Vesey St.","Tue",13,66.0769230769231,65.5,11.9802534833982
136,"Battery Park City/Vesey St.","Tue",14,52.3589743589744,53,11.6952364139659
136,"Battery Park City/Vesey St.","Tue",15,46.9615384615385,44,11.2543697807047
136,"Battery Park City/Vesey St.","Tue",16,46.8333333333333,46,12.2510711608718
136,"Battery Park City/Vesey St.","Tue",17,48.5128205128205,46,12.9009650195208
136,"Battery Park City/Vesey St.","Tue",18,49.0769230769231,49.5,10.6047884684957
136,"Battery Park City/Vesey St.","Tue",19,52.0128205128205,52,13.9232530809785
136,"Battery Park City/Vesey St.","Tue",20,64.2307692307692,66.5,18.2592606476987
136,"Battery Park City/Vesey St.","Tue",21,72.7179487179487,71,17.3436596715494
136,"Battery Park City/Vesey St.","Tue",22,71.6282051282051,69,13.5580607876279
136,"Battery Park City/Vesey St.","Tue",23,66.5,63.5,13.6626802337181
136,"Battery Park City/Vesey St.","Wed",0,46.1794871794872,45,13.1363910022795
136,"Battery Park City/Vesey St.","Wed",1,27.2179487179487,27.5,8.85767322485849
136,"Battery Park City/Vesey St.","Wed",2,15.051282051282,14,5.46748935924341
136,"Battery Park City/Vesey St.","Wed",3,5.96153846153846,3.5,9.90532102535726
136,"Battery Park City/Vesey St.","Wed",4,1.80769230769231,1,3.87149990165459
136,"Battery Park City/Vesey St.","Wed",5,1.92307692307692,1,4.67868676982227
136,"Battery Park City/Vesey St.","Wed",6,1.43589743589744,0,2.99171906274352
136,"Battery Park City/Vesey St.","Wed",7,1.11538461538462,0,2.10121034527363
136,"Battery Park City/Vesey St.","Wed",8,3.11538461538462,2,3.41494336143927
136,"Battery Park City/Vesey St.","Wed",9,3.15384615384615,2,4.27944930028226
136,"Battery Park City/Vesey St.","Wed",10,32.6282051282051,44.5,24.2616200433155
136,"Battery Park City/Vesey St.","Wed",11,58.4358974358974,60,16.0345323320085
136,"Battery Park City/Vesey St.","Wed",12,68.7435897435897,69.5,15.2063178064942
136,"Battery Park City/Vesey St.","Wed",13,64.2307692307692,64.5,14.1016007905182
136,"Battery Park City/Vesey St.","Wed",14,54.6538461538462,56,16.5143203681767
136,"Battery Park City/Vesey St.","Wed",15,47.5897435897436,46,14.0328333888924
136,"Battery Park City/Vesey St.","Wed",16,46.9102564102564,47,14.2511661837106
136,"Battery Park City/Vesey St.","Wed",17,46.6410256410256,46,16.0226903710521
136,"Battery Park City/Vesey St.","Wed",18,47.5128205128205,46,12.9642300994414
136,"Battery Park City/Vesey St.","Wed",19,50.448717948718,49,16.0677521972633
136,"Battery Park City/Vesey St.","Wed",20,61.0897435897436,65,20.1321516436652
136,"Battery Park City/Vesey St.","Wed",21,75.7692307692308,74,19.9055712862447
136,"Battery Park City/Vesey St.","Wed",22,74.3974358974359,72.5,18.967737299822
136,"Battery Park City/Vesey St.","Wed",23,72.0128205128205,67.5,20.6224525162636
136,"Battery Park City/Vesey St.","Thu",0,50.1794871794872,50.5,15.9827371075134
136,"Battery Park City/Vesey St.","Thu",1,29.0641025641026,29,11.0844922015385
136,"Battery Park City/Vesey St.","Thu",2,14.6282051282051,14,4.45499566183698
136,"Battery Park City/Vesey St.","Thu",3,4.92307692307692,3.5,5.03434755898471
136,"Battery Park City/Vesey St.","Thu",4,1.64102564102564,0,2.74914087630582
136,"Battery Park City/Vesey St.","Thu",5,1.43589743589744,0,2.36637562524076
136,"Battery Park City/Vesey St.","Thu",6,1.26923076923077,0,2.08689838160483
136,"Battery Park City/Vesey St.","Thu",7,1.28205128205128,0,2.36257308495454
136,"Battery Park City/Vesey St.","Thu",8,2.38461538461538,1,3.25628570665975
136,"Battery Park City/Vesey St.","Thu",9,2.58974358974359,1,3.54355422658897
136,"Battery Park City/Vesey St.","Thu",10,31.5769230769231,44,25.4714096055304
136,"Battery Park City/Vesey St.","Thu",11,58.0128205128205,60,17.2886071560417
136,"Battery Park City/Vesey St.","Thu",12,67.6410256410256,69.5,15.5696794576805
136,"Battery Park City/Vesey St.","Thu",13,63.2051282051282,64.5,14.7879900150307
136,"Battery Park City/Vesey St.","Thu",14,53.6025641025641,52,13.4457445047883
136,"Battery Park City/Vesey St.","Thu",15,47.6410256410256,45,13.7651681239225
136,"Battery Park City/Vesey St.","Thu",16,46.7435897435897,43,14.1443723813844
136,"Battery Park City/Vesey St.","Thu",17,48.4230769230769,46,15.9703615348071
136,"Battery Park City/Vesey St.","Thu",18,47.3589743589744,46,12.5718448149539
136,"Battery Park City/Vesey St.","Thu",19,51.4358974358974,50,14.647006470088
136,"Battery Park City/Vesey St.","Thu",20,62.525641025641,62,19.6836832413902
136,"Battery Park City/Vesey St.","Thu",21,75.8846153846154,73,20.2407463347529
136,"Battery Park City/Vesey St.","Thu",22,76,74.5,17.4378301998248
136,"Battery Park City/Vesey St.","Thu",23,72.6666666666667,70.5,20.550644864067
136,"Battery Park City/Vesey St.","Fri",0,53.2179487179487,51.5,14.7671515387621
136,"Battery Park City/Vesey St.","Fri",1,31.6923076923077,31,11.4725054638637
136,"Battery Park City/Vesey St.","Fri",2,18.448717948718,15,16.1427458967874
136,"Battery Park City/Vesey St.","Fri",3,6.61538461538461,4,6.438985903117
136,"Battery Park City/Vesey St.","Fri",4,2.03846153846154,1,2.96929003579699
136,"Battery Park City/Vesey St.","Fri",5,1.61538461538462,0,3.03756040709863
136,"Battery Park City/Vesey St.","Fri",6,1.14102564102564,0,2.27193126253231
136,"Battery Park City/Vesey St.","Fri",7,1.53846153846154,0.5,2.15438126647969
136,"Battery Park City/Vesey St.","Fri",8,1.44871794871795,1,1.99770931089648
136,"Battery Park City/Vesey St.","Fri",9,2.53846153846154,1,3.58094635860087
136,"Battery Park City/Vesey St.","Fri",10,32.8076923076923,45.5,24.2621278776378
136,"Battery Park City/Vesey St.","Fri",11,59.8461538461538,62,13.7511056680147
136,"Battery Park City/Vesey St.","Fri",12,69.7820512820513,70.5,10.6851607696216
136,"Battery Park City/Vesey St.","Fri",13,62.6282051282051,63.5,11.9610938282318
136,"Battery Park City/Vesey St.","Fri",14,52.8333333333333,53.5,11.3942531273008
136,"Battery Park City/Vesey St.","Fri",15,51.5128205128205,49,13.6683762321831
136,"Battery Park City/Vesey St.","Fri",16,50.2051282051282,50,12.510109132331
136,"Battery Park City/Vesey St.","Fri",17,51.051282051282,49,14.9335301590188
136,"Battery Park City/Vesey St.","Fri",18,48.6923076923077,46.5,11.9754160433193
136,"Battery Park City/Vesey St.","Fri",19,53.7051282051282,51,16.2001354606802
136,"Battery Park City/Vesey St.","Fri",20,61.8333333333333,64,18.1318523395727
136,"Battery Park City/Vesey St.","Fri",21,71.3205128205128,72,18.8069437230277
136,"Battery Park City/Vesey St.","Fri",22,68.0641025641026,70,17.8313453350238
136,"Battery Park City/Vesey St.","Fri",23,67.4102564102564,69.5,18.4133180890974
136,"Battery Park City/Vesey St.","Sat",0,54.6410256410256,52.5,18.8086567241142
136,"Battery Park City/Vesey St.","Sat",1,33.3846153846154,33.5,10.5648655276053
136,"Battery Park City/Vesey St.","Sat",2,17.1923076923077,17.5,7.33441928810361
136,"Battery Park City/Vesey St.","Sat",3,7.17948717948718,6,5.92757936565991
136,"Battery Park City/Vesey St.","Sat",4,4.17948717948718,2,5.67460414488378
136,"Battery Park City/Vesey St.","Sat",5,4.03846153846154,2,5.81856033359149
136,"Battery Park City/Vesey St.","Sat",6,2.08974358974359,1,2.53385337389773
136,"Battery Park City/Vesey St.","Sat",7,1.24358974358974,0,1.83179634661658
136,"Battery Park City/Vesey St.","Sat",8,1.47435897435897,0,2.50051609724488
136,"Battery Park City/Vesey St.","Sat",9,2.12820512820513,0.5,3.01665926153968
136,"Battery Park City/Vesey St.","Sat",10,3.01282051282051,2,3.96246541955033
136,"Battery Park City/Vesey St.","Sat",11,4.26923076923077,3,4.38614429063406
136,"Battery Park City/Vesey St.","Sat",12,7.80769230769231,4.5,8.49607654646053
136,"Battery Park City/Vesey St.","Sat",13,17.3333333333333,17.5,12.9380809780253
136,"Battery Park City/Vesey St.","Sat",14,30.4230769230769,29.5,16.2580802933549
136,"Battery Park City/Vesey St.","Sat",15,41.9871794871795,40.5,19.520547675508
136,"Battery Park City/Vesey St.","Sat",16,45.1025641025641,44,18.7246554204001
136,"Battery Park City/Vesey St.","Sat",17,51.6923076923077,49,20.5339805114438
136,"Battery Park City/Vesey St.","Sat",18,47.2179487179487,45,18.9172136521469
136,"Battery Park City/Vesey St.","Sat",19,44.4871794871795,38.5,19.6460521725706
136,"Battery Park City/Vesey St.","Sat",20,41.2051282051282,38,17.8408250452449
136,"Battery Park City/Vesey St.","Sat",21,45.2435897435897,41,17.7113844798519
136,"Battery Park City/Vesey St.","Sat",22,42.8076923076923,37,19.4014711534224
136,"Battery Park City/Vesey St.","Sat",23,50.8333333333333,48,25.9872179702926
137,"St. George","Sun",0,19.6025641025641,18,6.60841601075191
137,"St. George","Sun",1,17.7435897435897,17,6.77741838264393
137,"St. George","Sun",2,14.0128205128205,12,6.7313833505099
137,"St. George","Sun",3,16.5384615384615,16,6.3770943749746
137,"St. George","Sun",4,15.5,14,5.8548459227567
137,"St. George","Sun",5,14.0641025641026,12,6.59858257819754
137,"St. George","Sun",6,12.025641025641,10,6.78610949302191
137,"St. George","Sun",7,14.7179487179487,12,8.66085001661632
137,"St. George","Sun",8,19.4615384615385,17.5,11.3305612562493
137,"St. George","Sun",9,21.1410256410256,18,9.79626798668077
137,"St. George","Sun",10,18.8205128205128,16,8.86367692127644
137,"St. George","Sun",11,17.4358974358974,15.5,7.85681893195992
137,"St. George","Sun",12,18.9871794871795,17.5,7.86822244277095
137,"St. George","Sun",13,21.5641025641026,20,7.58260097168758
137,"St. George","Sun",14,24.1794871794872,21.5,9.8847167742746
137,"St. George","Sun",15,23.2820512820513,22.5,8.39433549870795
137,"St. George","Sun",16,22.4230769230769,22,7.80362757931229
137,"St. George","Sun",17,22.1153846153846,20,8.22726030874265
137,"St. George","Sun",18,23.0769230769231,22.5,7.45509366664307
137,"St. George","Sun",19,21.7051282051282,19.5,7.77960866768445
137,"St. George","Sun",20,22.5128205128205,21,6.89389639650956
137,"St. George","Sun",21,21.9615384615385,22,6.02902569650776
137,"St. George","Sun",22,20.1153846153846,20,5.75468362435187
137,"St. George","Sun",23,19.1794871794872,18,6.07045985494368
137,"St. George","Mon",0,18,17,5.90089084973725
137,"St. George","Mon",1,14.8481012658228,14,5.35433830237504
137,"St. George","Mon",2,13.2784810126582,12,6.12673148495488
137,"St. George","Mon",3,16.6582278481013,16,6.00829784323819
137,"St. George","Mon",4,16.8860759493671,16,7.57693419796633
137,"St. George","Mon",5,15.2151898734177,14,7.35487085433855
137,"St. George","Mon",6,12.5189873417722,10,8.50619798085968
137,"St. George","Mon",7,15.4683544303797,14,8.50766689376898
137,"St. George","Mon",8,27.5189873417722,25,15.8768180945531
137,"St. George","Mon",9,26.873417721519,25,11.6116288843948
137,"St. George","Mon",10,28.9493670886076,28,9.63819689246268
137,"St. George","Mon",11,29.7088607594937,28,9.172355202866
137,"St. George","Mon",12,32.3291139240506,31,10.4632709488187
137,"St. George","Mon",13,31.9620253164557,31,10.5519994921059
137,"St. George","Mon",14,26.0126582278481,25,8.93494102097831
137,"St. George","Mon",15,22.5443037974684,21,8.45773423674121
137,"St. George","Mon",16,24.126582278481,23,6.98784125098107
137,"St. George","Mon",17,25.0759493670886,24,8.20064436476814
137,"St. George","Mon",18,24.9873417721519,23,10.0031965030749
137,"St. George","Mon",19,27.5569620253165,26,10.1435173632493
137,"St. George","Mon",20,25.6835443037975,24,9.96216471146691
137,"St. George","Mon",21,27.8481012658228,28,8.50503411650695
137,"St. George","Mon",22,27.0253164556962,27,5.69069119217743
137,"St. George","Mon",23,23.4177215189873,22,7.91721201080394
137,"St. George","Tue",0,22.1538461538462,21,7.05650095969708
137,"St. George","Tue",1,21.0128205128205,21,6.56534306824324
137,"St. George","Tue",2,16.7948717948718,15.5,6.40689355680934
137,"St. George","Tue",3,19.1153846153846,18,7.58840668941222
137,"St. George","Tue",4,17.8717948717949,17,6.76192352246088
137,"St. George","Tue",5,13.9487179487179,13,5.83740165443993
137,"St. George","Tue",6,12.8717948717949,11,6.85917524548579
137,"St. George","Tue",7,15.2820512820513,14,7.14396927739034
137,"St. George","Tue",8,23.4230769230769,21.5,11.3635544452592
137,"St. George","Tue",9,25.5897435897436,23,10.8441568411628
137,"St. George","Tue",10,28.551282051282,29,9.70827393260938
137,"St. George","Tue",11,32.6538461538462,30.5,9.32087020500883
137,"St. George","Tue",12,32.9871794871795,31,10.1296704344329
137,"St. George","Tue",13,33.5384615384615,32.5,10.2383190428496
137,"St. George","Tue",14,26.7692307692308,26.5,9.43181005740897
137,"St. George","Tue",15,24.2435897435897,22,8.85259650432938
137,"St. George","Tue",16,25.9102564102564,23,9.54440870854437
137,"St. George","Tue",17,26.448717948718,24,9.78157217318127
137,"St. George","Tue",18,26.4102564102564,25,8.37038052081685
137,"St. George","Tue",19,26,25,8.46382677258719
137,"St. George","Tue",20,25.4871794871795,24,7.33032057509082
137,"St. George","Tue",21,29.1282051282051,29,8.39659636417224
137,"St. George","Tue",22,28.7948717948718,27.5,6.81548842350146
137,"St. George","Tue",23,25.2307692307692,24,6.9036468377474
137,"St. George","Wed",0,22.3974358974359,20,7.88775105569494
137,"St. George","Wed",1,20.7948717948718,20,5.76230242213381
137,"St. George","Wed",2,18.2179487179487,17,7.09059636254644
137,"St. George","Wed",3,19.0384615384615,19,7.32446941067079
137,"St. George","Wed",4,18.7307692307692,18,8.46946091742374
137,"St. George","Wed",5,14.8205128205128,13,6.86747196296943
137,"St. George","Wed",6,13.8717948717949,12,8.47511096254827
137,"St. George","Wed",7,17.3974358974359,16,8.77176660906396
137,"St. George","Wed",8,23.3974358974359,21,12.1091783838624
137,"St. George","Wed",9,24.6153846153846,23,11.103095121574
137,"St. George","Wed",10,27.9358974358974,28.5,9.91959852506314
137,"St. George","Wed",11,29.8461538461538,29.5,8.97192869429447
137,"St. George","Wed",12,31.525641025641,31,8.5215149542917
137,"St. George","Wed",13,32.4358974358974,31.5,11.3189758423284
137,"St. George","Wed",14,28.4871794871795,27,9.59402355872071
137,"St. George","Wed",15,26.1666666666667,26,8.87198519003054
137,"St. George","Wed",16,24.6410256410256,24,8.69239757246386
137,"St. George","Wed",17,26.7564102564103,25.5,8.31394681374085
137,"St. George","Wed",18,24.9871794871795,25,7.68789500472851
137,"St. George","Wed",19,25.5769230769231,25,9.63289713911175
137,"St. George","Wed",20,24.6410256410256,22,9.97135424242392
137,"St. George","Wed",21,29.2179487179487,27.5,9.10208686774551
137,"St. George","Wed",22,29.4102564102564,28,9.36896770074248
137,"St. George","Wed",23,26.6538461538462,26,8.92512420965905
137,"St. George","Thu",0,23.5128205128205,22,7.45853227047411
137,"St. George","Thu",1,20.1153846153846,19,6.79759462657878
137,"St. George","Thu",2,16.4615384615385,16,5.95151908512267
137,"St. George","Thu",3,19.4615384615385,18,8.051284172303
137,"St. George","Thu",4,16.9615384615385,15.5,8.03796560759569
137,"St. George","Thu",5,13.1025641025641,12,6.07013071082385
137,"St. George","Thu",6,11.6153846153846,10,5.68257936959162
137,"St. George","Thu",7,15.1153846153846,13,8.69539476446528
137,"St. George","Thu",8,23.2307692307692,22.5,12.6109858074999
137,"St. George","Thu",9,23.1923076923077,23,10.409857581405
137,"St. George","Thu",10,26.1153846153846,26,9.28618687800686
137,"St. George","Thu",11,29.5897435897436,29,9.90006676802344
137,"St. George","Thu",12,32.7051282051282,32.5,11.3115375811992
137,"St. George","Thu",13,31.9102564102564,30,10.6346479770483
137,"St. George","Thu",14,27.1282051282051,27,9.18264734817865
137,"St. George","Thu",15,24.6923076923077,23,9.13436168741765
137,"St. George","Thu",16,26.1538461538462,24.5,9.53881601610027
137,"St. George","Thu",17,27.6538461538462,27,10.7278335924087
137,"St. George","Thu",18,24.0769230769231,22.5,9.19312169578357
137,"St. George","Thu",19,26,24.5,7.77608722093139
137,"St. George","Thu",20,24.5641025641026,23,8.88540280180831
137,"St. George","Thu",21,26.7564102564103,27,8.07302048019573
137,"St. George","Thu",22,29.4102564102564,28,9.24477514414859
137,"St. George","Thu",23,25.3333333333333,25,9.1206440115897
137,"St. George","Fri",0,23.6923076923077,23,8.42277014663567
137,"St. George","Fri",1,20.8461538461538,20,8.32938301308215
137,"St. George","Fri",2,16.8717948717949,17,5.78704099603964
137,"St. George","Fri",3,19.1153846153846,18,8.13519014414038
137,"St. George","Fri",4,19.0384615384615,17.5,8.77783854661554
137,"St. George","Fri",5,13.7820512820513,13,5.73584635428229
137,"St. George","Fri",6,13.1538461538462,11.5,6.98249559650737
137,"St. George","Fri",7,16.7435897435897,16,8.46756362241428
137,"St. George","Fri",8,24.2820512820513,21,11.9510880186075
137,"St. George","Fri",9,26,23,12.7574780718309
137,"St. George","Fri",10,27.7564102564103,27,8.77301929017983
137,"St. George","Fri",11,30.948717948718,30,9.958221084419
137,"St. George","Fri",12,33.9871794871795,34.5,8.18058136209838
137,"St. George","Fri",13,33.9615384615385,33,10.1142079668753
137,"St. George","Fri",14,27.3461538461538,27,9.74456481617026
137,"St. George","Fri",15,23.2948717948718,21.5,8.36987326993537
137,"St. George","Fri",16,24.1794871794872,24,6.87314289390911
137,"St. George","Fri",17,26.9102564102564,26.5,7.7613526358873
137,"St. George","Fri",18,26.1666666666667,26,8.08625042200932
137,"St. George","Fri",19,26.2179487179487,25.5,9.21693449319683
137,"St. George","Fri",20,23.3461538461538,22,8.28992021811894
137,"St. George","Fri",21,26.7564102564103,27,8.46718017956038
137,"St. George","Fri",22,30.1153846153846,29,10.0129536481121
137,"St. George","Fri",23,26.948717948718,23,10.5324451544929
137,"St. George","Sat",0,22.8461538461538,20.5,8.34029013646645
137,"St. George","Sat",1,20.1153846153846,20,6.87359103716927
137,"St. George","Sat",2,16.2692307692308,16,6.65996582987817
137,"St. George","Sat",3,19.2948717948718,19,6.7997497554393
137,"St. George","Sat",4,18.3589743589744,18,8.35102351449173
137,"St. George","Sat",5,14.6410256410256,13,7.08203206397558
137,"St. George","Sat",6,12.9487179487179,12.5,6.79361318836892
137,"St. George","Sat",7,16.2307692307692,15,8.7191728979288
137,"St. George","Sat",8,22.9358974358974,21,13.0874578043848
137,"St. George","Sat",9,22.6666666666667,21,10.7300605373036
137,"St. George","Sat",10,21.3717948717949,21,9.14402647159445
137,"St. George","Sat",11,18.7948717948718,17,7.70117038559889
137,"St. George","Sat",12,21.525641025641,20,8.12679448151536
137,"St. George","Sat",13,24.025641025641,23,11.1564719542903
137,"St. George","Sat",14,25.6538461538462,23.5,9.90189136213141
137,"St. George","Sat",15,25.5641025641026,25.5,8.41703551415146
137,"St. George","Sat",16,25.2948717948718,24,8.33255074580419
137,"St. George","Sat",17,26.025641025641,25,7.30232903421979
137,"St. George","Sat",18,25.3333333333333,24,8.87381477970938
137,"St. George","Sat",19,25.3461538461538,24,8.08209006508711
137,"St. George","Sat",20,24.7820512820513,25,8.41403810878209
137,"St. George","Sat",21,21.6153846153846,20,6.61213125401181
137,"St. George","Sat",22,21.1153846153846,19.5,8.39755803903617
137,"St. George","Sat",23,20.7435897435897,19,6.92902027788359
138,"Midtown West/W 39th St-Pier 79","Sun",0,43.1923076923077,40.5,16.9108108757541
138,"Midtown West/W 39th St-Pier 79","Sun",1,27.2564102564103,25.5,11.0564500742819
138,"Midtown West/W 39th St-Pier 79","Sun",2,13.7435897435897,13,5.87629156278027
138,"Midtown West/W 39th St-Pier 79","Sun",3,13.0769230769231,11.5,7.31085162266008
138,"Midtown West/W 39th St-Pier 79","Sun",4,9.07692307692308,8,4.18025423563274
138,"Midtown West/W 39th St-Pier 79","Sun",5,3.76923076923077,3.5,3.43368749163487
138,"Midtown West/W 39th St-Pier 79","Sun",6,1.17948717948718,0,2.09354970873643
138,"Midtown West/W 39th St-Pier 79","Sun",7,1.24358974358974,0,2.63436774955461
138,"Midtown West/W 39th St-Pier 79","Sun",8,1.02564102564103,0,2.01277968274773
138,"Midtown West/W 39th St-Pier 79","Sun",9,2.11538461538462,0,3.07051655720531
138,"Midtown West/W 39th St-Pier 79","Sun",10,5.06410256410256,2,6.31497857311918
138,"Midtown West/W 39th St-Pier 79","Sun",11,4.28205128205128,2,5.61514056189189
138,"Midtown West/W 39th St-Pier 79","Sun",12,9.35897435897436,10.5,7.12955137652453
138,"Midtown West/W 39th St-Pier 79","Sun",13,14.2051282051282,13,5.91137792264959
138,"Midtown West/W 39th St-Pier 79","Sun",14,31.0384615384615,35.5,16.2348369277283
138,"Midtown West/W 39th St-Pier 79","Sun",15,36.3589743589744,36,8.47605390753798
138,"Midtown West/W 39th St-Pier 79","Sun",16,43.6410256410256,44.5,15.3605789587302
138,"Midtown West/W 39th St-Pier 79","Sun",17,42.2692307692308,42,12.0794696246808
138,"Midtown West/W 39th St-Pier 79","Sun",18,38.0769230769231,38,11.7127627479093
138,"Midtown West/W 39th St-Pier 79","Sun",19,39.948717948718,38,13.5031477195133
138,"Midtown West/W 39th St-Pier 79","Sun",20,40.3076923076923,39,12.0650915274785
138,"Midtown West/W 39th St-Pier 79","Sun",21,39.7435897435897,35.5,12.1830581721876
138,"Midtown West/W 39th St-Pier 79","Sun",22,34.8717948717949,32,10.3539426888567
138,"Midtown West/W 39th St-Pier 79","Sun",23,39.3076923076923,36.5,16.0391628601603
138,"Midtown West/W 39th St-Pier 79","Mon",0,35.2278481012658,31,13.8970107162809
138,"Midtown West/W 39th St-Pier 79","Mon",1,20.3417721518987,19,7.51218851643075
138,"Midtown West/W 39th St-Pier 79","Mon",2,10.7341772151899,10,7.02506293567847
138,"Midtown West/W 39th St-Pier 79","Mon",3,4.39240506329114,4,7.26145023573995
138,"Midtown West/W 39th St-Pier 79","Mon",4,0.79746835443038,0,1.63597181057968
138,"Midtown West/W 39th St-Pier 79","Mon",5,0.949367088607595,0,4.8960966508843
138,"Midtown West/W 39th St-Pier 79","Mon",6,1.0126582278481,0,2.64814241079442
138,"Midtown West/W 39th St-Pier 79","Mon",7,1.06329113924051,0,3.04387477484217
138,"Midtown West/W 39th St-Pier 79","Mon",8,1.45569620253165,0,4.59597780772362
138,"Midtown West/W 39th St-Pier 79","Mon",9,1.74683544303797,0,2.95898611547067
138,"Midtown West/W 39th St-Pier 79","Mon",10,16.7594936708861,19,14.0759981108718
138,"Midtown West/W 39th St-Pier 79","Mon",11,29.0886075949367,30,13.0179263713815
138,"Midtown West/W 39th St-Pier 79","Mon",12,36.5696202531646,38,13.1028315048194
138,"Midtown West/W 39th St-Pier 79","Mon",13,40.4683544303797,40,12.087114820886
138,"Midtown West/W 39th St-Pier 79","Mon",14,37.5189873417722,38,9.94711755632379
138,"Midtown West/W 39th St-Pier 79","Mon",15,34.3037974683544,34,7.98613290195485
138,"Midtown West/W 39th St-Pier 79","Mon",16,34.8101265822785,32,10.2495477690945
138,"Midtown West/W 39th St-Pier 79","Mon",17,35.4936708860759,35,7.40386838896158
138,"Midtown West/W 39th St-Pier 79","Mon",18,31.6455696202532,31,9.2612204637977
138,"Midtown West/W 39th St-Pier 79","Mon",19,39.9620253164557,38,13.3890914629963
138,"Midtown West/W 39th St-Pier 79","Mon",20,52.746835443038,54,16.6905994994806
138,"Midtown West/W 39th St-Pier 79","Mon",21,46.2911392405063,48,11.0106613820473
138,"Midtown West/W 39th St-Pier 79","Mon",22,46.4683544303797,48,11.6187684627381
138,"Midtown West/W 39th St-Pier 79","Mon",23,47.9620253164557,48,12.1195360810496
138,"Midtown West/W 39th St-Pier 79","Tue",0,33.0769230769231,32,9.53022427989892
138,"Midtown West/W 39th St-Pier 79","Tue",1,19.7692307692308,19,6.06013817707771
138,"Midtown West/W 39th St-Pier 79","Tue",2,10.6538461538462,9,4.92232371236094
138,"Midtown West/W 39th St-Pier 79","Tue",3,3.12820512820513,1.5,3.58336334195862
138,"Midtown West/W 39th St-Pier 79","Tue",4,0.5,0,1.04135276655684
138,"Midtown West/W 39th St-Pier 79","Tue",5,0.782051282051282,0,2.74759604914624
138,"Midtown West/W 39th St-Pier 79","Tue",6,0.397435897435897,0,1.07316431718617
138,"Midtown West/W 39th St-Pier 79","Tue",7,0.230769230769231,0,0.662993544131795
138,"Midtown West/W 39th St-Pier 79","Tue",8,0.961538461538462,0,1.88253978549088
138,"Midtown West/W 39th St-Pier 79","Tue",9,1.52564102564103,0,2.64194123323239
138,"Midtown West/W 39th St-Pier 79","Tue",10,17.1410256410256,21,12.9381388883965
138,"Midtown West/W 39th St-Pier 79","Tue",11,32.1025641025641,31,10.0861094446572
138,"Midtown West/W 39th St-Pier 79","Tue",12,42.8717948717949,44,11.2646544950318
138,"Midtown West/W 39th St-Pier 79","Tue",13,45.2820512820513,44.5,10.7327601851593
138,"Midtown West/W 39th St-Pier 79","Tue",14,40.7051282051282,40,9.2443158728689
138,"Midtown West/W 39th St-Pier 79","Tue",15,35.4358974358974,36,8.86638148359976
138,"Midtown West/W 39th St-Pier 79","Tue",16,36.6923076923077,34,11.1440481957774
138,"Midtown West/W 39th St-Pier 79","Tue",17,34.1282051282051,34,7.2691466377074
138,"Midtown West/W 39th St-Pier 79","Tue",18,31.7820512820513,31,8.65897542887468
138,"Midtown West/W 39th St-Pier 79","Tue",19,39.448717948718,39,11.9410319942727
138,"Midtown West/W 39th St-Pier 79","Tue",20,55.0128205128205,58.5,17.5369691807133
138,"Midtown West/W 39th St-Pier 79","Tue",21,47.0769230769231,48,10.4853258386212
138,"Midtown West/W 39th St-Pier 79","Tue",22,50.7948717948718,49.5,16.2491629949145
138,"Midtown West/W 39th St-Pier 79","Tue",23,49.9102564102564,49.5,11.0126089450936
138,"Midtown West/W 39th St-Pier 79","Wed",0,35.4358974358974,35,9.75623642518718
138,"Midtown West/W 39th St-Pier 79","Wed",1,21.1794871794872,20,7.29480083443813
138,"Midtown West/W 39th St-Pier 79","Wed",2,11.5384615384615,10,7.39373604257906
138,"Midtown West/W 39th St-Pier 79","Wed",3,7.69230769230769,6.5,6.3946156171508
138,"Midtown West/W 39th St-Pier 79","Wed",4,3.23076923076923,1.5,3.77250158804052
138,"Midtown West/W 39th St-Pier 79","Wed",5,1.94871794871795,0,6.32023638366382
138,"Midtown West/W 39th St-Pier 79","Wed",6,1.19230769230769,0,3.92149485249208
138,"Midtown West/W 39th St-Pier 79","Wed",7,1.08974358974359,0,3.06291558510056
138,"Midtown West/W 39th St-Pier 79","Wed",8,1.07692307692308,0,1.85702758421932
138,"Midtown West/W 39th St-Pier 79","Wed",9,2.71794871794872,1,3.5452453467658
138,"Midtown West/W 39th St-Pier 79","Wed",10,17.3846153846154,22,12.8176327101266
138,"Midtown West/W 39th St-Pier 79","Wed",11,30.6025641025641,32,10.272064934341
138,"Midtown West/W 39th St-Pier 79","Wed",12,40.1538461538462,41,11.8530799582009
138,"Midtown West/W 39th St-Pier 79","Wed",13,45,45,11.4028932304908
138,"Midtown West/W 39th St-Pier 79","Wed",14,39.8846153846154,37.5,15.4272324316288
138,"Midtown West/W 39th St-Pier 79","Wed",15,35.6410256410256,35,9.92435592332522
138,"Midtown West/W 39th St-Pier 79","Wed",16,35.974358974359,33,15.3622698192466
138,"Midtown West/W 39th St-Pier 79","Wed",17,33.3333333333333,32,9.97876533323424
138,"Midtown West/W 39th St-Pier 79","Wed",18,30.6794871794872,29.5,9.20966966389215
138,"Midtown West/W 39th St-Pier 79","Wed",19,40.8974358974359,38.5,15.8807158590895
138,"Midtown West/W 39th St-Pier 79","Wed",20,54.6153846153846,54.5,20.7484818842127
138,"Midtown West/W 39th St-Pier 79","Wed",21,49.948717948718,52,13.0043923008428
138,"Midtown West/W 39th St-Pier 79","Wed",22,52.3333333333333,50.5,16.7964642744005
138,"Midtown West/W 39th St-Pier 79","Wed",23,52.4615384615385,50,15.6069351115593
138,"Midtown West/W 39th St-Pier 79","Thu",0,36.3717948717949,36,9.77554459154435
138,"Midtown West/W 39th St-Pier 79","Thu",1,22.3717948717949,22,7.65677524328664
138,"Midtown West/W 39th St-Pier 79","Thu",2,11.025641025641,10,5.76819393502518
138,"Midtown West/W 39th St-Pier 79","Thu",3,6.87179487179487,7,2.35961131709559
138,"Midtown West/W 39th St-Pier 79","Thu",4,2.79487179487179,1,3.2004828140595
138,"Midtown West/W 39th St-Pier 79","Thu",5,1.02564102564103,0,2.31300310202631
138,"Midtown West/W 39th St-Pier 79","Thu",6,0.666666666666667,0,1.69542291905556
138,"Midtown West/W 39th St-Pier 79","Thu",7,0.705128205128205,0,1.69114557622144
138,"Midtown West/W 39th St-Pier 79","Thu",8,1.47435897435897,0,2.61228048341087
138,"Midtown West/W 39th St-Pier 79","Thu",9,1.8974358974359,0,2.93031510024888
138,"Midtown West/W 39th St-Pier 79","Thu",10,16.3461538461538,20.5,12.744060927
138,"Midtown West/W 39th St-Pier 79","Thu",11,29.8076923076923,31,10.7293234464425
138,"Midtown West/W 39th St-Pier 79","Thu",12,40.7692307692308,41,12.4919954390782
138,"Midtown West/W 39th St-Pier 79","Thu",13,42.6153846153846,43,9.50902615526839
138,"Midtown West/W 39th St-Pier 79","Thu",14,39.4102564102564,39.5,8.13272353773274
138,"Midtown West/W 39th St-Pier 79","Thu",15,35.5897435897436,35,7.54800377400283
138,"Midtown West/W 39th St-Pier 79","Thu",16,35.2307692307692,32,11.9858391304214
138,"Midtown West/W 39th St-Pier 79","Thu",17,35.6025641025641,34,8.83814011049387
138,"Midtown West/W 39th St-Pier 79","Thu",18,33.025641025641,33,9.67118408116615
138,"Midtown West/W 39th St-Pier 79","Thu",19,42.6153846153846,41.5,13.3253305986919
138,"Midtown West/W 39th St-Pier 79","Thu",20,56.0128205128205,58.5,19.769117717238
138,"Midtown West/W 39th St-Pier 79","Thu",21,52.6666666666667,53,12.5332458318766
138,"Midtown West/W 39th St-Pier 79","Thu",22,53,49.5,18.3564985484988
138,"Midtown West/W 39th St-Pier 79","Thu",23,55.5897435897436,49.5,18.8723916387713
138,"Midtown West/W 39th St-Pier 79","Fri",0,38.1153846153846,37,11.0887573451915
138,"Midtown West/W 39th St-Pier 79","Fri",1,24.7948717948718,23,10.9868386131145
138,"Midtown West/W 39th St-Pier 79","Fri",2,13.0512820512821,11,14.7910972134104
138,"Midtown West/W 39th St-Pier 79","Fri",3,7.91025641025641,7,3.97454856518779
138,"Midtown West/W 39th St-Pier 79","Fri",4,2.76923076923077,1,3.27890968940115
138,"Midtown West/W 39th St-Pier 79","Fri",5,0.576923076923077,0,1.57512506837361
138,"Midtown West/W 39th St-Pier 79","Fri",6,0.435897435897436,0,1.58392692660504
138,"Midtown West/W 39th St-Pier 79","Fri",7,0.538461538461538,0,1.2027275030336
138,"Midtown West/W 39th St-Pier 79","Fri",8,0.512820512820513,0,1.30676153433812
138,"Midtown West/W 39th St-Pier 79","Fri",9,2.01282051282051,0,3.49951235839892
138,"Midtown West/W 39th St-Pier 79","Fri",10,16.0128205128205,18.5,12.9168103393984
138,"Midtown West/W 39th St-Pier 79","Fri",11,30.3974358974359,32,8.23413822455224
138,"Midtown West/W 39th St-Pier 79","Fri",12,38.8333333333333,39,8.67211783278039
138,"Midtown West/W 39th St-Pier 79","Fri",13,40.525641025641,41.5,9.56145448775509
138,"Midtown West/W 39th St-Pier 79","Fri",14,40,40,8.77422435244353
138,"Midtown West/W 39th St-Pier 79","Fri",15,34.5641025641026,34,7.5327678009209
138,"Midtown West/W 39th St-Pier 79","Fri",16,37.1282051282051,36,12.6186411007724
138,"Midtown West/W 39th St-Pier 79","Fri",17,38.1666666666667,36.5,9.87640066235114
138,"Midtown West/W 39th St-Pier 79","Fri",18,34.0769230769231,32,11.5114502350263
138,"Midtown West/W 39th St-Pier 79","Fri",19,42.0641025641026,40.5,14.0872418503546
138,"Midtown West/W 39th St-Pier 79","Fri",20,54.7820512820513,52,19.7291052949087
138,"Midtown West/W 39th St-Pier 79","Fri",21,50.974358974359,52,13.8084995084426
138,"Midtown West/W 39th St-Pier 79","Fri",22,52.0769230769231,51.5,16.8073648287741
138,"Midtown West/W 39th St-Pier 79","Fri",23,55.474358974359,55.5,17.7666873151744
138,"Midtown West/W 39th St-Pier 79","Sat",0,39.8717948717949,39.5,12.7466409879959
138,"Midtown West/W 39th St-Pier 79","Sat",1,23.9615384615385,23,8.97969181736573
138,"Midtown West/W 39th St-Pier 79","Sat",2,13.025641025641,13,6.65470121681269
138,"Midtown West/W 39th St-Pier 79","Sat",3,10.0384615384615,7.5,5.49956859628596
138,"Midtown West/W 39th St-Pier 79","Sat",4,7.7948717948718,7,3.27667464613085
138,"Midtown West/W 39th St-Pier 79","Sat",5,4.46153846153846,4.5,5.1160361779239
138,"Midtown West/W 39th St-Pier 79","Sat",6,0.461538461538462,0,1.27607665458295
138,"Midtown West/W 39th St-Pier 79","Sat",7,0.705128205128205,0,1.49552557203036
138,"Midtown West/W 39th St-Pier 79","Sat",8,0.769230769230769,0,1.81568259800641
138,"Midtown West/W 39th St-Pier 79","Sat",9,1.2948717948718,0,4.57295543515584
138,"Midtown West/W 39th St-Pier 79","Sat",10,2.58974358974359,0,5.44258317545186
138,"Midtown West/W 39th St-Pier 79","Sat",11,3.7051282051282,2,5.04037973821695
138,"Midtown West/W 39th St-Pier 79","Sat",12,8.67948717948718,10,6.87078057484197
138,"Midtown West/W 39th St-Pier 79","Sat",13,14.7435897435897,14,6.70226923664015
138,"Midtown West/W 39th St-Pier 79","Sat",14,31.5128205128205,36.5,15.3950098085817
138,"Midtown West/W 39th St-Pier 79","Sat",15,37.6538461538462,38,7.36757889548655
138,"Midtown West/W 39th St-Pier 79","Sat",16,42.1666666666667,41,14.1947645979545
138,"Midtown West/W 39th St-Pier 79","Sat",17,42.2051282051282,41,11.7178507119704
138,"Midtown West/W 39th St-Pier 79","Sat",18,38.7435897435897,38,11.6568199729365
138,"Midtown West/W 39th St-Pier 79","Sat",19,43.8846153846154,42,17.5388109662511
138,"Midtown West/W 39th St-Pier 79","Sat",20,41.025641025641,40,12.5200870904551
138,"Midtown West/W 39th St-Pier 79","Sat",21,40.948717948718,38.5,13.0502499711318
138,"Midtown West/W 39th St-Pier 79","Sat",22,37.4230769230769,34,13.2189545441672
138,"Midtown West/W 39th St-Pier 79","Sat",23,46.6025641025641,41.5,20.4547900233279
141,"Ferry Point Park","Sun",0,6.3974358974359,6,3.86909078077311
141,"Ferry Point Park","Sun",1,6.34615384615385,6,3.97337542748131
141,"Ferry Point Park","Sun",2,4.80769230769231,4,3.95118818988518
141,"Ferry Point Park","Sun",3,2.51282051282051,2,2.51098154215205
141,"Ferry Point Park","Sun",4,2.5,2,2.85015378942552
141,"Ferry Point Park","Sun",5,1.96153846153846,0,2.81665873573041
141,"Ferry Point Park","Sun",6,2.96153846153846,2,3.51043826653836
141,"Ferry Point Park","Sun",7,2.48717948717949,2,3.25434211335296
141,"Ferry Point Park","Sun",8,1.93589743589744,2,1.97608916927562
141,"Ferry Point Park","Sun",9,2.55128205128205,2,3.417477751084
141,"Ferry Point Park","Sun",10,2.5,2,3.12405829967052
141,"Ferry Point Park","Sun",11,3.35897435897436,2,3.75542675380976
141,"Ferry Point Park","Sun",12,5.30769230769231,4,5.68732400568618
141,"Ferry Point Park","Sun",13,7.19230769230769,6,4.69334342739507
141,"Ferry Point Park","Sun",14,8.6025641025641,8,5.54635657545305
141,"Ferry Point Park","Sun",15,8.08974358974359,8,4.33105936903147
141,"Ferry Point Park","Sun",16,10.0769230769231,8.5,6.45618445231529
141,"Ferry Point Park","Sun",17,9.23076923076923,8.5,4.85349807421859
141,"Ferry Point Park","Sun",18,7.30769230769231,6,5.22309479913196
141,"Ferry Point Park","Sun",19,8.14102564102564,7,5.5519374387694
141,"Ferry Point Park","Sun",20,7.38461538461539,6,4.49886210499502
141,"Ferry Point Park","Sun",21,7.75641025641026,6,6.50311792838964
141,"Ferry Point Park","Sun",22,7.06410256410256,6,5.38959975766156
141,"Ferry Point Park","Sun",23,6.1025641025641,6,3.40583816405501
141,"Ferry Point Park","Mon",0,6.11392405063291,5,3.64441033805285
141,"Ferry Point Park","Mon",1,5.29113924050633,5,3.20317109998016
141,"Ferry Point Park","Mon",2,4.26582278481013,3,3.49984930356713
141,"Ferry Point Park","Mon",3,2.12658227848101,2,2.68598971210392
141,"Ferry Point Park","Mon",4,1.73417721518987,0,2.53543533287017
141,"Ferry Point Park","Mon",5,2.64556962025316,1,3.53385811783862
141,"Ferry Point Park","Mon",6,1.64556962025316,1,2.11852618511407
141,"Ferry Point Park","Mon",7,2.18987341772152,1,2.97457581275428
141,"Ferry Point Park","Mon",8,2.44303797468354,1,3.08738888699902
141,"Ferry Point Park","Mon",9,5.9620253164557,6,3.80769476655473
141,"Ferry Point Park","Mon",10,6.72151898734177,6,3.85950943096552
141,"Ferry Point Park","Mon",11,8.0379746835443,8,4.07444518159373
141,"Ferry Point Park","Mon",12,7.64556962025316,7,4.74757151060371
141,"Ferry Point Park","Mon",13,9.48101265822785,8,5.40384658699108
141,"Ferry Point Park","Mon",14,10.4177215189873,10,5.34359812259614
141,"Ferry Point Park","Mon",15,9.16455696202532,8,4.91055999664886
141,"Ferry Point Park","Mon",16,9.08860759493671,8,5.05911179347877
141,"Ferry Point Park","Mon",17,8.74683544303798,7,5.5086606740016
141,"Ferry Point Park","Mon",18,10.0253164556962,9,5.73780687921677
141,"Ferry Point Park","Mon",19,8.31645569620253,7,5.00907971433381
141,"Ferry Point Park","Mon",20,7.0126582278481,6,3.97909173661037
141,"Ferry Point Park","Mon",21,7.88607594936709,7,4.35591946716352
141,"Ferry Point Park","Mon",22,8.37974683544304,8,4.22235745753348
141,"Ferry Point Park","Mon",23,7.9873417721519,7,5.01406654882574
141,"Ferry Point Park","Tue",0,6.83333333333333,6,4.43544362754845
141,"Ferry Point Park","Tue",1,5.52564102564103,5,3.3680097748507
141,"Ferry Point Park","Tue",2,4.11538461538461,4,3.11669475787832
141,"Ferry Point Park","Tue",3,2.03846153846154,1,2.83961908773634
141,"Ferry Point Park","Tue",4,1.7051282051282,1,2.27983238367116
141,"Ferry Point Park","Tue",5,2.25641025641026,1.5,2.87142616918636
141,"Ferry Point Park","Tue",6,2.73076923076923,2,3.60977416613138
141,"Ferry Point Park","Tue",7,2.5,2,2.6955952526731
141,"Ferry Point Park","Tue",8,2.19230769230769,2,2.78240152417983
141,"Ferry Point Park","Tue",9,6.83333333333333,7,5.054037004543
141,"Ferry Point Park","Tue",10,6.94871794871795,6,3.59255158716293
141,"Ferry Point Park","Tue",11,8.41025641025641,7,4.27142695654371
141,"Ferry Point Park","Tue",12,7.98717948717949,8,3.88635170870183
141,"Ferry Point Park","Tue",13,10.2692307692308,9.5,5.79671442300706
141,"Ferry Point Park","Tue",14,10.6923076923077,10,5.04604176187014
141,"Ferry Point Park","Tue",15,9.12820512820513,9,4.28333822467784
141,"Ferry Point Park","Tue",16,8.46153846153846,7,4.80987163392799
141,"Ferry Point Park","Tue",17,8.66666666666667,8,4.86617443991208
141,"Ferry Point Park","Tue",18,8.88461538461539,8,5.33301593294628
141,"Ferry Point Park","Tue",19,7.96153846153846,7,5.60714365252576
141,"Ferry Point Park","Tue",20,7.01282051282051,6.5,3.41309011735467
141,"Ferry Point Park","Tue",21,7.34615384615385,7,3.97337542748131
141,"Ferry Point Park","Tue",22,8.34615384615385,8,3.61751483568673
141,"Ferry Point Park","Tue",23,7.75641025641026,7,3.64383805589049
141,"Ferry Point Park","Wed",0,5.6025641025641,5,3.11402251069837
141,"Ferry Point Park","Wed",1,5.5,5,3.19801074533416
141,"Ferry Point Park","Wed",2,4.76923076923077,3.5,3.62144793071571
141,"Ferry Point Park","Wed",3,2.62820512820513,2,2.56403180055534
141,"Ferry Point Park","Wed",4,2.41025641025641,1.5,2.96926199863145
141,"Ferry Point Park","Wed",5,2,1,2.70161087107327
141,"Ferry Point Park","Wed",6,2.02564102564103,0,3.12499084247742
141,"Ferry Point Park","Wed",7,2.52564102564103,2,3.36028894465071
141,"Ferry Point Park","Wed",8,1.62820512820513,0,2.45006744862881
141,"Ferry Point Park","Wed",9,6.32051282051282,6.5,4.4996207336382
141,"Ferry Point Park","Wed",10,7.53846153846154,7,4.19552113597317
141,"Ferry Point Park","Wed",11,8.01282051282051,7.5,4.24109024743007
141,"Ferry Point Park","Wed",12,7.80769230769231,7,3.91486574816734
141,"Ferry Point Park","Wed",13,9.6025641025641,9,5.41604097413414
141,"Ferry Point Park","Wed",14,8.76923076923077,8,4.08011674432885
141,"Ferry Point Park","Wed",15,8.78205128205128,8,4.58582637370884
141,"Ferry Point Park","Wed",16,8.14102564102564,7,4.35956735305552
141,"Ferry Point Park","Wed",17,8.64102564102564,7,5.30859229750714
141,"Ferry Point Park","Wed",18,8.97435897435897,7.5,6.14959476856125
141,"Ferry Point Park","Wed",19,7.51282051282051,6.5,4.38635306833516
141,"Ferry Point Park","Wed",20,7.02564102564103,6,4.00640512820185
141,"Ferry Point Park","Wed",21,7.52564102564103,7,4.11750888935039
141,"Ferry Point Park","Wed",22,7.7051282051282,7,3.58970018050914
141,"Ferry Point Park","Wed",23,6.78205128205128,6,2.93057077857626
141,"Ferry Point Park","Thu",0,6.33333333333333,5,4.23242482667086
141,"Ferry Point Park","Thu",1,5.83333333333333,5,4.25308647792924
141,"Ferry Point Park","Thu",2,4.46153846153846,4,3.39859523192297
141,"Ferry Point Park","Thu",3,2.34615384615385,2,2.76728064313003
141,"Ferry Point Park","Thu",4,2.29487179487179,1.5,2.86541841807138
141,"Ferry Point Park","Thu",5,2.06410256410256,0,2.7790484384246
141,"Ferry Point Park","Thu",6,2.26923076923077,1.5,2.81310974076491
141,"Ferry Point Park","Thu",7,1.78205128205128,0,2.63664207883464
141,"Ferry Point Park","Thu",8,2.53846153846154,1.5,3.27006218492962
141,"Ferry Point Park","Thu",9,6.57692307692308,6,5.12320727154902
141,"Ferry Point Park","Thu",10,6.26923076923077,5.5,4.33851095684652
141,"Ferry Point Park","Thu",11,8.1025641025641,7,4.50566668774248
141,"Ferry Point Park","Thu",12,8.16666666666667,7,4.75207860648907
141,"Ferry Point Park","Thu",13,9.5,9,4.78295132492725
141,"Ferry Point Park","Thu",14,10.1923076923077,9,5.9697455672635
141,"Ferry Point Park","Thu",15,8.66666666666667,8,4.57453898512264
141,"Ferry Point Park","Thu",16,8.73076923076923,7,5.07264903494892
141,"Ferry Point Park","Thu",17,8.03846153846154,7,5.11540151574954
141,"Ferry Point Park","Thu",18,8.75641025641026,7,5.78889644157865
141,"Ferry Point Park","Thu",19,7.83333333333333,7,4.37055277988169
141,"Ferry Point Park","Thu",20,8.57692307692308,7,5.99462796473346
141,"Ferry Point Park","Thu",21,8.03846153846154,7,3.63047099979048
141,"Ferry Point Park","Thu",22,8.41025641025641,8,3.3899618717386
141,"Ferry Point Park","Thu",23,8.25641025641026,8,3.30460480548173
141,"Ferry Point Park","Fri",0,6.83333333333333,6,3.26499206127261
141,"Ferry Point Park","Fri",1,6.32051282051282,6,4.06279792831578
141,"Ferry Point Park","Fri",2,4.85897435897436,4,3.70231362895233
141,"Ferry Point Park","Fri",3,3.2051282051282,2,3.93571384755593
141,"Ferry Point Park","Fri",4,2.08974358974359,1,2.98561876566976
141,"Ferry Point Park","Fri",5,2.6025641025641,2,2.83457201968808
141,"Ferry Point Park","Fri",6,2.42307692307692,2,2.99141295185928
141,"Ferry Point Park","Fri",7,2.02564102564103,0,2.67734293062453
141,"Ferry Point Park","Fri",8,2.57692307692308,2,3.05584061072593
141,"Ferry Point Park","Fri",9,6.55128205128205,6,4.40084831225366
141,"Ferry Point Park","Fri",10,6.83333333333333,6,3.99485599976701
141,"Ferry Point Park","Fri",11,7.82051282051282,7,4.32973287242836
141,"Ferry Point Park","Fri",12,8.32051282051282,8,3.84266408446891
141,"Ferry Point Park","Fri",13,9.82051282051282,9,5.75640487945359
141,"Ferry Point Park","Fri",14,10.5512820512821,9,6.02515815581058
141,"Ferry Point Park","Fri",15,9.08974358974359,8,6.28373678517393
141,"Ferry Point Park","Fri",16,8.57692307692308,7,4.81480193593856
141,"Ferry Point Park","Fri",17,8.17948717948718,7.5,4.62838108002263
141,"Ferry Point Park","Fri",18,8.41025641025641,8,4.26229587982418
141,"Ferry Point Park","Fri",19,7.6025641025641,6.5,3.86237173481728
141,"Ferry Point Park","Fri",20,6.42307692307692,5,4.03078810498056
141,"Ferry Point Park","Fri",21,8.07692307692308,7,4.34179097276099
141,"Ferry Point Park","Fri",22,7.87179487179487,7,3.82527131491358
141,"Ferry Point Park","Fri",23,7.07692307692308,7,3.5337674637011
141,"Ferry Point Park","Sat",0,6.05128205128205,6,3.56351437469175
141,"Ferry Point Park","Sat",1,5.98717948717949,5,3.77446509410098
141,"Ferry Point Park","Sat",2,4.74358974358974,4,4.11028452718773
141,"Ferry Point Park","Sat",3,3.30769230769231,2,3.60125408282045
141,"Ferry Point Park","Sat",4,1.91025641025641,1,2.66378257290973
141,"Ferry Point Park","Sat",5,2.71794871794872,2,3.25495600503887
141,"Ferry Point Park","Sat",6,2.23076923076923,1.5,2.65272747129498
141,"Ferry Point Park","Sat",7,1.7948717948718,0,2.37059351634008
141,"Ferry Point Park","Sat",8,2.07692307692308,2,2.27218774814872
141,"Ferry Point Park","Sat",9,2.97435897435897,2,3.12499084247742
141,"Ferry Point Park","Sat",10,2.61538461538462,1,3.59375637948441
141,"Ferry Point Park","Sat",11,3.11538461538462,2,3.96733666831544
141,"Ferry Point Park","Sat",12,5.17948717948718,5,4.19877406271207
141,"Ferry Point Park","Sat",13,6.65384615384615,6,4.72029859026087
141,"Ferry Point Park","Sat",14,9.42307692307692,8,6.8783855527433
141,"Ferry Point Park","Sat",15,9.21794871794872,9,3.93006207907559
141,"Ferry Point Park","Sat",16,9.08974358974359,7,5.14007907725289
141,"Ferry Point Park","Sat",17,9.32051282051282,8.5,5.55373652093699
141,"Ferry Point Park","Sat",18,8.23076923076923,7,5.21965087383775
141,"Ferry Point Park","Sat",19,9.35897435897436,9,5.69112856900496
141,"Ferry Point Park","Sat",20,6.64102564102564,6,3.34576436620082
141,"Ferry Point Park","Sat",21,7.52564102564103,7.5,3.29393129102344
141,"Ferry Point Park","Sat",22,7.82051282051282,7,4.7338065453633
141,"Ferry Point Park","Sat",23,7.11538461538461,6,3.69619238701642
142,"Rockaway Beach Boulevard & Beach 102nd Street","Sun",0,0.17948717948718,0,0.528255884069718
142,"Rockaway Beach Boulevard & Beach 102nd Street","Sun",1,0.102564102564103,0,0.30535240827623
142,"Rockaway Beach Boulevard & Beach 102nd Street","Sun",2,0.17948717948718,0,0.476556635780289
142,"Rockaway Beach Boulevard & Beach 102nd Street","Sun",3,0.0769230769230769,0,0.268194093760605
142,"Rockaway Beach Boulevard & Beach 102nd Street","Sun",4,0.0512820512820513,0,0.356659679815545
142,"Rockaway Beach Boulevard & Beach 102nd Street","Sun",5,0.0384615384615385,0,0.251866161753745
142,"Rockaway Beach Boulevard & Beach 102nd Street","Sun",6,0.0384615384615385,0,0.193552415284691
142,"Rockaway Beach Boulevard & Beach 102nd Street","Sun",7,0.0769230769230769,0,0.312893109387372
142,"Rockaway Beach Boulevard & Beach 102nd Street","Sun",8,0.0384615384615385,0,0.193552415284691
142,"Rockaway Beach Boulevard & Beach 102nd Street","Sun",9,0.0769230769230769,0,0.312893109387372
142,"Rockaway Beach Boulevard & Beach 102nd Street","Sun",10,0.102564102564103,0,0.345273977030009
142,"Rockaway Beach Boulevard & Beach 102nd Street","Sun",11,0.0384615384615385,0,0.193552415284691
142,"Rockaway Beach Boulevard & Beach 102nd Street","Sun",12,0.115384615384615,0,0.394137863373535
142,"Rockaway Beach Boulevard & Beach 102nd Street","Sun",13,0.0512820512820513,0,0.222000111000084
142,"Rockaway Beach Boulevard & Beach 102nd Street","Sun",14,0.141025641025641,0,0.476032274753222
142,"Rockaway Beach Boulevard & Beach 102nd Street","Sun",15,0.141025641025641,0,0.52778288960024
142,"Rockaway Beach Boulevard & Beach 102nd Street","Sun",16,0.141025641025641,0,0.385596484274233
142,"Rockaway Beach Boulevard & Beach 102nd Street","Sun",17,0.128205128205128,0,0.406408864529509
142,"Rockaway Beach Boulevard & Beach 102nd Street","Sun",18,0.115384615384615,0,0.321553422305848
142,"Rockaway Beach Boulevard & Beach 102nd Street","Sun",19,0.0897435897435897,0,0.287664010176078
142,"Rockaway Beach Boulevard & Beach 102nd Street","Sun",20,0.0897435897435897,0,0.329734148556998
142,"Rockaway Beach Boulevard & Beach 102nd Street","Sun",21,0.166666666666667,0,0.467562529096076
142,"Rockaway Beach Boulevard & Beach 102nd Street","Sun",22,0.0897435897435897,0,0.329734148556998
142,"Rockaway Beach Boulevard & Beach 102nd Street","Sun",23,0.102564102564103,0,0.345273977030009
142,"Rockaway Beach Boulevard & Beach 102nd Street","Mon",0,0.0506329113924051,0,0.272628900457182
142,"Rockaway Beach Boulevard & Beach 102nd Street","Mon",1,0.10126582278481,0,0.343247563677863
142,"Rockaway Beach Boulevard & Beach 102nd Street","Mon",2,0.10126582278481,0,0.56828434352795
142,"Rockaway Beach Boulevard & Beach 102nd Street","Mon",3,0.126582278481013,0,0.463185420245581
142,"Rockaway Beach Boulevard & Beach 102nd Street","Mon",4,0.126582278481013,0,0.404052821108854
142,"Rockaway Beach Boulevard & Beach 102nd Street","Mon",5,0.113924050632911,0,0.391818304704273
142,"Rockaway Beach Boulevard & Beach 102nd Street","Mon",6,0.0253164556962025,0,0.158088221418863
142,"Rockaway Beach Boulevard & Beach 102nd Street","Mon",7,0.0506329113924051,0,0.220647890820344
142,"Rockaway Beach Boulevard & Beach 102nd Street","Mon",8,0.0506329113924051,0,0.220647890820344
142,"Rockaway Beach Boulevard & Beach 102nd Street","Mon",9,0.10126582278481,0,0.343247563677863
142,"Rockaway Beach Boulevard & Beach 102nd Street","Mon",10,0.0253164556962025,0,0.158088221418863
142,"Rockaway Beach Boulevard & Beach 102nd Street","Mon",11,0.0886075949367089,0,0.327769204984924
142,"Rockaway Beach Boulevard & Beach 102nd Street","Mon",12,0.0886075949367089,0,0.364792649840255
142,"Rockaway Beach Boulevard & Beach 102nd Street","Mon",13,0.0886075949367089,0,0.364792649840255
142,"Rockaway Beach Boulevard & Beach 102nd Street","Mon",14,0.10126582278481,0,0.343247563677863
142,"Rockaway Beach Boulevard & Beach 102nd Street","Mon",15,0.139240506329114,0,0.383445152537972
142,"Rockaway Beach Boulevard & Beach 102nd Street","Mon",16,0.177215189873418,0,0.525247040067475
142,"Rockaway Beach Boulevard & Beach 102nd Street","Mon",17,0.0506329113924051,0,0.220647890820344
142,"Rockaway Beach Boulevard & Beach 102nd Street","Mon",18,0.0886075949367089,0,0.285992353211451
142,"Rockaway Beach Boulevard & Beach 102nd Street","Mon",19,0.0379746835443038,0,0.192356371638255
142,"Rockaway Beach Boulevard & Beach 102nd Street","Mon",20,0.20253164556962,0,0.607216153703978
142,"Rockaway Beach Boulevard & Beach 102nd Street","Mon",21,0.0886075949367089,0,0.285992353211451
142,"Rockaway Beach Boulevard & Beach 102nd Street","Mon",22,0.189873417721519,0,0.53291528568828
142,"Rockaway Beach Boulevard & Beach 102nd Street","Mon",23,0.126582278481013,0,0.43462594019116
142,"Rockaway Beach Boulevard & Beach 102nd Street","Tue",0,0.153846153846154,0,0.458028612414344
142,"Rockaway Beach Boulevard & Beach 102nd Street","Tue",1,0.0641025641025641,0,0.372417291079024
142,"Rockaway Beach Boulevard & Beach 102nd Street","Tue",2,0.0897435897435897,0,0.329734148556998
142,"Rockaway Beach Boulevard & Beach 102nd Street","Tue",3,0.0384615384615385,0,0.193552415284691
142,"Rockaway Beach Boulevard & Beach 102nd Street","Tue",4,0.0641025641025641,0,0.246520913458799
142,"Rockaway Beach Boulevard & Beach 102nd Street","Tue",5,0.102564102564103,0,0.413717501638705
142,"Rockaway Beach Boulevard & Beach 102nd Street","Tue",6,0.102564102564103,0,0.413717501638705
142,"Rockaway Beach Boulevard & Beach 102nd Street","Tue",7,0.0256410256410256,0,0.159084962545255
142,"Rockaway Beach Boulevard & Beach 102nd Street","Tue",8,0.0384615384615385,0,0.193552415284691
142,"Rockaway Beach Boulevard & Beach 102nd Street","Tue",9,0.0641025641025641,0,0.294527735105858
142,"Rockaway Beach Boulevard & Beach 102nd Street","Tue",10,0.0512820512820513,0,0.274332052917764
142,"Rockaway Beach Boulevard & Beach 102nd Street","Tue",11,0.0384615384615385,0,0.193552415284691
142,"Rockaway Beach Boulevard & Beach 102nd Street","Tue",12,0.0641025641025641,0,0.246520913458799
142,"Rockaway Beach Boulevard & Beach 102nd Street","Tue",13,0.0769230769230769,0,0.268194093760605
142,"Rockaway Beach Boulevard & Beach 102nd Street","Tue",14,0.166666666666667,0,0.438908524228788
142,"Rockaway Beach Boulevard & Beach 102nd Street","Tue",15,0.333333333333333,0,0.637907835761881
142,"Rockaway Beach Boulevard & Beach 102nd Street","Tue",16,0.128205128205128,0,0.406408864529509
142,"Rockaway Beach Boulevard & Beach 102nd Street","Tue",17,0.0769230769230769,0,0.312893109387372
142,"Rockaway Beach Boulevard & Beach 102nd Street","Tue",18,0.0641025641025641,0,0.246520913458799
142,"Rockaway Beach Boulevard & Beach 102nd Street","Tue",19,0.0897435897435897,0,0.329734148556999
142,"Rockaway Beach Boulevard & Beach 102nd Street","Tue",20,0.141025641025641,0,0.385596484274233
142,"Rockaway Beach Boulevard & Beach 102nd Street","Tue",21,0.102564102564103,0,0.381035621941237
142,"Rockaway Beach Boulevard & Beach 102nd Street","Tue",22,0.102564102564103,0,0.594121496817236
142,"Rockaway Beach Boulevard & Beach 102nd Street","Tue",23,0.192307692307692,0,0.457483015302983
142,"Rockaway Beach Boulevard & Beach 102nd Street","Wed",0,0.0512820512820513,0,0.222000111000083
142,"Rockaway Beach Boulevard & Beach 102nd Street","Wed",1,0.153846153846154,0,0.428737896407798
142,"Rockaway Beach Boulevard & Beach 102nd Street","Wed",2,0.0769230769230769,0,0.387104830569382
142,"Rockaway Beach Boulevard & Beach 102nd Street","Wed",3,0.0897435897435897,0,0.287664010176078
142,"Rockaway Beach Boulevard & Beach 102nd Street","Wed",4,0.0512820512820513,0,0.222000111000083
142,"Rockaway Beach Boulevard & Beach 102nd Street","Wed",5,0.0769230769230769,0,0.312893109387372
142,"Rockaway Beach Boulevard & Beach 102nd Street","Wed",6,0.0512820512820513,0,0.274332052917764
142,"Rockaway Beach Boulevard & Beach 102nd Street","Wed",7,0.115384615384615,0,0.394137863373535
142,"Rockaway Beach Boulevard & Beach 102nd Street","Wed",8,0.0512820512820513,0,0.222000111000083
142,"Rockaway Beach Boulevard & Beach 102nd Street","Wed",9,0.0769230769230769,0,0.312893109387372
142,"Rockaway Beach Boulevard & Beach 102nd Street","Wed",10,0.0512820512820513,0,0.274332052917765
142,"Rockaway Beach Boulevard & Beach 102nd Street","Wed",11,0.0641025641025641,0,0.246520913458799
142,"Rockaway Beach Boulevard & Beach 102nd Street","Wed",12,0.115384615384615,0,0.394137863373535
142,"Rockaway Beach Boulevard & Beach 102nd Street","Wed",13,0.166666666666667,0,0.467562529096076
142,"Rockaway Beach Boulevard & Beach 102nd Street","Wed",14,0.269230769230769,0,0.501247195751508
142,"Rockaway Beach Boulevard & Beach 102nd Street","Wed",15,0.115384615384615,0,0.359681288602326
142,"Rockaway Beach Boulevard & Beach 102nd Street","Wed",16,0.192307692307692,0,0.396664414010959
142,"Rockaway Beach Boulevard & Beach 102nd Street","Wed",17,0.115384615384615,0,0.359681288602326
142,"Rockaway Beach Boulevard & Beach 102nd Street","Wed",18,0.0512820512820513,0,0.274332052917764
142,"Rockaway Beach Boulevard & Beach 102nd Street","Wed",19,0.0384615384615385,0,0.193552415284691
142,"Rockaway Beach Boulevard & Beach 102nd Street","Wed",20,0.17948717948718,0,0.448477648419852
142,"Rockaway Beach Boulevard & Beach 102nd Street","Wed",21,0.153846153846154,0,0.485555594926303
142,"Rockaway Beach Boulevard & Beach 102nd Street","Wed",22,0.128205128205128,0,0.406408864529509
142,"Rockaway Beach Boulevard & Beach 102nd Street","Wed",23,0.115384615384615,0,0.42581531362632
142,"Rockaway Beach Boulevard & Beach 102nd Street","Thu",0,0.141025641025641,0,0.447920417744827
142,"Rockaway Beach Boulevard & Beach 102nd Street","Thu",1,0.0897435897435897,0,0.367013126057686
142,"Rockaway Beach Boulevard & Beach 102nd Street","Thu",2,0.128205128205128,0,0.437198114293955
142,"Rockaway Beach Boulevard & Beach 102nd Street","Thu",3,0.153846153846154,0,0.485555594926302
142,"Rockaway Beach Boulevard & Beach 102nd Street","Thu",4,0.0512820512820513,0,0.222000111000083
142,"Rockaway Beach Boulevard & Beach 102nd Street","Thu",5,0.0897435897435897,0,0.400839943958508
142,"Rockaway Beach Boulevard & Beach 102nd Street","Thu",6,0.0769230769230769,0,0.312893109387372
142,"Rockaway Beach Boulevard & Beach 102nd Street","Thu",7,0.0384615384615385,0,0.251866161753745
142,"Rockaway Beach Boulevard & Beach 102nd Street","Thu",8,0.0897435897435897,0,0.367013126057685
142,"Rockaway Beach Boulevard & Beach 102nd Street","Thu",9,0.0384615384615385,0,0.251866161753745
142,"Rockaway Beach Boulevard & Beach 102nd Street","Thu",10,0.0512820512820513,0,0.222000111000083
142,"Rockaway Beach Boulevard & Beach 102nd Street","Thu",11,0.0256410256410256,0,0.159084962545255
142,"Rockaway Beach Boulevard & Beach 102nd Street","Thu",12,0.115384615384615,0,0.482976949001434
142,"Rockaway Beach Boulevard & Beach 102nd Street","Thu",13,0.141025641025641,0,0.41792185233447
142,"Rockaway Beach Boulevard & Beach 102nd Street","Thu",14,0.192307692307692,0,0.457483015302983
142,"Rockaway Beach Boulevard & Beach 102nd Street","Thu",15,0.166666666666667,0,0.438908524228788
142,"Rockaway Beach Boulevard & Beach 102nd Street","Thu",16,0.128205128205128,0,0.373087307736592
142,"Rockaway Beach Boulevard & Beach 102nd Street","Thu",17,0.0897435897435897,0,0.329734148556998
142,"Rockaway Beach Boulevard & Beach 102nd Street","Thu",18,0.0512820512820513,0,0.318169925090511
142,"Rockaway Beach Boulevard & Beach 102nd Street","Thu",19,0.0641025641025641,0,0.294527735105858
142,"Rockaway Beach Boulevard & Beach 102nd Street","Thu",20,0.192307692307692,0,0.485040962460631
142,"Rockaway Beach Boulevard & Beach 102nd Street","Thu",21,0.0897435897435897,0,0.514362483632667
142,"Rockaway Beach Boulevard & Beach 102nd Street","Thu",22,0.102564102564103,0,0.413717501638704
142,"Rockaway Beach Boulevard & Beach 102nd Street","Thu",23,0.115384615384615,0,0.359681288602326
142,"Rockaway Beach Boulevard & Beach 102nd Street","Fri",0,0.205128205128205,0,0.465957312547209
142,"Rockaway Beach Boulevard & Beach 102nd Street","Fri",1,0.0641025641025641,0,0.294527735105858
142,"Rockaway Beach Boulevard & Beach 102nd Street","Fri",2,0.0641025641025641,0,0.294527735105858
142,"Rockaway Beach Boulevard & Beach 102nd Street","Fri",3,0.102564102564103,0,0.345273977030009
142,"Rockaway Beach Boulevard & Beach 102nd Street","Fri",4,0.0256410256410256,0,0.159084962545255
142,"Rockaway Beach Boulevard & Beach 102nd Street","Fri",5,0.0769230769230769,0,0.351960401005744
142,"Rockaway Beach Boulevard & Beach 102nd Street","Fri",6,0.0384615384615385,0,0.193552415284691
142,"Rockaway Beach Boulevard & Beach 102nd Street","Fri",7,0.0769230769230769,0,0.351960401005744
142,"Rockaway Beach Boulevard & Beach 102nd Street","Fri",8,0.0897435897435897,0,0.514362483632667
142,"Rockaway Beach Boulevard & Beach 102nd Street","Fri",9,0.0512820512820513,0,0.222000111000083
142,"Rockaway Beach Boulevard & Beach 102nd Street","Fri",10,0.0897435897435897,0,0.329734148556998
142,"Rockaway Beach Boulevard & Beach 102nd Street","Fri",11,0.0384615384615385,0,0.193552415284691
142,"Rockaway Beach Boulevard & Beach 102nd Street","Fri",12,0.115384615384615,0,0.359681288602326
142,"Rockaway Beach Boulevard & Beach 102nd Street","Fri",13,0.128205128205128,0,0.406408864529509
142,"Rockaway Beach Boulevard & Beach 102nd Street","Fri",14,0.166666666666667,0,0.467562529096076
142,"Rockaway Beach Boulevard & Beach 102nd Street","Fri",15,0.192307692307692,0,0.511115213272665
142,"Rockaway Beach Boulevard & Beach 102nd Street","Fri",16,0.0769230769230769,0,0.312893109387372
142,"Rockaway Beach Boulevard & Beach 102nd Street","Fri",17,0.0384615384615385,0,0.193552415284691
142,"Rockaway Beach Boulevard & Beach 102nd Street","Fri",18,0.128205128205128,0,0.406408864529509
142,"Rockaway Beach Boulevard & Beach 102nd Street","Fri",19,0.102564102564103,0,0.30535240827623
142,"Rockaway Beach Boulevard & Beach 102nd Street","Fri",20,0.128205128205128,0,0.336481965668464
142,"Rockaway Beach Boulevard & Beach 102nd Street","Fri",21,0.0641025641025641,0,0.335738905580829
142,"Rockaway Beach Boulevard & Beach 102nd Street","Fri",22,0.153846153846154,0,0.646206172658864
142,"Rockaway Beach Boulevard & Beach 102nd Street","Fri",23,0.217948717948718,0,0.525886657519257
142,"Rockaway Beach Boulevard & Beach 102nd Street","Sat",0,0.0769230769230769,0,0.268194093760604
142,"Rockaway Beach Boulevard & Beach 102nd Street","Sat",1,0.153846153846154,0,0.51160361779239
142,"Rockaway Beach Boulevard & Beach 102nd Street","Sat",2,0.102564102564103,0,0.444000222000167
142,"Rockaway Beach Boulevard & Beach 102nd Street","Sat",3,0.102564102564103,0,0.413717501638704
142,"Rockaway Beach Boulevard & Beach 102nd Street","Sat",4,0.102564102564103,0,0.345273977030009
142,"Rockaway Beach Boulevard & Beach 102nd Street","Sat",5,0.0769230769230769,0,0.312893109387372
142,"Rockaway Beach Boulevard & Beach 102nd Street","Sat",6,0.0769230769230769,0,0.351960401005744
142,"Rockaway Beach Boulevard & Beach 102nd Street","Sat",7,0.0641025641025641,0,0.372417291079024
142,"Rockaway Beach Boulevard & Beach 102nd Street","Sat",8,0.0897435897435897,0,0.329734148556998
142,"Rockaway Beach Boulevard & Beach 102nd Street","Sat",9,0.115384615384615,0,0.42581531362632
142,"Rockaway Beach Boulevard & Beach 102nd Street","Sat",10,0.0512820512820513,0,0.222000111000083
142,"Rockaway Beach Boulevard & Beach 102nd Street","Sat",11,0.0384615384615385,0,0.193552415284691
142,"Rockaway Beach Boulevard & Beach 102nd Street","Sat",12,0.153846153846154,0,0.428737896407798
142,"Rockaway Beach Boulevard & Beach 102nd Street","Sat",13,0.192307692307692,0,0.511115213272665
142,"Rockaway Beach Boulevard & Beach 102nd Street","Sat",14,0.166666666666667,0,0.375090176747727
142,"Rockaway Beach Boulevard & Beach 102nd Street","Sat",15,0.0384615384615385,0,0.193552415284691
142,"Rockaway Beach Boulevard & Beach 102nd Street","Sat",16,0.102564102564103,0,0.345273977030009
142,"Rockaway Beach Boulevard & Beach 102nd Street","Sat",17,0.0641025641025641,0,0.294527735105858
142,"Rockaway Beach Boulevard & Beach 102nd Street","Sat",18,0.115384615384615,0,0.482976949001434
142,"Rockaway Beach Boulevard & Beach 102nd Street","Sat",19,0.115384615384615,0,0.42581531362632
142,"Rockaway Beach Boulevard & Beach 102nd Street","Sat",20,0.205128205128205,0,0.465957312547209
142,"Rockaway Beach Boulevard & Beach 102nd Street","Sat",21,0.192307692307692,0,0.485040962460631
142,"Rockaway Beach Boulevard & Beach 102nd Street","Sat",22,0.141025641025641,0,0.385596484274233
142,"Rockaway Beach Boulevard & Beach 102nd Street","Sat",23,0.128205128205128,0,0.406408864529509
145,"Rockaway Beach Boulevard & Beach 118th Street","Sun",0,2.87179487179487,2,1.83302301130492
145,"Rockaway Beach Boulevard & Beach 118th Street","Sun",1,1.8974358974359,1,1.96455436663734
145,"Rockaway Beach Boulevard & Beach 118th Street","Sun",2,0.551282051282051,0,0.975644121532771
145,"Rockaway Beach Boulevard & Beach 118th Street","Sun",3,0.397435897435897,0,0.857961092414589
145,"Rockaway Beach Boulevard & Beach 118th Street","Sun",4,0.153846153846154,0,0.560077060489281
145,"Rockaway Beach Boulevard & Beach 118th Street","Sun",5,0.333333333333333,0,0.906923823984585
145,"Rockaway Beach Boulevard & Beach 118th Street","Sun",6,0.128205128205128,0,0.566579492227102
145,"Rockaway Beach Boulevard & Beach 118th Street","Sun",7,0.205128205128205,0,0.631612538613982
145,"Rockaway Beach Boulevard & Beach 118th Street","Sun",8,0.166666666666667,0,0.63279767732894
145,"Rockaway Beach Boulevard & Beach 118th Street","Sun",9,0.269230769230769,0,0.732777617673354
145,"Rockaway Beach Boulevard & Beach 118th Street","Sun",10,0.346153846153846,0,0.85016305658222
145,"Rockaway Beach Boulevard & Beach 118th Street","Sun",11,0.551282051282051,0,1.06475332058634
145,"Rockaway Beach Boulevard & Beach 118th Street","Sun",12,1.53846153846154,1,1.49190288751454
145,"Rockaway Beach Boulevard & Beach 118th Street","Sun",13,1.94871794871795,2,1.27816260064971
145,"Rockaway Beach Boulevard & Beach 118th Street","Sun",14,3.44871794871795,3,2.07425427624744
145,"Rockaway Beach Boulevard & Beach 118th Street","Sun",15,3.02564102564103,2,1.99332886733724
145,"Rockaway Beach Boulevard & Beach 118th Street","Sun",16,3.12820512820513,3,1.79724879471464
145,"Rockaway Beach Boulevard & Beach 118th Street","Sun",17,2.69230769230769,2,1.47980072638521
145,"Rockaway Beach Boulevard & Beach 118th Street","Sun",18,3.16666666666667,3,1.90976075653108
145,"Rockaway Beach Boulevard & Beach 118th Street","Sun",19,2.69230769230769,2,1.81843155128075
145,"Rockaway Beach Boulevard & Beach 118th Street","Sun",20,2.87179487179487,3,1.39906252804367
145,"Rockaway Beach Boulevard & Beach 118th Street","Sun",21,3.19230769230769,2.5,2.50743151196853
145,"Rockaway Beach Boulevard & Beach 118th Street","Sun",22,2.82051282051282,3,1.47484174580128
145,"Rockaway Beach Boulevard & Beach 118th Street","Sun",23,2.75641025641026,2.5,1.58880742203359
145,"Rockaway Beach Boulevard & Beach 118th Street","Mon",0,2.60759493670886,2,1.9042309270579
145,"Rockaway Beach Boulevard & Beach 118th Street","Mon",1,1.83544303797468,1,2.20390317942459
145,"Rockaway Beach Boulevard & Beach 118th Street","Mon",2,0.430379746835443,0,0.995934611999915
145,"Rockaway Beach Boulevard & Beach 118th Street","Mon",3,0.316455696202532,0,0.68956143248144
145,"Rockaway Beach Boulevard & Beach 118th Street","Mon",4,0.240506329113924,0,0.624606334964173
145,"Rockaway Beach Boulevard & Beach 118th Street","Mon",5,0.30379746835443,0,0.867569998354479
145,"Rockaway Beach Boulevard & Beach 118th Street","Mon",6,0.164556962025316,0,0.6082842568227
145,"Rockaway Beach Boulevard & Beach 118th Street","Mon",7,0.329113924050633,0,0.796169016126307
145,"Rockaway Beach Boulevard & Beach 118th Street","Mon",8,0.189873417721519,0,0.60076765778735
145,"Rockaway Beach Boulevard & Beach 118th Street","Mon",9,1.69620253164557,2,1.4880242483183
145,"Rockaway Beach Boulevard & Beach 118th Street","Mon",10,1.70886075949367,2,0.93578294018044
145,"Rockaway Beach Boulevard & Beach 118th Street","Mon",11,2.16455696202532,2,1.23444558039004
145,"Rockaway Beach Boulevard & Beach 118th Street","Mon",12,2.46835443037975,2,1.509248777627
145,"Rockaway Beach Boulevard & Beach 118th Street","Mon",13,2.21518987341772,2,1.33657509190707
145,"Rockaway Beach Boulevard & Beach 118th Street","Mon",14,2.32911392405063,2,1.30797866158535
145,"Rockaway Beach Boulevard & Beach 118th Street","Mon",15,2.51898734177215,2,1.43098280279289
145,"Rockaway Beach Boulevard & Beach 118th Street","Mon",16,2.36708860759494,2,1.43381520096196
145,"Rockaway Beach Boulevard & Beach 118th Street","Mon",17,2.41772151898734,2,1.38311794680982
145,"Rockaway Beach Boulevard & Beach 118th Street","Mon",18,2.16455696202532,2,1.32462263370129
145,"Rockaway Beach Boulevard & Beach 118th Street","Mon",19,2.21518987341772,2,1.5497798526536
145,"Rockaway Beach Boulevard & Beach 118th Street","Mon",20,2.49367088607595,2,1.8318648038341
145,"Rockaway Beach Boulevard & Beach 118th Street","Mon",21,1.92405063291139,2,1.48299897037098
145,"Rockaway Beach Boulevard & Beach 118th Street","Mon",22,2.36708860759494,2,1.47784679812039
145,"Rockaway Beach Boulevard & Beach 118th Street","Mon",23,2.58227848101266,2,1.3359678613583
145,"Rockaway Beach Boulevard & Beach 118th Street","Tue",0,2.25641025641026,2,1.49836185385515
145,"Rockaway Beach Boulevard & Beach 118th Street","Tue",1,2.20512820512821,2,1.42663871926218
145,"Rockaway Beach Boulevard & Beach 118th Street","Tue",2,0.833333333333333,0,1.14434427054266
145,"Rockaway Beach Boulevard & Beach 118th Street","Tue",3,0.243589743589744,0,0.648392566592894
145,"Rockaway Beach Boulevard & Beach 118th Street","Tue",4,0.230769230769231,0,0.682300861449306
145,"Rockaway Beach Boulevard & Beach 118th Street","Tue",5,0.333333333333333,0,1.07711334601943
145,"Rockaway Beach Boulevard & Beach 118th Street","Tue",6,0.346153846153846,0,0.752949577948662
145,"Rockaway Beach Boulevard & Beach 118th Street","Tue",7,0.205128205128205,0,0.690547954060018
145,"Rockaway Beach Boulevard & Beach 118th Street","Tue",8,0.153846153846154,0,0.536388187521209
145,"Rockaway Beach Boulevard & Beach 118th Street","Tue",9,1.53846153846154,2,1.26585844484982
145,"Rockaway Beach Boulevard & Beach 118th Street","Tue",10,1.80769230769231,2,0.868760758060155
145,"Rockaway Beach Boulevard & Beach 118th Street","Tue",11,2.08974358974359,2,1.04677485436821
145,"Rockaway Beach Boulevard & Beach 118th Street","Tue",12,1.98717948717949,2,1.21134882150682
145,"Rockaway Beach Boulevard & Beach 118th Street","Tue",13,2.57692307692308,2,1.42809682425966
145,"Rockaway Beach Boulevard & Beach 118th Street","Tue",14,2.52564102564103,2,1.43901444425085
145,"Rockaway Beach Boulevard & Beach 118th Street","Tue",15,2.62820512820513,2,1.23907144075636
145,"Rockaway Beach Boulevard & Beach 118th Street","Tue",16,2.58974358974359,2,1.58266500082251
145,"Rockaway Beach Boulevard & Beach 118th Street","Tue",17,2.41025641025641,2,1.07432730309676
145,"Rockaway Beach Boulevard & Beach 118th Street","Tue",18,2.46153846153846,2,1.54324929341257
145,"Rockaway Beach Boulevard & Beach 118th Street","Tue",19,2.34615384615385,2,1.19334652305017
145,"Rockaway Beach Boulevard & Beach 118th Street","Tue",20,2.24358974358974,2,1.60507229627113
145,"Rockaway Beach Boulevard & Beach 118th Street","Tue",21,1.96153846153846,2,1.31368726330669
145,"Rockaway Beach Boulevard & Beach 118th Street","Tue",22,2.47435897435897,2,1.30657039884049
145,"Rockaway Beach Boulevard & Beach 118th Street","Tue",23,2.24358974358974,2,1.40671762584197
145,"Rockaway Beach Boulevard & Beach 118th Street","Wed",0,1.91025641025641,2,1.03429375409676
145,"Rockaway Beach Boulevard & Beach 118th Street","Wed",1,1.87179487179487,2,1.25210445561286
145,"Rockaway Beach Boulevard & Beach 118th Street","Wed",2,0.987179487179487,1,1.11067535022604
145,"Rockaway Beach Boulevard & Beach 118th Street","Wed",3,0.41025641025641,0,0.917872999107635
145,"Rockaway Beach Boulevard & Beach 118th Street","Wed",4,0.307692307692308,0,0.842193985546506
145,"Rockaway Beach Boulevard & Beach 118th Street","Wed",5,0.269230769230769,0,0.800536782952002
145,"Rockaway Beach Boulevard & Beach 118th Street","Wed",6,0.217948717948718,0,0.732323040943704
145,"Rockaway Beach Boulevard & Beach 118th Street","Wed",7,0.333333333333333,0,0.862895558331798
145,"Rockaway Beach Boulevard & Beach 118th Street","Wed",8,0.282051282051282,0,0.820158931342378
145,"Rockaway Beach Boulevard & Beach 118th Street","Wed",9,1.46153846153846,2,1.29627145317626
145,"Rockaway Beach Boulevard & Beach 118th Street","Wed",10,1.73076923076923,2,0.907015613248924
145,"Rockaway Beach Boulevard & Beach 118th Street","Wed",11,1.96153846153846,2,1.08642518394949
145,"Rockaway Beach Boulevard & Beach 118th Street","Wed",12,2.37179487179487,2,1.48681630022767
145,"Rockaway Beach Boulevard & Beach 118th Street","Wed",13,2.56410256410256,2,1.67168740933788
145,"Rockaway Beach Boulevard & Beach 118th Street","Wed",14,2.84615384615385,2,1.96116135138184
145,"Rockaway Beach Boulevard & Beach 118th Street","Wed",15,2.41025641025641,2,1.15585350974824
145,"Rockaway Beach Boulevard & Beach 118th Street","Wed",16,2.48717948717949,2,1.36508969063203
145,"Rockaway Beach Boulevard & Beach 118th Street","Wed",17,2.3974358974359,2,1.25190497533402
145,"Rockaway Beach Boulevard & Beach 118th Street","Wed",18,2.15384615384615,2,1.31007011884239
145,"Rockaway Beach Boulevard & Beach 118th Street","Wed",19,2.02564102564103,2,1.23765969951418
145,"Rockaway Beach Boulevard & Beach 118th Street","Wed",20,2.26923076923077,2,1.43855155258008
145,"Rockaway Beach Boulevard & Beach 118th Street","Wed",21,2.11538461538462,2,1.62752915453185
145,"Rockaway Beach Boulevard & Beach 118th Street","Wed",22,2.66666666666667,2,1.52610757451902
145,"Rockaway Beach Boulevard & Beach 118th Street","Wed",23,2.20512820512821,2,1.35185273883875
145,"Rockaway Beach Boulevard & Beach 118th Street","Thu",0,2.37179487179487,2,1.53833249542057
145,"Rockaway Beach Boulevard & Beach 118th Street","Thu",1,2.15384615384615,2,1.22820662288212
145,"Rockaway Beach Boulevard & Beach 118th Street","Thu",2,1,0,1.4858641283079
145,"Rockaway Beach Boulevard & Beach 118th Street","Thu",3,0.525641025641026,0,0.949700690708078
145,"Rockaway Beach Boulevard & Beach 118th Street","Thu",4,0.243589743589744,0,0.628043704242702
145,"Rockaway Beach Boulevard & Beach 118th Street","Thu",5,0.230769230769231,0,0.622585245257537
145,"Rockaway Beach Boulevard & Beach 118th Street","Thu",6,0.346153846153846,0,0.786689976344633
145,"Rockaway Beach Boulevard & Beach 118th Street","Thu",7,0.17948717948718,0,0.552293676433385
145,"Rockaway Beach Boulevard & Beach 118th Street","Thu",8,0.205128205128205,0,0.566579492227102
145,"Rockaway Beach Boulevard & Beach 118th Street","Thu",9,1.28205128205128,1,1.13843633815743
145,"Rockaway Beach Boulevard & Beach 118th Street","Thu",10,1.75641025641026,1.5,1.1972468139026
145,"Rockaway Beach Boulevard & Beach 118th Street","Thu",11,1.93589743589744,2,1.03622370835625
145,"Rockaway Beach Boulevard & Beach 118th Street","Thu",12,2.32051282051282,2,1.21134882150682
145,"Rockaway Beach Boulevard & Beach 118th Street","Thu",13,2.32051282051282,2,1.09892024625343
145,"Rockaway Beach Boulevard & Beach 118th Street","Thu",14,2.33333333333333,2,1.28595476346552
145,"Rockaway Beach Boulevard & Beach 118th Street","Thu",15,2.8974358974359,3,1.69483358252687
145,"Rockaway Beach Boulevard & Beach 118th Street","Thu",16,2.44871794871795,2,1.30580557707807
145,"Rockaway Beach Boulevard & Beach 118th Street","Thu",17,2.5,2,1.66515082581947
145,"Rockaway Beach Boulevard & Beach 118th Street","Thu",18,2.38461538461538,2,1.40713182752007
145,"Rockaway Beach Boulevard & Beach 118th Street","Thu",19,2.48717948717949,2,1.32648926100959
145,"Rockaway Beach Boulevard & Beach 118th Street","Thu",20,2.26923076923077,2,1.42949520581796
145,"Rockaway Beach Boulevard & Beach 118th Street","Thu",21,1.91025641025641,2,1.31114996057439
145,"Rockaway Beach Boulevard & Beach 118th Street","Thu",22,2.75641025641026,2,1.67631241420664
145,"Rockaway Beach Boulevard & Beach 118th Street","Thu",23,2.61538461538462,3,1.39787193764163
145,"Rockaway Beach Boulevard & Beach 118th Street","Fri",0,2.5,2,1.63365576815655
145,"Rockaway Beach Boulevard & Beach 118th Street","Fri",1,2.12820512820513,2,1.3614256694656
145,"Rockaway Beach Boulevard & Beach 118th Street","Fri",2,0.91025641025641,0,1.28109021586777
145,"Rockaway Beach Boulevard & Beach 118th Street","Fri",3,0.346153846153846,0,0.770004605770052
145,"Rockaway Beach Boulevard & Beach 118th Street","Fri",4,0.141025641025641,0,0.476032274753222
145,"Rockaway Beach Boulevard & Beach 118th Street","Fri",5,0.243589743589744,0,0.628043704242702
145,"Rockaway Beach Boulevard & Beach 118th Street","Fri",6,0.307692307692308,0,0.794587082306673
145,"Rockaway Beach Boulevard & Beach 118th Street","Fri",7,0.282051282051282,0,0.820158931342378
145,"Rockaway Beach Boulevard & Beach 118th Street","Fri",8,0.294871794871795,0,0.884336633896438
145,"Rockaway Beach Boulevard & Beach 118th Street","Fri",9,1.3974358974359,1,1.33231312950758
145,"Rockaway Beach Boulevard & Beach 118th Street","Fri",10,2.62820512820513,3,1.12940593922547
145,"Rockaway Beach Boulevard & Beach 118th Street","Fri",11,2.25641025641026,2,1.22140963310492
145,"Rockaway Beach Boulevard & Beach 118th Street","Fri",12,2.85897435897436,2.5,1.68047889722225
145,"Rockaway Beach Boulevard & Beach 118th Street","Fri",13,2.66666666666667,2,1.37384347268744
145,"Rockaway Beach Boulevard & Beach 118th Street","Fri",14,3.01282051282051,3,1.81975872343611
145,"Rockaway Beach Boulevard & Beach 118th Street","Fri",15,2.53846153846154,2,1.29627145317625
145,"Rockaway Beach Boulevard & Beach 118th Street","Fri",16,2.75641025641026,3,1.55576763059684
145,"Rockaway Beach Boulevard & Beach 118th Street","Fri",17,2.38461538461538,2,1.11926192320978
145,"Rockaway Beach Boulevard & Beach 118th Street","Fri",18,2.65384615384615,2,1.43089222076736
145,"Rockaway Beach Boulevard & Beach 118th Street","Fri",19,2.42307692307692,2,1.38187930355383
145,"Rockaway Beach Boulevard & Beach 118th Street","Fri",20,2.37179487179487,2,1.42436109494908
145,"Rockaway Beach Boulevard & Beach 118th Street","Fri",21,1.96153846153846,2,1.4984174135583
145,"Rockaway Beach Boulevard & Beach 118th Street","Fri",22,2.33333333333333,2,1.55142721612276
145,"Rockaway Beach Boulevard & Beach 118th Street","Fri",23,2.92307692307692,2,2.09990247620941
145,"Rockaway Beach Boulevard & Beach 118th Street","Sat",0,2.25641025641026,2,1.28362208133299
145,"Rockaway Beach Boulevard & Beach 118th Street","Sat",1,2.35897435897436,2,1.55400077700058
145,"Rockaway Beach Boulevard & Beach 118th Street","Sat",2,0.961538461538462,0.5,1.18915344429805
145,"Rockaway Beach Boulevard & Beach 118th Street","Sat",3,0.333333333333333,0,0.767296936488469
145,"Rockaway Beach Boulevard & Beach 118th Street","Sat",4,0.525641025641026,0,1.13646020235721
145,"Rockaway Beach Boulevard & Beach 118th Street","Sat",5,0.397435897435897,0,0.887719149306405
145,"Rockaway Beach Boulevard & Beach 118th Street","Sat",6,0.384615384615385,0,1.05965896536439
145,"Rockaway Beach Boulevard & Beach 118th Street","Sat",7,0.294871794871795,0,0.757798834954947
145,"Rockaway Beach Boulevard & Beach 118th Street","Sat",8,0.282051282051282,0,0.70060152072522
145,"Rockaway Beach Boulevard & Beach 118th Street","Sat",9,0.282051282051282,0,0.924380254267071
145,"Rockaway Beach Boulevard & Beach 118th Street","Sat",10,0.307692307692308,0,0.778071079911472
145,"Rockaway Beach Boulevard & Beach 118th Street","Sat",11,0.602564102564103,0,1.07316431718617
145,"Rockaway Beach Boulevard & Beach 118th Street","Sat",12,1.52564102564103,1,1.61747244681853
145,"Rockaway Beach Boulevard & Beach 118th Street","Sat",13,2.30769230769231,2,1.61412347898003
145,"Rockaway Beach Boulevard & Beach 118th Street","Sat",14,3.30769230769231,3,1.80409125455041
145,"Rockaway Beach Boulevard & Beach 118th Street","Sat",15,3,3,1.82336922335421
145,"Rockaway Beach Boulevard & Beach 118th Street","Sat",16,3.15384615384615,3,1.82391702845095
145,"Rockaway Beach Boulevard & Beach 118th Street","Sat",17,3.12820512820513,3,2.02810752013302
145,"Rockaway Beach Boulevard & Beach 118th Street","Sat",18,2.98717948717949,3,1.91028378760438
145,"Rockaway Beach Boulevard & Beach 118th Street","Sat",19,2.98717948717949,3,1.82688145140724
145,"Rockaway Beach Boulevard & Beach 118th Street","Sat",20,2.73076923076923,2,1.60091756906377
145,"Rockaway Beach Boulevard & Beach 118th Street","Sat",21,3.23076923076923,3,2.27877317713001
145,"Rockaway Beach Boulevard & Beach 118th Street","Sat",22,2.80769230769231,3,1.62014663684344
145,"Rockaway Beach Boulevard & Beach 118th Street","Sat",23,2.79487179487179,2,1.78273811261082
