{
"type": "FeatureCollection",
"name": "routes_processed",
"crs": { "type": "name", "properties": { "name": "urn:ogc:def:crs:OGC:1.3:CRS84" } },
"features": [
{ "type": "Feature", "properties": { "Id": 0, "shape_id": "107", "route_id": "AS", "agency_id": "1", "short_name": "AS", "long_name": "Astoria", "route_type": "4", "color": "#FE5000", "text_color": "FFFFFF", "rt_tp_txt": "Ferry", "direction": "NB" }, "geometry": { "type": "LineString", "coordinates": [ [ -74.006689, 40.703647 ], [ -74.006349179687504, 40.703345623046872 ], [ -74.006165827148436, 40.70320049511718 ], [ -74.006025668945313, 40.703111157226559 ], [ -74.005890947265627, 40.703044123046865 ], [ -74.005761662109379, 40.702999392578121 ], [ -74.00562522753907, 40.702965803710939 ], [ -74.005481643554702, 40.702943356445317 ], [ -74.00533091015626, 40.70293205078125 ], [ -74.005173027343744, 40.702931886718744 ], [ -74.005003799804683, 40.702939143554687 ], [ -74.004823227539063, 40.702953821289057 ], [ -74.00463131054687, 40.702975919921876 ], [ -74.004428048828132, 40.703005439453122 ], [ -74.00421344238282, 40.703042379882817 ], [ -74.003987491210935, 40.703086741210939 ], [ -74.003750195312506, 40.703138523437502 ], [ -74.003501554687503, 40.703197726562507 ], [ -74.003240170898437, 40.703263110351571 ], [ -74.002966043945321, 40.703334674804694 ], [ -74.002679173828142, 40.703412419921875 ], [ -74.002379560546871, 40.70349634570313 ], [ -74.002067204101564, 40.703586452148436 ], [ -74.001742104492195, 40.703682739257815 ], [ -74.001404261718761, 40.703785207031252 ], [ -74.001053675781236, 40.703893855468749 ], [ -74.000690346679676, 40.704008684570312 ], [ -74.000314274414052, 40.704129694335933 ], [ -73.999925458984364, 40.70425688476562 ], [ -73.999523900390614, 40.704390255859373 ], [ -73.999109598632799, 40.704529807617192 ], [ -73.998682553710921, 40.704675540039062 ], [ -73.998242765624994, 40.704827453125006 ], [ -73.997790234375003, 40.704985546874994 ], [ -73.99733793066406, 40.705138373046871 ], [ -73.996885854492191, 40.705285931640624 ], [ -73.996434005859385, 40.705428222656252 ], [ -73.995982384765625, 40.705565246093748 ], [ -73.995530991210927, 40.705697001953126 ], [ -73.995079825195319, 40.705823490234373 ], [ -73.994628886718743, 40.705944710937501 ], [ -73.994178175781244, 40.706060664062505 ], [ -73.993727692382805, 40.706171349609377 ], [ -73.993277436523428, 40.706276767578117 ], [ -73.992827408203112, 40.70637691796874 ], [ -73.992377607421872, 40.706471800781244 ], [ -73.991928034179679, 40.706561416015624 ], [ -73.991478688476562, 40.706645763671872 ], [ -73.991029570312492, 40.706724843750003 ], [ -73.990580679687497, 40.706798656249994 ], [ -73.990132016601549, 40.706867201171875 ], [ -73.989683581054678, 40.706930478515623 ], [ -73.989235373046867, 40.706988488281254 ], [ -73.988787392578118, 40.707041230468747 ], [ -73.98833963964843, 40.707088705078121 ], [ -73.987892114257804, 40.707130912109378 ], [ -73.987444816406253, 40.707167851562502 ], [ -73.986997746093749, 40.707199523437495 ], [ -73.986550903320321, 40.70722592773437 ], [ -73.98610428808594, 40.707247064453128 ], [ -73.985657900390635, 40.707262933593753 ], [ -73.985211740234377, 40.707273535156247 ], [ -73.984765807617194, 40.707278869140623 ], [ -73.984320102539073, 40.707278935546881 ], [ -73.983874625, 40.707273734375001 ], [ -73.983429375, 40.707263265625002 ], [ -73.982995154296873, 40.707247939453126 ], [ -73.982571962890631, 40.707227755859371 ], [ -73.982159800781247, 40.707202714843746 ], [ -73.981758667968748, 40.707172816406256 ], [ -73.981368564453135, 40.707138060546882 ], [ -73.980989490234379, 40.707098447265622 ], [ -73.980621445312494, 40.707053976562506 ], [ -73.980264429687509, 40.707004648437504 ], [ -73.979918443359381, 40.706950462890632 ], [ -73.979583486328124, 40.706891419921888 ], [ -73.979259558593753, 40.706827519531259 ], [ -73.978946660156254, 40.70675876171876 ], [ -73.978644791015626, 40.706685146484382 ], [ -73.978353951171883, 40.706606673828134 ], [ -73.978074140625012, 40.706523343750007 ], [ -73.977805359374997, 40.706435156250002 ], [ -73.977547607421883, 40.706342111328127 ], [ -73.97730088476564, 40.706244208984373 ], [ -73.977065191406254, 40.706141449218748 ], [ -73.976840527343754, 40.706033832031252 ], [ -73.976626892578139, 40.705921357421879 ], [ -73.976424287109381, 40.705804025390627 ], [ -73.976232710937495, 40.705681835937504 ], [ -73.976052164062509, 40.705554789062504 ], [ -73.975882646484379, 40.705422884765632 ], [ -73.975724158203121, 40.705286123046882 ], [ -73.975576699218749, 40.705144503906254 ], [ -73.975440269531248, 40.704998027343755 ], [ -73.975314869140618, 40.704846693359379 ], [ -73.975200498046874, 40.704690501953131 ], [ -73.975097156250001, 40.704529453125005 ], [ -73.97500484375, 40.704363546875001 ], [ -73.974918300781255, 40.704208009765622 ], [ -73.974837527343752, 40.704062841796869 ], [ -73.974762523437505, 40.703928042968748 ], [ -73.9746932890625, 40.703803613281252 ], [ -73.974629824218752, 40.703689552734375 ], [ -73.974572128906246, 40.703585861328122 ], [ -73.974520203124996, 40.703492539062495 ], [ -73.974474046875002, 40.703409585937507 ], [ -73.974433660156251, 40.70333700195313 ], [ -73.974399042968741, 40.703274787109379 ], [ -73.974370195312503, 40.703222941406253 ], [ -73.974347117187492, 40.703181464843752 ], [ -73.974329808593751, 40.703150357421876 ], [ -73.974318269531238, 40.703129619140626 ], [ -73.9743125, 40.70311925 ], [ -73.9743125, 40.70311925 ], [ -73.974318269531238, 40.703129619140626 ], [ -73.974329808593751, 40.703150357421876 ], [ -73.974347117187492, 40.703181464843752 ], [ -73.974370195312503, 40.703222941406253 ], [ -73.974399042968741, 40.703274787109379 ], [ -73.974433660156251, 40.70333700195313 ], [ -73.974474046875002, 40.703409585937507 ], [ -73.974520203124996, 40.703492539062495 ], [ -73.974572128906246, 40.703585861328122 ], [ -73.974629824218752, 40.703689552734375 ], [ -73.9746932890625, 40.703803613281252 ], [ -73.974762523437505, 40.703928042968748 ], [ -73.974837527343752, 40.704062841796869 ], [ -73.974918300781255, 40.704208009765622 ], [ -73.97500484375, 40.704363546875001 ], [ -73.975097156250001, 40.704529453125005 ], [ -73.975183899414063, 40.704693160156253 ], [ -73.975265073242184, 40.70485466796876 ], [ -73.97534067773438, 40.705013976562505 ], [ -73.975410712890621, 40.705171085937508 ], [ -73.975475178710937, 40.705325996093762 ], [ -73.975534075195313, 40.705478707031261 ], [ -73.975587402343749, 40.705629218750005 ], [ -73.975635160156259, 40.705777531250007 ], [ -73.975677348632814, 40.705923644531254 ], [ -73.975713967773444, 40.706067558593752 ], [ -73.975745017578134, 40.706209273437501 ], [ -73.97577049804687, 40.70634878906251 ], [ -73.975790409179695, 40.706486105468755 ], [ -73.975804750976579, 40.70662122265626 ], [ -73.975813523437509, 40.706754140625009 ], [ -73.975816726562499, 40.706884859375009 ], [ -73.975814360351563, 40.707013378906261 ], [ -73.975806424804688, 40.707139699218757 ], [ -73.975792919921872, 40.707263820312512 ], [ -73.975773845703131, 40.707385742187505 ], [ -73.97574920214845, 40.707505464843756 ], [ -73.975718989257814, 40.707622988281258 ], [ -73.975683207031253, 40.707738312500005 ], [ -73.975641855468751, 40.707851437500004 ], [ -73.975594934570324, 40.707962363281254 ], [ -73.975542444335943, 40.708071089843749 ], [ -73.975484384765636, 40.708177617187502 ], [ -73.975420755859389, 40.7082819453125 ], [ -73.975351557617202, 40.708384074218749 ], [ -73.975276790039075, 40.70848400390625 ], [ -73.975196453125008, 40.708581734374995 ], [ -73.975110546875001, 40.708677265625006 ], [ -73.975023447265627, 40.708780873046877 ], [ -73.974935154296872, 40.708892556640627 ], [ -73.974845667968751, 40.709012316406252 ], [ -73.974754988281262, 40.70914015234375 ], [ -73.974663115234392, 40.709276064453128 ], [ -73.974570048828127, 40.709420052734373 ], [ -73.97447578906251, 40.709572117187498 ], [ -73.974380335937497, 40.709732257812497 ], [ -73.974283689453131, 40.70990047460937 ], [ -73.97418584960937, 40.710076767578123 ], [ -73.974086816406242, 40.710261136718749 ], [ -73.973986589843747, 40.710453582031242 ], [ -73.973885169921871, 40.710654103515623 ], [ -73.973782556640629, 40.71086270117187 ], [ -73.97367875, 40.711079375 ], [ -73.97357375, 40.711304125 ], [ -73.973467556640628, 40.711536951171873 ], [ -73.973360169921875, 40.711777853515628 ], [ -73.973251589843755, 40.712026832031249 ], [ -73.973141816406269, 40.712283886718751 ], [ -73.973030849609387, 40.712549017578127 ], [ -73.972918689453124, 40.712822224609376 ], [ -73.972805335937494, 40.713103507812498 ], [ -73.972690789062511, 40.713392867187501 ], [ -73.972575048828134, 40.713690302734371 ], [ -73.97245811523436, 40.713995814453121 ], [ -73.972339988281249, 40.714309402343751 ], [ -73.972220667968742, 40.714631066406248 ], [ -73.972100154296868, 40.714960806640626 ], [ -73.971978447265627, 40.715298623046877 ], [ -73.971855546874991, 40.715644515625002 ], [ -73.971731453125003, 40.715998484375 ], [ -73.971608813476564, 40.716362339843748 ], [ -73.97148762792969, 40.716736082031254 ], [ -73.971367896484381, 40.717119710937503 ], [ -73.971249619140622, 40.717513226562502 ], [ -73.971132795898441, 40.717916628906252 ], [ -73.971017426757811, 40.718329917968759 ], [ -73.970903511718745, 40.718753093750003 ], [ -73.970791050781258, 40.719186156250004 ], [ -73.970680043945322, 40.719629105468748 ], [ -73.970570491210935, 40.720081941406256 ], [ -73.970462392578128, 40.720544664062501 ], [ -73.97035574804687, 40.721017273437504 ], [ -73.970250557617192, 40.721499769531249 ], [ -73.970146821289063, 40.721992152343759 ], [ -73.970044539062499, 40.722494421875005 ], [ -73.9699437109375, 40.723006578125002 ], [ -73.969844336914065, 40.723528621093749 ], [ -73.969746416992194, 40.724060550781253 ], [ -73.969649951171874, 40.724602367187501 ], [ -73.969554939453133, 40.725154070312506 ], [ -73.969461381835941, 40.725715660156254 ], [ -73.969369278320329, 40.726287136718753 ], [ -73.969278628906267, 40.7268685 ], [ -73.969189433593755, 40.72745975 ], [ -73.969101692382822, 40.728060886718751 ], [ -73.969015405273453, 40.728671910156251 ], [ -73.968930572265634, 40.729292820312502 ], [ -73.96884719335938, 40.729923617187502 ], [ -73.968765268554691, 40.730564300781253 ], [ -73.968684797851566, 40.731214871093755 ], [ -73.968605781250005, 40.731875328125 ], [ -73.968528218749995, 40.732545671875002 ], [ -73.968456403320303, 40.733196020507805 ], [ -73.968390334960944, 40.733826374023437 ], [ -73.968330013671874, 40.734436732421869 ], [ -73.968275439453123, 40.735027095703131 ], [ -73.96822661230469, 40.735597463867194 ], [ -73.968183532226547, 40.736147836914064 ], [ -73.968146199218737, 40.736678214843749 ], [ -73.968114613281259, 40.737188597656257 ], [ -73.96808877441407, 40.737678985351565 ], [ -73.968068682617186, 40.738149377929695 ], [ -73.968054337890621, 40.738599775390625 ], [ -73.968045740234373, 40.739030177734378 ], [ -73.96804288964843, 40.739440584960931 ], [ -73.968045786132805, 40.739830997070314 ], [ -73.968054429687498, 40.740201414062497 ], [ -73.968068820312482, 40.740551835937495 ], [ -73.968088958007797, 40.740882262695308 ], [ -73.968114842773431, 40.741192694335936 ], [ -73.96814647460937, 40.741483130859379 ], [ -73.968183853515612, 40.741753572265623 ], [ -73.968226979492172, 40.742004018554688 ], [ -73.968275852539065, 40.742234469726561 ], [ -73.968330472656248, 40.74244492578125 ], [ -73.96839083984375, 40.742635386718753 ], [ -73.968456954101569, 40.742805852539064 ], [ -73.968528815429679, 40.742956323242197 ], [ -73.96860642382812, 40.743086798828131 ], [ -73.968689779296881, 40.743197279296879 ], [ -73.968778881835945, 40.743287764648443 ], [ -73.968873731445314, 40.743358254882821 ], [ -73.968974328125, 40.74340875 ], [ -73.969080671875005, 40.74343925 ], [ -73.969180369140631, 40.743467843749997 ], [ -73.969273419921876, 40.743494531250008 ], [ -73.969359824218756, 40.743519312500005 ], [ -73.969439582031256, 40.743542187500005 ], [ -73.969512693359377, 40.743563156250005 ], [ -73.969579158203132, 40.743582218749999 ], [ -73.969638976562507, 40.743599375 ], [ -73.969692148437503, 40.743614625 ], [ -73.969738673828132, 40.743627968750005 ], [ -73.969778552734383, 40.743639406249997 ], [ -73.969811785156253, 40.743648937499998 ], [ -73.969838371093758, 40.7436565625 ], [ -73.969858310546883, 40.743662281249996 ], [ -73.969871603515628, 40.743666093750001 ], [ -73.96987825, 40.743668 ], [ -73.96987825, 40.743668 ], [ -73.969871603515628, 40.743666093750001 ], [ -73.969858310546883, 40.743662281249996 ], [ -73.969838371093758, 40.7436565625 ], [ -73.969811785156253, 40.743648937499998 ], [ -73.969778552734383, 40.743639406249997 ], [ -73.969738673828132, 40.743627968750005 ], [ -73.969692148437503, 40.743614625 ], [ -73.969638976562507, 40.743599375 ], [ -73.969579158203132, 40.743582218749999 ], [ -73.969512693359377, 40.743563156250005 ], [ -73.969439582031256, 40.743542187500005 ], [ -73.969359824218756, 40.743519312500005 ], [ -73.969273419921876, 40.743494531250008 ], [ -73.969180369140631, 40.743467843749997 ], [ -73.969080671875005, 40.74343925 ], [ -73.968974328125, 40.74340875 ], [ -73.968863317382812, 40.74338569726563 ], [ -73.968747639648441, 40.743370091796876 ], [ -73.968627294921873, 40.743361933593754 ], [ -73.968502283203122, 40.743361222656254 ], [ -73.968372604492188, 40.743367958984379 ], [ -73.968238258789057, 40.743382142578128 ], [ -73.968099246093743, 40.7434037734375 ], [ -73.96795556640626, 40.743432851562503 ], [ -73.967807219726581, 40.743469376953129 ], [ -73.967654206054704, 40.743513349609373 ], [ -73.967496525390629, 40.743564769531247 ], [ -73.967334177734386, 40.743623636718752 ], [ -73.967167163085946, 40.743689951171881 ], [ -73.966995481445309, 40.743763712890626 ], [ -73.966819132812503, 40.743844921875002 ], [ -73.9666381171875, 40.743933578125002 ], [ -73.966452434570314, 40.744029681640626 ], [ -73.966262084960931, 40.744133232421881 ], [ -73.966067068359365, 40.744244230468752 ], [ -73.965867384765616, 40.744362675781247 ], [ -73.96566303417967, 40.744488568359372 ], [ -73.965454016601541, 40.744621908203129 ], [ -73.965240332031243, 40.744762695312502 ], [ -73.965021980468734, 40.744910929687499 ], [ -73.964798961914056, 40.745066611328127 ], [ -73.964571276367167, 40.745229740234379 ], [ -73.964338923828109, 40.745400316406254 ], [ -73.964101904296868, 40.745578339843753 ], [ -73.96386021777343, 40.745763810546876 ], [ -73.963613864257809, 40.74595672851563 ], [ -73.963362843750005, 40.74615709375 ], [ -73.96310715624999, 40.746364906250001 ], [ -73.962858071289062, 40.746565085937497 ], [ -73.962615588867195, 40.746757632812503 ], [ -73.962379708984386, 40.746942546874998 ], [ -73.962150431640637, 40.747119828125001 ], [ -73.961927756835948, 40.7472894765625 ], [ -73.961711684570318, 40.747451492187494 ], [ -73.961502214843748, 40.747605875 ], [ -73.961299347656265, 40.747752625 ], [ -73.961103083007828, 40.747891742187505 ], [ -73.960913420898436, 40.748023226562502 ], [ -73.960730361328132, 40.748147078125001 ], [ -73.960553904296873, 40.748263296875002 ], [ -73.960384049804688, 40.748371882812499 ], [ -73.960220797851562, 40.748472835937498 ], [ -73.960064148437496, 40.74856615625 ], [ -73.959914101562504, 40.748651843750004 ], [ -73.959770657226557, 40.748729898437503 ], [ -73.959633815429683, 40.748800320312512 ], [ -73.959503576171869, 40.748863109375009 ], [ -73.959379939453115, 40.748918265625008 ], [ -73.95926290527342, 40.74896578906251 ], [ -73.959152473632798, 40.7490056796875 ], [ -73.959048644531237, 40.749037937500006 ], [ -73.958951417968763, 40.749062562500001 ], [ -73.95886079394532, 40.749079554687505 ], [ -73.958776772460951, 40.749088914062504 ], [ -73.958699353515641, 40.749090640624999 ], [ -73.958628537109377, 40.749084734375003 ], [ -73.9585643232422, 40.749071195312496 ], [ -73.958506711914069, 40.749050023437505 ], [ -73.958455703124997, 40.749021218750002 ], [ -73.958411296874999, 40.748984781250002 ], [ -73.958369666015614, 40.748950621093755 ], [ -73.958330810546869, 40.748918738281247 ], [ -73.958294730468737, 40.748889132812501 ], [ -73.958261425781245, 40.7488618046875 ], [ -73.958230896484366, 40.748836753906247 ], [ -73.958203142578128, 40.748813980468753 ], [ -73.958178164062502, 40.748793484375 ], [ -73.958155960937489, 40.748775265625 ], [ -73.958136533203117, 40.748759324218753 ], [ -73.958119880859371, 40.748745660156246 ], [ -73.958106003906238, 40.748734273437499 ], [ -73.95809490234376, 40.748725164062499 ], [ -73.95808657617188, 40.748718332031245 ], [ -73.958081025390626, 40.748713777343752 ], [ -73.95807825, 40.7487115 ], [ -73.95807825, 40.7487115 ], [ -73.958081025390626, 40.748713777343752 ], [ -73.95808657617188, 40.748718332031245 ], [ -73.95809490234376, 40.748725164062499 ], [ -73.958106003906238, 40.748734273437499 ], [ -73.958119880859371, 40.748745660156246 ], [ -73.958136533203117, 40.748759324218753 ], [ -73.958155960937489, 40.748775265625 ], [ -73.958178164062502, 40.748793484375 ], [ -73.958203142578128, 40.748813980468753 ], [ -73.958230896484366, 40.748836753906247 ], [ -73.958261425781245, 40.7488618046875 ], [ -73.958294730468737, 40.748889132812501 ], [ -73.958330810546869, 40.748918738281247 ], [ -73.958369666015614, 40.748950621093755 ], [ -73.958411296874999, 40.748984781250002 ], [ -73.958455703124997, 40.749021218750002 ], [ -73.958491033203131, 40.749063146484374 ], [ -73.958517287109373, 40.749110564453133 ], [ -73.958534464843751, 40.749163472656249 ], [ -73.958542566406265, 40.749221871093752 ], [ -73.958541591796887, 40.749285759765627 ], [ -73.958531541015631, 40.749355138671874 ], [ -73.958512414062511, 40.749430007812506 ], [ -73.958484210937485, 40.749510367187497 ], [ -73.958446931640609, 40.749596216796874 ], [ -73.958400576171869, 40.749687556640623 ], [ -73.958345144531236, 40.749784386718751 ], [ -73.958280636718754, 40.749886707031258 ], [ -73.95820705273438, 40.749994517578131 ], [ -73.958124392578128, 40.750107818359375 ], [ -73.958032656249998, 40.750226609375005 ], [ -73.957931843750004, 40.750350890625 ], [ -73.957821955078117, 40.750480662109382 ], [ -73.957702990234367, 40.750615923828121 ], [ -73.957574949218753, 40.750756675781247 ], [ -73.957437832031246, 40.750902917968759 ], [ -73.957291638671876, 40.751054650390628 ], [ -73.957136369140642, 40.751211873046884 ], [ -73.956972023437515, 40.751374585937505 ], [ -73.956798601562497, 40.751542789062505 ], [ -73.956616103515628, 40.751716482421884 ], [ -73.956424529296882, 40.751895666015628 ], [ -73.956223878906258, 40.752080339843758 ], [ -73.956014152343755, 40.752270503906246 ], [ -73.955795349609375, 40.75246615820312 ], [ -73.95556747070313, 40.75266730273438 ], [ -73.955330515625008, 40.752873937499999 ], [ -73.955084484374993, 40.753086062500003 ], [ -73.954847322265621, 40.753291985351559 ], [ -73.954619029296879, 40.753491706054689 ], [ -73.954399605468751, 40.753685224609377 ], [ -73.954189050781252, 40.753872541015625 ], [ -73.953987365234383, 40.754053655273438 ], [ -73.953794548828114, 40.75422856738281 ], [ -73.953610601562502, 40.754397277343749 ], [ -73.953435523437491, 40.754559785156253 ], [ -73.953269314453124, 40.754716090820317 ], [ -73.953111974609371, 40.754866194335939 ], [ -73.952963503906247, 40.755010095703128 ], [ -73.952823902343752, 40.755147794921875 ], [ -73.952693169921872, 40.755279291992188 ], [ -73.952571306640635, 40.755404586914068 ], [ -73.952458312499999, 40.755523679687499 ], [ -73.952354187499992, 40.755636570312504 ], [ -73.952258931640614, 40.75574325878906 ], [ -73.952172544921865, 40.75584374511719 ], [ -73.952095027343745, 40.755938029296871 ], [ -73.952026378906254, 40.756026111328126 ], [ -73.951966599609364, 40.756107991210939 ], [ -73.951915689453116, 40.756183668945312 ], [ -73.951873648437498, 40.75625314453125 ], [ -73.951840476562495, 40.756316417968748 ], [ -73.951816173828135, 40.756373489257811 ], [ -73.951800740234376, 40.756424358398441 ], [ -73.951794175781245, 40.756469025390629 ], [ -73.951796480468758, 40.75650749023437 ], [ -73.951807654296886, 40.756539752929683 ], [ -73.951827697265628, 40.756565813476563 ], [ -73.951856609375, 40.756585671875001 ], [ -73.951894390625, 40.756599328124999 ], [ -73.951929810546872, 40.756612130859374 ], [ -73.95196286914063, 40.756624080078126 ], [ -73.951993566406244, 40.756635175781248 ], [ -73.952021902343759, 40.756645417968748 ], [ -73.952047876953131, 40.756654806640626 ], [ -73.952071490234374, 40.756663341796873 ], [ -73.952092742187503, 40.756671023437498 ], [ -73.952111632812503, 40.7566778515625 ], [ -73.952128162109375, 40.756683826171873 ], [ -73.952142330078132, 40.756688947265623 ], [ -73.952154136718761, 40.75669321484375 ], [ -73.952163582031247, 40.756696628906248 ], [ -73.952170666015633, 40.756699189453123 ], [ -73.952175388671876, 40.756700896484375 ], [ -73.95217775, 40.75670175 ], [ -73.95217775, 40.75670175 ], [ -73.952175388671876, 40.756700896484375 ], [ -73.952170666015633, 40.756699189453123 ], [ -73.952163582031247, 40.756696628906248 ], [ -73.952154136718761, 40.75669321484375 ], [ -73.952142330078132, 40.756688947265623 ], [ -73.952128162109375, 40.756683826171873 ], [ -73.952111632812503, 40.7566778515625 ], [ -73.952092742187503, 40.756671023437498 ], [ -73.952071490234374, 40.756663341796873 ], [ -73.952047876953131, 40.756654806640626 ], [ -73.952021902343759, 40.756645417968748 ], [ -73.951993566406244, 40.756635175781248 ], [ -73.95196286914063, 40.756624080078126 ], [ -73.951929810546872, 40.756612130859374 ], [ -73.951894390625, 40.756599328124999 ], [ -73.951856609375, 40.756585671875001 ], [ -73.951807524414065, 40.756586595703126 ], [ -73.951747135742181, 40.756602099609374 ], [ -73.951675443359377, 40.756632183593752 ], [ -73.951592447265611, 40.756676847656252 ], [ -73.951498147460924, 40.756736091796874 ], [ -73.951392543945303, 40.756809916015627 ], [ -73.951275636718748, 40.756898320312501 ], [ -73.951147425781244, 40.757001304687499 ], [ -73.95100791113282, 40.757118869140626 ], [ -73.950857092773447, 40.757251013671876 ], [ -73.950694970703125, 40.757397738281249 ], [ -73.95052154492187, 40.757559042968751 ], [ -73.950336815429694, 40.757734927734376 ], [ -73.950140782226555, 40.757925392578123 ], [ -73.949933445312496, 40.7581304375 ], [ -73.949714804687488, 40.758350062500007 ], [ -73.949484860351546, 40.758584267578136 ], [ -73.94924361230467, 40.758833052734381 ], [ -73.948991060546859, 40.759096417968756 ], [ -73.948727205078114, 40.75937436328126 ], [ -73.948452045898435, 40.75966688867188 ], [ -73.948165583007807, 40.75997399414063 ], [ -73.947867816406244, 40.760295679687509 ], [ -73.947558746093748, 40.760631945312504 ], [ -73.947238372070302, 40.760982791015628 ], [ -73.946906694335922, 40.761348216796883 ], [ -73.946563712890622, 40.761728222656252 ], [ -73.946209427734374, 40.762122808593752 ], [ -73.945843838867177, 40.762531974609381 ], [ -73.945466946289059, 40.762955720703125 ], [ -73.94507875, 40.763394046875 ], [ -73.94467925, 40.763846953125004 ], [ -73.94428952441406, 40.764286539062496 ], [ -73.943909573242195, 40.764712804687498 ], [ -73.943539396484383, 40.76512575 ], [ -73.943178994140609, 40.765525375 ], [ -73.942828366210918, 40.765911679687498 ], [ -73.942487512695308, 40.766284664062496 ], [ -73.942156433593738, 40.766644328124997 ], [ -73.941835128906249, 40.766990671875 ], [ -73.941523598632813, 40.767323695312498 ], [ -73.941221842773444, 40.7676433984375 ], [ -73.940929861328129, 40.767949781249996 ], [ -73.940647654296868, 40.768242843750002 ], [ -73.940375221679673, 40.768522585937497 ], [ -73.940112563476546, 40.768789007812501 ], [ -73.939859679687487, 40.769042109375 ], [ -73.939616570312495, 40.769281890624995 ], [ -73.939383235351556, 40.769508351562493 ], [ -73.939159674804671, 40.7697214921875 ], [ -73.938945888671867, 40.769921312499996 ], [ -73.938741876953117, 40.770107812499994 ], [ -73.938547639648419, 40.770280992187494 ], [ -73.938363176757804, 40.770440851562498 ], [ -73.938188488281241, 40.770587390624996 ], [ -73.938023574218732, 40.77072060937499 ], [ -73.937868434570305, 40.770840507812494 ], [ -73.937723069335931, 40.7709470859375 ], [ -73.93758747851561, 40.771040343750002 ], [ -73.937461662109371, 40.771120281249992 ], [ -73.937345620117185, 40.771186898437492 ], [ -73.937239352539052, 40.771240195312501 ], [ -73.937142859375001, 40.771280171874999 ], [ -73.937056140624989, 40.771306828124999 ], [ -73.936974841796868, 40.771331818359371 ], [ -73.936898962890623, 40.77135514257813 ], [ -73.936828503906241, 40.771376800781255 ], [ -73.93676346484375, 40.771396792968744 ], [ -73.936703845703121, 40.77141511914062 ], [ -73.936649646484369, 40.771431779296876 ], [ -73.936600867187494, 40.771446773437503 ], [ -73.936557507812495, 40.771460101562496 ], [ -73.936519568359358, 40.771471763671869 ], [ -73.936487048828127, 40.771481759765621 ], [ -73.936459949218744, 40.771490089843752 ], [ -73.936438269531237, 40.771496753906249 ], [ -73.936422009765607, 40.771501751953124 ], [ -73.936411169921854, 40.77150508398438 ], [ -73.93640575, 40.77150675 ], [ -73.93640575, 40.77150675 ], [ -73.936411169921854, 40.77150508398438 ], [ -73.936422009765607, 40.771501751953124 ], [ -73.936438269531237, 40.771496753906249 ], [ -73.936459949218744, 40.771490089843752 ], [ -73.936487048828127, 40.771481759765621 ], [ -73.936519568359358, 40.771471763671869 ], [ -73.936557507812495, 40.771460101562496 ], [ -73.936600867187494, 40.771446773437503 ], [ -73.936649646484369, 40.771431779296876 ], [ -73.936703845703121, 40.77141511914062 ], [ -73.93676346484375, 40.771396792968744 ], [ -73.936828503906241, 40.771376800781255 ], [ -73.936898962890623, 40.77135514257813 ], [ -73.936974841796868, 40.771331818359371 ], [ -73.937056140624989, 40.771306828124999 ], [ -73.937142859375001, 40.771280171874999 ], [ -73.937228055664065, 40.771261163085939 ], [ -73.93731172949218, 40.771249801757804 ], [ -73.937393880859375, 40.771246087890617 ], [ -73.937474509765622, 40.771250021484377 ], [ -73.937553616210948, 40.771261602539063 ], [ -73.937631200195312, 40.771280831054682 ], [ -73.937707261718742, 40.771307707031241 ], [ -73.937781800781238, 40.771342230468747 ], [ -73.937854817382799, 40.771384401367186 ], [ -73.937926311523427, 40.771434219726558 ], [ -73.93799628320312, 40.77149168554687 ], [ -73.938064732421878, 40.771556798828115 ], [ -73.938131659179703, 40.771629559570307 ], [ -73.938197063476565, 40.771709967773425 ], [ -73.938260945312507, 40.771798023437491 ], [ -73.938323304687501, 40.771893726562503 ], [ -73.93838414160156, 40.771997077148441 ], [ -73.938443456054685, 40.772108075195312 ], [ -73.938501248046876, 40.772226720703124 ], [ -73.938557517578133, 40.772353013671875 ], [ -73.938612264648441, 40.772486954101559 ], [ -73.938665489257829, 40.772628541992184 ], [ -73.938717191406255, 40.772777777343748 ], [ -73.938767371093746, 40.772934660156245 ], [ -73.938816028320304, 40.773099190429683 ], [ -73.938863163085927, 40.77327136816406 ], [ -73.938908775390615, 40.773451193359371 ], [ -73.93895286523437, 40.773638666015621 ], [ -73.93899543261719, 40.773833786132812 ], [ -73.939036477539048, 40.774036553710935 ], [ -73.939076, 40.774246968749999 ], [ -73.939114, 40.774465031249996 ], [ -73.939153221679675, 40.774675917968743 ], [ -73.939193665039056, 40.774879628906248 ], [ -73.939235330078105, 40.775076164062497 ], [ -73.939278216796879, 40.775265523437497 ], [ -73.93932232519532, 40.775447707031248 ], [ -73.939367655273429, 40.775622714843742 ], [ -73.939414207031248, 40.775790546874994 ], [ -73.939461980468749, 40.775951203124997 ], [ -73.939510975585932, 40.776104683593751 ], [ -73.939561192382826, 40.776250988281248 ], [ -73.939612630859386, 40.776390117187496 ], [ -73.939665291015615, 40.776522070312502 ], [ -73.939719172851554, 40.776646847656252 ], [ -73.939774276367189, 40.776764449218746 ], [ -73.939830601562505, 40.776874875 ], [ -73.93988814843749, 40.776978125 ], [ -73.93994932617187, 40.777073837890626 ], [ -73.940014134765619, 40.77716201367187 ], [ -73.940082574218735, 40.777242652343745 ], [ -73.940154644531248, 40.777315753906251 ], [ -73.940230345703114, 40.777381318359375 ], [ -73.940309677734362, 40.777439345703122 ], [ -73.940392640624992, 40.777489835937502 ], [ -73.940479234374976, 40.777532789062498 ], [ -73.940576686523414, 40.777567121093753 ], [ -73.940684997070292, 40.777592832031246 ], [ -73.940804166015596, 40.777609921874998 ], [ -73.940934193359368, 40.777618390625008 ], [ -73.94109676171874, 40.777614986328132 ], [ -73.941291871093739, 40.777599708984383 ], [ -73.94158456933593, 40.77756280273438 ], [ -73.94217, 40.777475 ] ] } },
{ "type": "Feature", "properties": { "Id": 0, "shape_id": "108", "route_id": "AS", "agency_id": "1", "short_name": "AS", "long_name": "Astoria", "route_type": "4", "color": "#FE5000", "text_color": "FFFFFF", "rt_tp_txt": "Ferry", "direction": "SB" }, "geometry": { "type": "LineString", "coordinates": [ [ -73.94217, 40.777475 ], [ -73.941584094726565, 40.77756280273438 ], [ -73.941291158203128, 40.777599708984383 ], [ -73.941095888671867, 40.777614986328132 ], [ -73.940933185546868, 40.777618390625008 ], [ -73.94080304882813, 40.777609921874998 ], [ -73.940683778320306, 40.777592832031246 ], [ -73.940575374023439, 40.777567121093753 ], [ -73.940477835937486, 40.777532789062498 ], [ -73.940391164062504, 40.777489835937502 ], [ -73.940308125, 40.777439345703122 ], [ -73.940228718750006, 40.777381318359375 ], [ -73.940152945312491, 40.777315753906251 ], [ -73.940080804687497, 40.777242652343745 ], [ -73.940012296874997, 40.77716201367187 ], [ -73.939947421875004, 40.777073837890626 ], [ -73.939886179687505, 40.776978125 ], [ -73.9398285703125, 40.776874875 ], [ -73.93977218261719, 40.776764449218746 ], [ -73.939717016601577, 40.776646847656252 ], [ -73.939663072265631, 40.776522070312502 ], [ -73.939610349609382, 40.776390117187496 ], [ -73.939558848632828, 40.776250988281248 ], [ -73.939508569335942, 40.776104683593751 ], [ -73.939459511718752, 40.775951203124997 ], [ -73.939411675781258, 40.775790546874994 ], [ -73.939365061523446, 40.775622714843742 ], [ -73.939319668945316, 40.775447707031248 ], [ -73.939275498046882, 40.775265523437497 ], [ -73.93923254882813, 40.775076164062497 ], [ -73.939190821289074, 40.774879628906248 ], [ -73.939150315429686, 40.774675917968743 ], [ -73.939111031250007, 40.774465031249996 ], [ -73.939072968749997, 40.774246968749999 ], [ -73.939033389648444, 40.774036553710935 ], [ -73.938992293945319, 40.773833786132812 ], [ -73.938949681640622, 40.773638666015621 ], [ -73.938905552734383, 40.773451193359371 ], [ -73.938859907226572, 40.77327136816406 ], [ -73.93881274511719, 40.773099190429683 ], [ -73.938764066406264, 40.772934660156245 ], [ -73.938713871093739, 40.772777777343748 ], [ -73.938662159179671, 40.772628541992184 ], [ -73.93860893066406, 40.772486954101559 ], [ -73.938554185546877, 40.772353013671875 ], [ -73.938497923828123, 40.772226720703124 ], [ -73.938440145507826, 40.772108075195312 ], [ -73.938380850585943, 40.771997077148441 ], [ -73.938320039062503, 40.771893726562503 ], [ -73.938257710937506, 40.771798023437491 ], [ -73.938193866210938, 40.771709967773425 ], [ -73.938128504882812, 40.771629559570307 ], [ -73.938061626953129, 40.771556798828115 ], [ -73.937993232421874, 40.77149168554687 ], [ -73.937923321289063, 40.771434219726558 ], [ -73.937851893554694, 40.771384401367186 ], [ -73.937778949218753, 40.771342230468747 ], [ -73.937704488281256, 40.771307707031241 ], [ -73.937628510742201, 40.771280831054682 ], [ -73.93755101660156, 40.771261602539063 ], [ -73.937472005859377, 40.771250021484377 ], [ -73.937391478515622, 40.771246087890617 ], [ -73.937309434570309, 40.771249801757804 ], [ -73.93722587402344, 40.771261163085939 ], [ -73.937140796874999, 40.771280171874999 ], [ -73.937054203125001, 40.771306828124999 ], [ -73.936973021484363, 40.771331818359371 ], [ -73.936897251953127, 40.77135514257813 ], [ -73.936826894531251, 40.771376800781255 ], [ -73.936761949218749, 40.771396792968744 ], [ -73.936702416015635, 40.77141511914062 ], [ -73.936648294921866, 40.771431779296876 ], [ -73.9365995859375, 40.771446773437503 ], [ -73.936556289062509, 40.771460101562496 ], [ -73.936518404296876, 40.771471763671869 ], [ -73.936485931640618, 40.771481759765621 ], [ -73.936458871093748, 40.771490089843752 ], [ -73.936437222656238, 40.771496753906249 ], [ -73.936420986328116, 40.771501751953124 ], [ -73.936410162109368, 40.77150508398438 ], [ -73.93640475, 40.77150675 ], [ -73.93640475, 40.77150675 ], [ -73.936410162109368, 40.77150508398438 ], [ -73.936420986328116, 40.771501751953124 ], [ -73.936437222656238, 40.771496753906249 ], [ -73.936458871093748, 40.771490089843752 ], [ -73.936485931640618, 40.771481759765621 ], [ -73.936518404296876, 40.771471763671869 ], [ -73.936556289062509, 40.771460101562496 ], [ -73.9365995859375, 40.771446773437503 ], [ -73.936648294921866, 40.771431779296876 ], [ -73.936702416015635, 40.77141511914062 ], [ -73.936761949218749, 40.771396792968744 ], [ -73.936826894531251, 40.771376800781255 ], [ -73.936897251953127, 40.77135514257813 ], [ -73.936973021484363, 40.771331818359371 ], [ -73.937054203125001, 40.771306828124999 ], [ -73.937140796874999, 40.771280171874999 ], [ -73.937237170898442, 40.771240195312501 ], [ -73.937343325195314, 40.771186898437492 ], [ -73.937459259765632, 40.771120281249992 ], [ -73.937584974609393, 40.771040343750002 ], [ -73.937720469726571, 40.7709470859375 ], [ -73.937865745117193, 40.770840507812494 ], [ -73.93802080078126, 40.77072060937499 ], [ -73.938185636718742, 40.770587390624996 ], [ -73.938360252929684, 40.770440851562498 ], [ -73.938544649414055, 40.770280992187494 ], [ -73.938738826171857, 40.770107812499994 ], [ -73.938942783203117, 40.769921312499996 ], [ -73.939156520507808, 40.7697214921875 ], [ -73.939380038085943, 40.769508351562493 ], [ -73.939613335937494, 40.769281890624995 ], [ -73.939856414062504, 40.769042109375 ], [ -73.940109272460944, 40.768789007812501 ], [ -73.940371911132814, 40.768522585937497 ], [ -73.940644330078129, 40.768242843750002 ], [ -73.940926529296888, 40.767949781249996 ], [ -73.941218508789063, 40.7676433984375 ], [ -73.941520268554683, 40.767323695312498 ], [ -73.941831808593747, 40.766990671875 ], [ -73.942153128906241, 40.766644328124997 ], [ -73.94248422949218, 40.766284664062496 ], [ -73.942825110351563, 40.765911679687498 ], [ -73.943175771484377, 40.765525375 ], [ -73.943536212890606, 40.76512575 ], [ -73.943906434570295, 40.764712804687498 ], [ -73.944286436523427, 40.764286539062496 ], [ -73.94467621874999, 40.763846953125004 ], [ -73.945075781249997, 40.763394046875 ], [ -73.94546404003907, 40.762955720703125 ], [ -73.94584099511718, 40.762531974609381 ], [ -73.94620664648437, 40.762122808593752 ], [ -73.946560994140611, 40.761728222656252 ], [ -73.946904038085933, 40.761348216796883 ], [ -73.947235778320319, 40.760982791015628 ], [ -73.947556214843758, 40.760631945312504 ], [ -73.947865347656233, 40.760295679687509 ], [ -73.948163176757802, 40.75997399414063 ], [ -73.948449702148423, 40.75966688867188 ], [ -73.948724923828124, 40.75937436328126 ], [ -73.948988841796861, 40.759096417968756 ], [ -73.949241456054679, 40.758833052734381 ], [ -73.949482766601562, 40.758584267578136 ], [ -73.949712773437497, 40.758350062500007 ], [ -73.949931476562497, 40.7581304375 ], [ -73.950138875976563, 40.757925392578123 ], [ -73.950334971679681, 40.757734927734376 ], [ -73.950519763671863, 40.757559042968751 ], [ -73.950693251953126, 40.757397738281249 ], [ -73.950855436523426, 40.757251013671876 ], [ -73.951006317382806, 40.757118869140626 ], [ -73.951145894531237, 40.757001304687499 ], [ -73.951274167968762, 40.756898320312501 ], [ -73.951391137695325, 40.756809916015627 ], [ -73.951496803710938, 40.756736091796874 ], [ -73.951591166015618, 40.756676847656252 ], [ -73.951674224609377, 40.756632183593752 ], [ -73.951745979492188, 40.756602099609374 ], [ -73.951806430664078, 40.756586595703126 ], [ -73.951855578125006, 40.756585671875001 ], [ -73.951893421874999, 40.756599328124999 ], [ -73.951928900390612, 40.756612130859374 ], [ -73.951962013671874, 40.756624080078126 ], [ -73.951992761718742, 40.756635175781248 ], [ -73.952021144531244, 40.756645417968748 ], [ -73.95204716210938, 40.756654806640626 ], [ -73.952070814453123, 40.756663341796873 ], [ -73.952092101562499, 40.756671023437498 ], [ -73.95211102343751, 40.7566778515625 ], [ -73.952127580078127, 40.756683826171873 ], [ -73.952141771484378, 40.756688947265623 ], [ -73.952153597656263, 40.75669321484375 ], [ -73.952163058593754, 40.756696628906248 ], [ -73.95217015429688, 40.756699189453123 ], [ -73.95217488476564, 40.756700896484375 ], [ -73.95217725, 40.75670175 ], [ -73.95217725, 40.75670175 ], [ -73.95217488476564, 40.756700896484375 ], [ -73.95217015429688, 40.756699189453123 ], [ -73.952163058593754, 40.756696628906248 ], [ -73.952153597656263, 40.75669321484375 ], [ -73.952141771484378, 40.756688947265623 ], [ -73.952127580078127, 40.756683826171873 ], [ -73.95211102343751, 40.7566778515625 ], [ -73.952092101562499, 40.756671023437498 ], [ -73.952070814453123, 40.756663341796873 ], [ -73.95204716210938, 40.756654806640626 ], [ -73.952021144531244, 40.756645417968748 ], [ -73.951992761718742, 40.756635175781248 ], [ -73.951962013671874, 40.756624080078126 ], [ -73.951928900390612, 40.756612130859374 ], [ -73.951893421874999, 40.756599328124999 ], [ -73.951855578125006, 40.756585671875001 ], [ -73.951826605468767, 40.756565813476563 ], [ -73.951806503906255, 40.756539752929683 ], [ -73.951795273437511, 40.75650749023437 ], [ -73.951792914062509, 40.756469025390629 ], [ -73.95179942578126, 40.756424358398441 ], [ -73.951814808593753, 40.756373489257811 ], [ -73.951839062499999, 40.756316417968748 ], [ -73.951872187500001, 40.75625314453125 ], [ -73.951914183593743, 40.756183668945312 ], [ -73.95196505078124, 40.756107991210939 ], [ -73.952024789062492, 40.756026111328126 ], [ -73.952093398437498, 40.755938029296871 ], [ -73.952170878906244, 40.75584374511719 ], [ -73.952257230468732, 40.75574325878906 ], [ -73.952352453124988, 40.755636570312504 ], [ -73.952456546875013, 40.755523679687499 ], [ -73.952569511718764, 40.755404586914068 ], [ -73.952691347656256, 40.755279291992188 ], [ -73.952822054687502, 40.755147794921875 ], [ -73.952961632812503, 40.755010095703128 ], [ -73.953110082031259, 40.754866194335939 ], [ -73.953267402343755, 40.754716090820317 ], [ -73.953433593750006, 40.754559785156253 ], [ -73.953608656249997, 40.754397277343749 ], [ -73.953792589843758, 40.75422856738281 ], [ -73.953985394531244, 40.754053655273438 ], [ -73.9541870703125, 40.753872541015625 ], [ -73.95439761718751, 40.753685224609377 ], [ -73.954617035156261, 40.753491706054689 ], [ -73.954845324218752, 40.753291985351559 ], [ -73.955082484374998, 40.753086062500003 ], [ -73.955328515625013, 40.752873937499999 ], [ -73.955565472656261, 40.75266730273438 ], [ -73.955793355468757, 40.75246615820312 ], [ -73.956012164062514, 40.752270503906246 ], [ -73.956221898437491, 40.752080339843758 ], [ -73.956422558593744, 40.751895666015628 ], [ -73.956614144531244, 40.751716482421884 ], [ -73.956796656249992, 40.751542789062505 ], [ -73.956970093750016, 40.751374585937505 ], [ -73.957134457031259, 40.751211873046884 ], [ -73.957289746093764, 40.751054650390628 ], [ -73.957435960937516, 40.750902917968759 ], [ -73.957573101562502, 40.750756675781247 ], [ -73.957701167968764, 40.750615923828121 ], [ -73.95782016015626, 40.750480662109382 ], [ -73.957930078125003, 40.750350890625 ], [ -73.958030921875007, 40.750226609375005 ], [ -73.958122691406246, 40.750107818359375 ], [ -73.958205386718745, 40.749994517578131 ], [ -73.958279007812507, 40.749886707031258 ], [ -73.958343554687502, 40.749784386718751 ], [ -73.958399027343759, 40.749687556640623 ], [ -73.958445425781264, 40.749596216796874 ], [ -73.95848275, 40.749510367187497 ], [ -73.958511, 40.749430007812506 ], [ -73.958530175781263, 40.749355138671874 ], [ -73.958540277343758, 40.749285759765627 ], [ -73.958541304687515, 40.749221871093752 ], [ -73.958533257812491, 40.749163472656249 ], [ -73.958516136718742, 40.749110564453133 ], [ -73.958489941406242, 40.749063146484374 ], [ -73.958454671874989, 40.749021218750002 ], [ -73.958410328125012, 40.748984781250002 ], [ -73.958368755859382, 40.748950621093755 ], [ -73.958329955078128, 40.748918738281247 ], [ -73.958293925781248, 40.748889132812501 ], [ -73.958260667968744, 40.7488618046875 ], [ -73.958230181640616, 40.748836753906247 ], [ -73.958202466796862, 40.748813980468753 ], [ -73.958177523437485, 40.748793484375 ], [ -73.95815535156251, 40.748775265625 ], [ -73.958135951171883, 40.748759324218753 ], [ -73.958119322265631, 40.748745660156246 ], [ -73.958105464843754, 40.748734273437499 ], [ -73.958094378906253, 40.748725164062499 ], [ -73.958086064453127, 40.748718332031245 ], [ -73.958080521484376, 40.748713777343752 ], [ -73.95807775, 40.7487115 ], [ -73.95807775, 40.7487115 ], [ -73.958080521484376, 40.748713777343752 ], [ -73.958086064453127, 40.748718332031245 ], [ -73.958094378906253, 40.748725164062499 ], [ -73.958105464843754, 40.748734273437499 ], [ -73.958119322265631, 40.748745660156246 ], [ -73.958135951171883, 40.748759324218753 ], [ -73.95815535156251, 40.748775265625 ], [ -73.958177523437485, 40.748793484375 ], [ -73.958202466796862, 40.748813980468753 ], [ -73.958230181640616, 40.748836753906247 ], [ -73.958260667968744, 40.7488618046875 ], [ -73.958293925781248, 40.748889132812501 ], [ -73.958329955078128, 40.748918738281247 ], [ -73.958368755859382, 40.748950621093755 ], [ -73.958410328125012, 40.748984781250002 ], [ -73.958454671874989, 40.749021218750002 ], [ -73.958505618164054, 40.749050023437505 ], [ -73.958563166992178, 40.749071195312496 ], [ -73.958627318359362, 40.749084734375003 ], [ -73.958698072265634, 40.749090640624999 ], [ -73.958775428710936, 40.749088914062504 ], [ -73.958859387695327, 40.749079554687505 ], [ -73.958949949218749, 40.749062562500001 ], [ -73.959047113281258, 40.749037937500006 ], [ -73.959150879882813, 40.7490056796875 ], [ -73.959261249023442, 40.74896578906251 ], [ -73.95937822070313, 40.748918265625008 ], [ -73.959501794921877, 40.748863109375009 ], [ -73.959631971679684, 40.748800320312512 ], [ -73.959768750976565, 40.748729898437503 ], [ -73.959912132812505, 40.748651843750004 ], [ -73.960062117187491, 40.74856615625 ], [ -73.96021870410155, 40.748472835937498 ], [ -73.960381893554683, 40.748371882812499 ], [ -73.960551685546875, 40.748263296875002 ], [ -73.960728080078127, 40.748147078125001 ], [ -73.960911077148438, 40.748023226562502 ], [ -73.961100676757809, 40.747891742187505 ], [ -73.961296878906239, 40.747752625 ], [ -73.961499683593757, 40.747605875 ], [ -73.961709090820307, 40.747451492187494 ], [ -73.961925100585944, 40.7472894765625 ], [ -73.962147712890626, 40.747119828125001 ], [ -73.962376927734368, 40.746942546874998 ], [ -73.962612745117184, 40.746757632812503 ], [ -73.962855165039059, 40.746565085937497 ], [ -73.963104187499994, 40.746364906250001 ], [ -73.963359812500002, 40.74615709375 ], [ -73.96361077636719, 40.74595672851563 ], [ -73.963857079101558, 40.745763810546876 ], [ -73.964098720703134, 40.745578339843753 ], [ -73.964335701171876, 40.745400316406254 ], [ -73.964568020507812, 40.745229740234379 ], [ -73.964795678710942, 40.745066611328127 ], [ -73.965018675781252, 40.744910929687499 ], [ -73.965237011718742, 40.744762695312502 ], [ -73.96545068652344, 40.744621908203129 ], [ -73.965659700195303, 40.744488568359372 ], [ -73.965864052734361, 40.744362675781247 ], [ -73.966063744140627, 40.744244230468752 ], [ -73.966258774414058, 40.744133232421881 ], [ -73.966449143554684, 40.744029681640626 ], [ -73.966634851562503, 40.743933578125002 ], [ -73.966815898437503, 40.743844921875002 ], [ -73.966992284179696, 40.743763712890626 ], [ -73.967164008789069, 40.743689951171881 ], [ -73.967331072265623, 40.743623636718752 ], [ -73.967493474609384, 40.743564769531247 ], [ -73.967651215820325, 40.743513349609373 ], [ -73.967804295898446, 40.743469376953129 ], [ -73.967952714843761, 40.743432851562503 ], [ -73.968096472656242, 40.7434037734375 ], [ -73.968235569335945, 40.743382142578128 ], [ -73.968370004882814, 40.743367958984379 ], [ -73.968499779296877, 40.743361222656254 ], [ -73.968624892578134, 40.743361933593754 ], [ -73.968745344726557, 40.743370091796876 ], [ -73.968861135742202, 40.74338569726563 ], [ -73.968972265625013, 40.74340875 ], [ -73.969078734374989, 40.74343925 ], [ -73.969178548828125, 40.743467843749997 ], [ -73.969271708984365, 40.743494531250008 ], [ -73.969358214843751, 40.743519312500005 ], [ -73.969438066406255, 40.743542187500005 ], [ -73.969511263671876, 40.743563156250005 ], [ -73.969577806640643, 40.743582218749999 ], [ -73.969637695312514, 40.743599375 ], [ -73.969690929687488, 40.743614625 ], [ -73.969737509765622, 40.743627968750005 ], [ -73.96977743554686, 40.743639406249997 ], [ -73.969810707031243, 40.743648937499998 ], [ -73.969837324218744, 40.7436565625 ], [ -73.969857287109363, 40.743662281249996 ], [ -73.969870595703128, 40.743666093750001 ], [ -73.96987725, 40.743668 ], [ -73.96987725, 40.743668 ], [ -73.969870595703128, 40.743666093750001 ], [ -73.969857287109363, 40.743662281249996 ], [ -73.969837324218744, 40.7436565625 ], [ -73.969810707031243, 40.743648937499998 ], [ -73.96977743554686, 40.743639406249997 ], [ -73.969737509765622, 40.743627968750005 ], [ -73.969690929687488, 40.743614625 ], [ -73.969637695312514, 40.743599375 ], [ -73.969577806640643, 40.743582218749999 ], [ -73.969511263671876, 40.743563156250005 ], [ -73.969438066406255, 40.743542187500005 ], [ -73.969358214843751, 40.743519312500005 ], [ -73.969271708984365, 40.743494531250008 ], [ -73.969178548828125, 40.743467843749997 ], [ -73.969078734374989, 40.74343925 ], [ -73.968972265625013, 40.74340875 ], [ -73.968871549804703, 40.743358261718754 ], [ -73.968776586914061, 40.743287785156248 ], [ -73.968687376953127, 40.743197320312504 ], [ -73.968603919921875, 40.7430868671875 ], [ -73.968526215820305, 40.742956425781259 ], [ -73.968454264648443, 40.74280599609375 ], [ -73.968388066406249, 40.742635578125004 ], [ -73.968327621093749, 40.742445171874998 ], [ -73.968272928710945, 40.742234777343747 ], [ -73.968223989257808, 40.74200439453125 ], [ -73.968180802734381, 40.741754023437501 ], [ -73.968143369140634, 40.7414836640625 ], [ -73.968111688476569, 40.741193316406253 ], [ -73.968085760742198, 40.740882980468747 ], [ -73.968065585937509, 40.740552656250003 ], [ -73.968051164062487, 40.740202343749999 ], [ -73.968042495117174, 40.739832042968757 ], [ -73.968039579101557, 40.739441753906249 ], [ -73.968042416015621, 40.739031476562502 ], [ -73.968051005859365, 40.738601210937503 ], [ -73.968065348632805, 40.738150957031252 ], [ -73.968085444335941, 40.737680714843748 ], [ -73.968111292968757, 40.737190484374999 ], [ -73.96814289453124, 40.736680265625004 ], [ -73.968180249023433, 40.736150058593751 ], [ -73.968223356445321, 40.735599863281251 ], [ -73.968272216796876, 40.735029679687507 ], [ -73.968326830078141, 40.734439507812503 ], [ -73.968387196289072, 40.733829347656254 ], [ -73.968453315429684, 40.73319919921876 ], [ -73.968525187500006, 40.732549062500006 ], [ -73.968602812499995, 40.731878937499992 ], [ -73.968681886718755, 40.731218686523427 ], [ -73.968762410156245, 40.730568309570309 ], [ -73.968844382812506, 40.729927806640617 ], [ -73.968927804687496, 40.729297177734374 ], [ -73.969012675781244, 40.728676422851564 ], [ -73.969098996093749, 40.72806554199218 ], [ -73.969186765625011, 40.727464535156244 ], [ -73.969275984375003, 40.726873402343749 ], [ -73.969366652343751, 40.726292143554687 ], [ -73.969458769531258, 40.725720758789059 ], [ -73.969552335937493, 40.725159248046872 ], [ -73.969647351562514, 40.724607611328125 ], [ -73.969743816406265, 40.724065848632812 ], [ -73.969841730468744, 40.723533959960932 ], [ -73.969941093750009, 40.723011945312493 ], [ -73.970041906250003, 40.722499804687502 ], [ -73.970144167968755, 40.721997538085937 ], [ -73.970247878906264, 40.721505145507805 ], [ -73.970353039062502, 40.721022626953122 ], [ -73.970459648437497, 40.720549982421865 ], [ -73.97056770703125, 40.720087211914056 ], [ -73.970677214843732, 40.719634315429687 ], [ -73.970788171875, 40.719191292968745 ], [ -73.970900578124997, 40.71875814453125 ], [ -73.971014433593751, 40.718334870117182 ], [ -73.971129738281263, 40.717921469726562 ], [ -73.971246492187504, 40.717517943359368 ], [ -73.971364695312502, 40.717124291015622 ], [ -73.971484347656258, 40.71674051269531 ], [ -73.971605449218742, 40.716366608398431 ], [ -73.971728, 40.716002578125 ], [ -73.971852, 40.715648421874995 ], [ -73.971974810546882, 40.715302346679685 ], [ -73.972096431640651, 40.714964352539063 ], [ -73.972216863281275, 40.714634439453121 ], [ -73.972336105468756, 40.714312607421874 ], [ -73.972454158203135, 40.713998856445308 ], [ -73.972571021484384, 40.713693186523436 ], [ -73.972686695312504, 40.713395597656245 ], [ -73.972801179687522, 40.713106089843748 ], [ -73.972914474609397, 40.712824663085932 ], [ -73.973026580078127, 40.712551317382811 ], [ -73.973137496093756, 40.71228605273437 ], [ -73.973247222656255, 40.712028869140624 ], [ -73.973355759765624, 40.711779766601559 ], [ -73.973463107421892, 40.711538745117181 ], [ -73.973569265625017, 40.711305804687498 ], [ -73.973674234374997, 40.711080945312496 ], [ -73.973778013671875, 40.710864166992181 ], [ -73.973880603515639, 40.710655469726561 ], [ -73.973982003906258, 40.710454853515621 ], [ -73.974082214843762, 40.710262318359369 ], [ -73.974181236328135, 40.710077864257805 ], [ -73.97427906835938, 40.709901491210935 ], [ -73.974375710937508, 40.709733199218746 ], [ -73.974471164062507, 40.709572988281238 ], [ -73.974565427734376, 40.709420858398424 ], [ -73.974658501953144, 40.709276809570305 ], [ -73.974750386718767, 40.709140841796867 ], [ -73.974841082031247, 40.709012955078116 ], [ -73.974930587890626, 40.70889314941406 ], [ -73.975018904296874, 40.708781424804684 ], [ -73.975106031249993, 40.708677781249996 ], [ -73.975191968750011, 40.708582218750003 ], [ -73.975272339843755, 40.708484458007817 ], [ -73.975347144531241, 40.708384499023438 ], [ -73.975416382812497, 40.708282341796881 ], [ -73.975480054687495, 40.708177986328131 ], [ -73.975538160156248, 40.708071432617189 ], [ -73.975590699218742, 40.707962680664068 ], [ -73.975637671874992, 40.707851730468754 ], [ -73.975679078124998, 40.707738582031254 ], [ -73.975714917968745, 40.707623235351562 ], [ -73.975745191406247, 40.707505690429691 ], [ -73.975769898437491, 40.707385947265628 ], [ -73.975789039062491, 40.707264005859379 ], [ -73.975802613281246, 40.707139866210944 ], [ -73.975810621093743, 40.707013528320317 ], [ -73.975813062499995, 40.706884992187504 ], [ -73.975809937499989, 40.706754257812506 ], [ -73.975801246093738, 40.706621325195314 ], [ -73.975786988281243, 40.706486194335945 ], [ -73.975767164062489, 40.706348865234382 ], [ -73.975741773437491, 40.706209337890627 ], [ -73.975710816406234, 40.706067612304693 ], [ -73.975674292968748, 40.705923688476567 ], [ -73.975632203125002, 40.705777566406255 ], [ -73.975584546874984, 40.705629246093757 ], [ -73.975531324218736, 40.705478727539067 ], [ -73.975472535156257, 40.705326010742191 ], [ -73.975408179687491, 40.705171095703129 ], [ -73.975338257812496, 40.705013982421882 ], [ -73.975262769531241, 40.704854670898442 ], [ -73.975181714843728, 40.704693161132823 ], [ -73.975095093749985, 40.704529453125005 ], [ -73.975002906250012, 40.704363546875001 ], [ -73.974916480468764, 40.704208009765622 ], [ -73.974835816406255, 40.704062841796869 ], [ -73.9747609140625, 40.703928042968748 ], [ -73.974691773437513, 40.703803613281252 ], [ -73.974628394531265, 40.703689552734375 ], [ -73.974570777343757, 40.703585861328122 ], [ -73.974518921875003, 40.703492539062495 ], [ -73.974472828125002, 40.703409585937507 ], [ -73.974432496093755, 40.70333700195313 ], [ -73.974397925781261, 40.703274787109379 ], [ -73.974369117187507, 40.703222941406253 ], [ -73.974346070312492, 40.703181464843752 ], [ -73.974328785156246, 40.703150357421876 ], [ -73.974317261718753, 40.703129619140626 ], [ -73.9743115, 40.70311925 ], [ -73.9743115, 40.70311925 ], [ -73.974317261718753, 40.703129619140626 ], [ -73.974328785156246, 40.703150357421876 ], [ -73.974346070312492, 40.703181464843752 ], [ -73.974369117187507, 40.703222941406253 ], [ -73.974397925781261, 40.703274787109379 ], [ -73.974432496093755, 40.70333700195313 ], [ -73.974472828125002, 40.703409585937507 ], [ -73.974518921875003, 40.703492539062495 ], [ -73.974570777343757, 40.703585861328122 ], [ -73.974628394531265, 40.703689552734375 ], [ -73.974691773437513, 40.703803613281252 ], [ -73.9747609140625, 40.703928042968748 ], [ -73.974835816406255, 40.704062841796869 ], [ -73.974916480468764, 40.704208009765622 ], [ -73.975002906250012, 40.704363546875001 ], [ -73.975095093749985, 40.704529453125005 ], [ -73.97519831445311, 40.704690501953131 ], [ -73.975312568359357, 40.704846693359379 ], [ -73.975437855468726, 40.704998027343755 ], [ -73.975574175781247, 40.705144503906254 ], [ -73.975721529296862, 40.705286123046882 ], [ -73.975879916015629, 40.705422884765632 ], [ -73.976049335937489, 40.705554789062504 ], [ -73.976229789062501, 40.705681835937504 ], [ -73.976421275390621, 40.705804025390627 ], [ -73.976623794921878, 40.705921357421879 ], [ -73.976837347656257, 40.706033832031252 ], [ -73.97706193359376, 40.706141449218748 ], [ -73.977297552734385, 40.706244208984373 ], [ -73.977544205078132, 40.706342111328127 ], [ -73.977801890625003, 40.706435156250002 ], [ -73.978070609374996, 40.706523343750007 ], [ -73.978350361328125, 40.706606673828134 ], [ -73.978641146484364, 40.706685146484382 ], [ -73.978942964843753, 40.70675876171876 ], [ -73.979255816406265, 40.706827519531259 ], [ -73.979579701171886, 40.706891419921888 ], [ -73.979914619140629, 40.706950462890632 ], [ -73.98026057031251, 40.707004648437504 ], [ -73.980617554687484, 40.707053976562506 ], [ -73.98098557226561, 40.707098447265622 ], [ -73.981364623046858, 40.707138060546882 ], [ -73.981754707031229, 40.707172816406256 ], [ -73.982155824218751, 40.707202714843746 ], [ -73.982567974609367, 40.707227755859371 ], [ -73.982991158203134, 40.707247939453126 ], [ -73.983425375, 40.707263265625002 ], [ -73.983870625, 40.707273734375001 ], [ -73.98431610644532, 40.707278935546881 ], [ -73.984761819335944, 40.707278869140623 ], [ -73.98520776367188, 40.707273535156247 ], [ -73.985653939453144, 40.707262933593753 ], [ -73.986100346679706, 40.707247064453128 ], [ -73.986546985351566, 40.70722592773437 ], [ -73.986993855468754, 40.707199523437495 ], [ -73.987440957031268, 40.707167851562502 ], [ -73.987888290039081, 40.707130912109378 ], [ -73.988335854492192, 40.707088705078121 ], [ -73.98878365039063, 40.707041230468747 ], [ -73.989231677734395, 40.706988488281254 ], [ -73.989679936523459, 40.706930478515623 ], [ -73.990128426757821, 40.706867201171875 ], [ -73.990577148437495, 40.706798656249994 ], [ -73.991026101562511, 40.706724843750003 ], [ -73.991475286132811, 40.706645763671872 ], [ -73.991924702148438, 40.706561416015624 ], [ -73.992374349609378, 40.706471800781244 ], [ -73.992824228515616, 40.70637691796874 ], [ -73.993274338867181, 40.706276767578117 ], [ -73.993724680664073, 40.706171349609377 ], [ -73.994175253906263, 40.706060664062505 ], [ -73.994626058593752, 40.705944710937501 ], [ -73.995077094726568, 40.705823490234373 ], [ -73.995528362304697, 40.705697001953126 ], [ -73.995979861328124, 40.705565246093748 ], [ -73.996431591796892, 40.705428222656252 ], [ -73.996883553710944, 40.705285931640624 ], [ -73.997335747070309, 40.705138373046871 ], [ -73.997788171875001, 40.704985546874994 ], [ -73.998240828125006, 40.704827453125006 ], [ -73.99868073535157, 40.704675540039062 ], [ -73.999107893554694, 40.704529807617192 ], [ -73.999522302734377, 40.704390255859373 ], [ -73.999923962890634, 40.70425688476562 ], [ -74.000312874023436, 40.704129694335933 ], [ -74.000689036132812, 40.704008684570312 ], [ -74.001052449218761, 40.703893855468749 ], [ -74.001403113281256, 40.703785207031252 ], [ -74.001741028320325, 40.703682739257815 ], [ -74.002066194335953, 40.703586452148436 ], [ -74.00237861132814, 40.70349634570313 ], [ -74.002678279296887, 40.703412419921875 ], [ -74.002965198242208, 40.703334674804694 ], [ -74.003239368164074, 40.703263110351571 ], [ -74.003500789062514, 40.703197726562507 ], [ -74.003749460937513, 40.703138523437502 ], [ -74.003986780273451, 40.703086741210939 ], [ -74.004212747070326, 40.703042379882817 ], [ -74.00442736132814, 40.703005439453122 ], [ -74.004630623046893, 40.702975919921876 ], [ -74.004822532226584, 40.702953821289057 ], [ -74.005003088867198, 40.702939143554687 ], [ -74.005172292968766, 40.702931886718744 ], [ -74.005330144531243, 40.70293205078125 ], [ -74.005480833007809, 40.702943356445317 ], [ -74.005624358398435, 40.702965803710939 ], [ -74.005760720703123, 40.702999392578121 ], [ -74.005889919921884, 40.703044123046865 ], [ -74.006024524414073, 40.703111157226559 ], [ -74.006164534179689, 40.70320049511718 ], [ -74.006347654296874, 40.703345623046872 ], [ -74.006687, 40.703647 ] ] } },
{ "type": "Feature", "properties": { "Id": 0, "shape_id": "12", "route_id": "ER", "agency_id": "1", "short_name": "ER", "long_name": "East River", "route_type": "4", "color": "#228B9D", "text_color": "FFFFFF", "rt_tp_txt": "Ferry", "direction": "SB" }, "geometry": { "type": "LineString", "coordinates": [ [ -73.970731, 40.743912 ], [ -73.969923689453111, 40.743680390625002 ], [ -73.969518951171864, 40.743564279296876 ], [ -73.96924768164061, 40.74348646289063 ], [ -73.96902017968749, 40.743421207031254 ], [ -73.968836445312505, 40.743368511718757 ], [ -73.96866657812501, 40.743319798828125 ], [ -73.968510578125006, 40.743275068359381 ], [ -73.968368445312507, 40.74323432031251 ], [ -73.968240179687513, 40.743197554687498 ], [ -73.968115814453142, 40.743161912109372 ], [ -73.967995349609396, 40.743127392578131 ], [ -73.967878785156259, 40.743093996093755 ], [ -73.967766121093746, 40.74306172265625 ], [ -73.967657357421871, 40.743030572265624 ], [ -73.96755249414062, 40.743000544921877 ], [ -73.967451531249992, 40.742971640625001 ], [ -73.967354468750017, 40.742943859375004 ], [ -73.96725798437501, 40.742916248046882 ], [ -73.967162078125, 40.742888806640622 ], [ -73.96706675, 40.742861535156251 ], [ -73.966972, 40.74283443359375 ], [ -73.966877828125007, 40.742807501953124 ], [ -73.966784234374998, 40.74278074023438 ], [ -73.96669121875, 40.742754148437498 ], [ -73.966598781249999, 40.742727726562499 ], [ -73.966506921874995, 40.742701474609376 ], [ -73.966415640625002, 40.742675392578121 ], [ -73.966324937500005, 40.742649480468749 ], [ -73.966234812499991, 40.742623738281246 ], [ -73.966145265624988, 40.742598166015618 ], [ -73.966056296874996, 40.742572763671873 ], [ -73.96596790625, 40.742547531249997 ], [ -73.965880093750002, 40.742522468750003 ], [ -73.965791903320309, 40.742497900390632 ], [ -73.965703334960949, 40.742473826171874 ], [ -73.965614388671881, 40.742450246093753 ], [ -73.965525064453132, 40.742427160156254 ], [ -73.965435362304703, 40.742404568359376 ], [ -73.965345282226565, 40.742382470703134 ], [ -73.965254824218761, 40.7423608671875 ], [ -73.965163988281262, 40.742339757812502 ], [ -73.965072774414068, 40.742319142578125 ], [ -73.964981182617208, 40.742299021484371 ], [ -73.96488921289064, 40.742279394531252 ], [ -73.964796865234391, 40.742260261718755 ], [ -73.964704139648447, 40.74224162304688 ], [ -73.964611036132823, 40.742223478515626 ], [ -73.964517554687504, 40.742205828125002 ], [ -73.96442369531249, 40.742188671874999 ], [ -73.964329458007796, 40.742172009765625 ], [ -73.964234842773436, 40.74215584179688 ], [ -73.964139849609367, 40.742140167968756 ], [ -73.964044478515618, 40.742124988281248 ], [ -73.963948729492188, 40.742110302734375 ], [ -73.963852602539049, 40.742096111328131 ], [ -73.963756097656244, 40.742082414062509 ], [ -73.963659214843744, 40.742069210937501 ], [ -73.96356195410155, 40.74205650195313 ], [ -73.96346431542969, 40.74204428710938 ], [ -73.96336629882812, 40.742032566406252 ], [ -73.96326790429687, 40.742021339843753 ], [ -73.96316913183594, 40.742010607421875 ], [ -73.963069981445301, 40.742000369140627 ], [ -73.962970453124996, 40.741990625 ], [ -73.962870546874996, 40.741981375 ], [ -73.962776884765617, 40.741972703125001 ], [ -73.962689466796874, 40.741964609374996 ], [ -73.962608292968753, 40.741957093750003 ], [ -73.962533363281239, 40.741950156249999 ], [ -73.962464677734374, 40.741943796875006 ], [ -73.962402236328117, 40.741938015624996 ], [ -73.962346039062496, 40.741932812499996 ], [ -73.962296085937496, 40.741928187500001 ], [ -73.962252376953117, 40.741924140625002 ], [ -73.962214912109374, 40.741920671875 ], [ -73.962183691406238, 40.741917781250002 ], [ -73.962158714843753, 40.741915468750001 ], [ -73.962139982421874, 40.741913734375004 ], [ -73.962127494140617, 40.741912578124996 ], [ -73.96212125, 40.741912 ], [ -73.96212125, 40.741912 ], [ -73.962127494140617, 40.741912578124996 ], [ -73.962139982421874, 40.741913734375004 ], [ -73.962158714843753, 40.741915468750001 ], [ -73.962183691406238, 40.741917781250002 ], [ -73.962214912109374, 40.741920671875 ], [ -73.962252376953117, 40.741924140625002 ], [ -73.962296085937496, 40.741928187500001 ], [ -73.962346039062496, 40.741932812499996 ], [ -73.962402236328117, 40.741938015624996 ], [ -73.962464677734374, 40.741943796875006 ], [ -73.962533363281239, 40.741950156249999 ], [ -73.962608292968753, 40.741957093750003 ], [ -73.962689466796874, 40.741964609374996 ], [ -73.962776884765617, 40.741972703125001 ], [ -73.962870546874996, 40.741981375 ], [ -73.962970453124996, 40.741990625 ], [ -73.963067552734373, 40.741989109374998 ], [ -73.963161845703127, 40.741976828125004 ], [ -73.963253332031258, 40.741953781250004 ], [ -73.963342011718737, 40.741919968749997 ], [ -73.963427884765622, 40.741875390624998 ], [ -73.963510951171884, 40.741820046875006 ], [ -73.963591210937494, 40.7417539375 ], [ -73.963668664062496, 40.741677062500003 ], [ -73.963743310546874, 40.741589421874998 ], [ -73.963815150390616, 40.741491015625002 ], [ -73.963884183593748, 40.741381843749998 ], [ -73.963950410156244, 40.741261906249996 ], [ -73.964013830078116, 40.741131203124993 ], [ -73.964074443359365, 40.740989734374999 ], [ -73.96413225, 40.7408375 ], [ -73.96418725, 40.7406745 ], [ -73.964239443359375, 40.740500734375004 ], [ -73.964288830078118, 40.740316203125005 ], [ -73.964335410156238, 40.740120906250006 ], [ -73.964379183593749, 40.73991484375 ], [ -73.964420150390623, 40.739698015625002 ], [ -73.96445831054686, 40.739470421874998 ], [ -73.964493664062488, 40.739232062500001 ], [ -73.964526210937493, 40.738982937500005 ], [ -73.96455595117186, 40.738723046875009 ], [ -73.964582884765633, 40.738452390625 ], [ -73.964607011718755, 40.738170968750005 ], [ -73.964628332031253, 40.737878781250004 ], [ -73.964646845703129, 40.737575828125003 ], [ -73.964662552734382, 40.737262109375003 ], [ -73.964675453125011, 40.736937625 ], [ -73.964685546874989, 40.736602375 ], [ -73.964694128906245, 40.736277561523437 ], [ -73.964701199218752, 40.735963184570309 ], [ -73.964706757812507, 40.735659244140621 ], [ -73.964710804687499, 40.735365740234371 ], [ -73.96471333984374, 40.735082672851561 ], [ -73.964714363281246, 40.734810041992183 ], [ -73.964713875, 40.734547847656245 ], [ -73.964711875, 40.734296089843752 ], [ -73.964708363281261, 40.734054768554685 ], [ -73.964703339843766, 40.733823883789064 ], [ -73.96469680468752, 40.733603435546875 ], [ -73.964688757812524, 40.733393423828126 ], [ -73.964679199218779, 40.733193848632816 ], [ -73.964668128906283, 40.733004709960937 ], [ -73.964655546875022, 40.732826007812506 ], [ -73.964641453124997, 40.732657742187499 ], [ -73.964625847656237, 40.732499913085938 ], [ -73.96460873046874, 40.732352520507817 ], [ -73.964590101562493, 40.732215564453128 ], [ -73.964569960937496, 40.732089044921878 ], [ -73.964548308593749, 40.731972961914067 ], [ -73.964525144531251, 40.731867315429689 ], [ -73.964500468750003, 40.73177210546875 ], [ -73.964474281250006, 40.731687332031257 ], [ -73.964446582031258, 40.731612995117189 ], [ -73.964417371093759, 40.731549094726567 ], [ -73.964386648437511, 40.731495630859378 ], [ -73.964354414062512, 40.731452603515628 ], [ -73.964320667968764, 40.731420012695317 ], [ -73.964285410156265, 40.731397858398438 ], [ -73.964248640625016, 40.731386140625006 ], [ -73.964210359374988, 40.731384859374998 ], [ -73.964174470703114, 40.731383658203129 ], [ -73.964140974609364, 40.731382537109376 ], [ -73.96410987109374, 40.731381496093753 ], [ -73.96408116015624, 40.731380535156248 ], [ -73.964054841796866, 40.731379654296873 ], [ -73.964030916015616, 40.731378853515622 ], [ -73.964009382812492, 40.731378132812502 ], [ -73.963990242187492, 40.731377492187498 ], [ -73.963973494140618, 40.731376931640625 ], [ -73.963959138671868, 40.731376451171876 ], [ -73.963947175781243, 40.73137605078125 ], [ -73.963937605468743, 40.731375730468748 ], [ -73.963930427734368, 40.73137549023437 ], [ -73.963925642578118, 40.731375330078123 ], [ -73.96392325, 40.73137525 ], [ -73.96392325, 40.73137525 ], [ -73.963925642578118, 40.731375330078123 ], [ -73.963930427734368, 40.73137549023437 ], [ -73.963937605468743, 40.731375730468748 ], [ -73.963947175781243, 40.73137605078125 ], [ -73.963959138671868, 40.731376451171876 ], [ -73.963973494140618, 40.731376931640625 ], [ -73.963990242187492, 40.731377492187498 ], [ -73.964009382812492, 40.731378132812502 ], [ -73.964030916015616, 40.731378853515622 ], [ -73.964054841796866, 40.731379654296873 ], [ -73.96408116015624, 40.731380535156248 ], [ -73.96410987109374, 40.731381496093753 ], [ -73.964140974609364, 40.731382537109376 ], [ -73.964174470703114, 40.731383658203129 ], [ -73.964210359374988, 40.731384859374998 ], [ -73.964248640625016, 40.731386140625006 ], [ -73.964288133789069, 40.731378208007818 ], [ -73.964328838867203, 40.731361061523437 ], [ -73.964370755859392, 40.731334701171875 ], [ -73.964413884765634, 40.731299126953132 ], [ -73.964458225585958, 40.731254338867195 ], [ -73.964503778320335, 40.731200336914064 ], [ -73.964550542968766, 40.731137121093752 ], [ -73.964598519531251, 40.73106469140626 ], [ -73.964647708007817, 40.730983047851574 ], [ -73.964698108398451, 40.730892190429692 ], [ -73.964749720703139, 40.730792119140631 ], [ -73.964802544921866, 40.730682833984382 ], [ -73.964856581054676, 40.730564334960945 ], [ -73.964911829101567, 40.730436622070314 ], [ -73.964968289062512, 40.730299695312503 ], [ -73.96502596093751, 40.730153554687504 ], [ -73.96508484472659, 40.729998200195311 ], [ -73.965144940429695, 40.729833631835945 ], [ -73.965206248046883, 40.729659849609376 ], [ -73.965268767578152, 40.729476853515628 ], [ -73.965332499023461, 40.729284643554692 ], [ -73.965397442382823, 40.729083219726562 ], [ -73.965463597656267, 40.728872582031251 ], [ -73.965530964843751, 40.728652730468752 ], [ -73.965599543945316, 40.728423665039067 ], [ -73.96566933496095, 40.728185385742186 ], [ -73.965740337890622, 40.727937892578126 ], [ -73.965812552734377, 40.727681185546878 ], [ -73.965885979492185, 40.727415264648435 ], [ -73.965960618164047, 40.727140129882812 ], [ -73.966036468749991, 40.726855781250002 ], [ -73.966113531250016, 40.726562218749997 ], [ -73.966185835937523, 40.726276683593753 ], [ -73.966253382812511, 40.725999175781247 ], [ -73.966316171875008, 40.725729695312495 ], [ -73.966374203125014, 40.725468242187489 ], [ -73.966427476562501, 40.725214816406243 ], [ -73.966475992187497, 40.724969417968744 ], [ -73.96651975, 40.72473204687499 ], [ -73.966558750000019, 40.724502703124998 ], [ -73.966592992187515, 40.724281386718744 ], [ -73.966622476562506, 40.724068097656243 ], [ -73.966647203125007, 40.723862835937496 ], [ -73.966667171875002, 40.723665601562494 ], [ -73.966682382812508, 40.723476394531247 ], [ -73.966692835937494, 40.723295214843745 ], [ -73.966698531250003, 40.723122062499996 ], [ -73.966699468749994, 40.722956937499994 ], [ -73.966695648437508, 40.722799839843745 ], [ -73.966687070312503, 40.722650769531249 ], [ -73.966673734375007, 40.722509726562492 ], [ -73.966655640624992, 40.722376710937496 ], [ -73.966632789062501, 40.722251722656239 ], [ -73.966605179687491, 40.722134761718749 ], [ -73.96657281249999, 40.722025828124998 ], [ -73.966535687500013, 40.721924921874994 ], [ -73.966493804687516, 40.721832042968742 ], [ -73.966447164062501, 40.721747191406244 ], [ -73.966395765625009, 40.721670367187492 ], [ -73.966339609374998, 40.721601570312494 ], [ -73.966278695312496, 40.721540800781241 ], [ -73.96621302343749, 40.721488058593749 ], [ -73.966142593749993, 40.721443343749996 ], [ -73.966067406250005, 40.721406656249997 ], [ -73.965996917968752, 40.721372261718749 ], [ -73.965931128906234, 40.721340160156245 ], [ -73.96587003906248, 40.721310351562501 ], [ -73.965813648437489, 40.721282835937494 ], [ -73.965761957031248, 40.721257613281246 ], [ -73.965714964843755, 40.72123468359375 ], [ -73.965672671874998, 40.721214046874998 ], [ -73.96563507812499, 40.721195703124998 ], [ -73.965602183593745, 40.72117965234375 ], [ -73.96557398828125, 40.721165894531246 ], [ -73.965550492187504, 40.721154429687495 ], [ -73.965531695312492, 40.721145257812502 ], [ -73.965517597656245, 40.721138378906247 ], [ -73.965508199218746, 40.72113379296875 ], [ -73.9655035, 40.7211315 ], [ -73.9655035, 40.7211315 ], [ -73.965508199218746, 40.72113379296875 ], [ -73.965517597656245, 40.721138378906247 ], [ -73.965531695312492, 40.721145257812502 ], [ -73.965550492187504, 40.721154429687495 ], [ -73.96557398828125, 40.721165894531246 ], [ -73.965602183593745, 40.72117965234375 ], [ -73.96563507812499, 40.721195703124998 ], [ -73.965672671874998, 40.721214046874998 ], [ -73.965714964843755, 40.72123468359375 ], [ -73.965761957031248, 40.721257613281246 ], [ -73.965813648437489, 40.721282835937494 ], [ -73.96587003906248, 40.721310351562501 ], [ -73.965931128906234, 40.721340160156245 ], [ -73.965996917968752, 40.721372261718749 ], [ -73.966067406250005, 40.721406656249997 ], [ -73.966142593749993, 40.721443343749996 ], [ -73.966220586914062, 40.721467270507809 ], [ -73.966301385742199, 40.721478436523434 ], [ -73.966384990234388, 40.721476841796871 ], [ -73.966471400390617, 40.721462486328122 ], [ -73.966560616210927, 40.721435370117185 ], [ -73.966652637695319, 40.72139549316406 ], [ -73.966747464843749, 40.721342855468748 ], [ -73.966845097656247, 40.721277457031249 ], [ -73.966945536132812, 40.721199297851562 ], [ -73.96704878027343, 40.721108377929689 ], [ -73.967154830078115, 40.721004697265627 ], [ -73.967263685546882, 40.720888255859379 ], [ -73.967375346679688, 40.720759053710943 ], [ -73.967489813476561, 40.720617090820312 ], [ -73.967607085937502, 40.720462367187501 ], [ -73.967727164062495, 40.720294882812489 ], [ -73.967850047851556, 40.720114637695303 ], [ -73.967975737304684, 40.719921631835923 ], [ -73.968104232421865, 40.719715865234363 ], [ -73.968235533203128, 40.719497337890616 ], [ -73.968369639648444, 40.719266049804681 ], [ -73.968506551757798, 40.719022000976558 ], [ -73.968646269531234, 40.718765191406249 ], [ -73.968788792968752, 40.718495621093751 ], [ -73.968934122070308, 40.718213290039067 ], [ -73.969082256835932, 40.717918198242188 ], [ -73.969233197265623, 40.717610345703129 ], [ -73.969386943359353, 40.717289732421868 ], [ -73.969543495117165, 40.716956358398434 ], [ -73.969702852539058, 40.716610223632806 ], [ -73.969865015625004, 40.716251328124997 ], [ -73.970029984375003, 40.715879671875001 ], [ -73.970187490234395, 40.71551828613282 ], [ -73.970337533203136, 40.71516717089844 ], [ -73.970480113281255, 40.714826326171881 ], [ -73.970615230468766, 40.71449575195313 ], [ -73.970742884765627, 40.714175448242187 ], [ -73.970863076171881, 40.713865415039066 ], [ -73.970975804687498, 40.713565652343746 ], [ -73.971081070312522, 40.713276160156255 ], [ -73.971178873046895, 40.712996938476564 ], [ -73.971269212890633, 40.712727987304689 ], [ -73.971352089843748, 40.712469306640628 ], [ -73.971427503906256, 40.712220896484368 ], [ -73.971495455078127, 40.711982756835937 ], [ -73.971555943359391, 40.711754887695307 ], [ -73.971608968750004, 40.711537289062498 ], [ -73.971654531249996, 40.711329960937498 ], [ -73.971692630859366, 40.711132903320312 ], [ -73.971723267578113, 40.710946116210934 ], [ -73.971746441406239, 40.710769599609371 ], [ -73.971762152343743, 40.710603353515623 ], [ -73.971770400390625, 40.710447377929682 ], [ -73.971771185546871, 40.710301672851564 ], [ -73.971764507812495, 40.710166238281253 ], [ -73.971750367187497, 40.710041074218744 ], [ -73.971728763671862, 40.709926180664056 ], [ -73.97169969726562, 40.70982155761719 ], [ -73.971663167968742, 40.709727205078124 ], [ -73.971619175781242, 40.709643123046874 ], [ -73.971567720703121, 40.709569311523438 ], [ -73.971508802734377, 40.70950577050781 ], [ -73.971442421875011, 40.7094525 ], [ -73.971368578124995, 40.7094095 ], [ -73.971299349609382, 40.709369187500002 ], [ -73.971234736328128, 40.709331562499997 ], [ -73.971174738281263, 40.709296625 ], [ -73.971119355468772, 40.709264375 ], [ -73.971068587890642, 40.7092348125 ], [ -73.971022435546885, 40.709207937499997 ], [ -73.970980898437517, 40.70918375 ], [ -73.970943976562495, 40.70916225 ], [ -73.970911669921875, 40.709143437500003 ], [ -73.97088397851563, 40.709127312500001 ], [ -73.970860902343759, 40.709113875 ], [ -73.970842441406262, 40.709103125 ], [ -73.970828595703139, 40.709095062499998 ], [ -73.970819365234377, 40.709089687499997 ], [ -73.97081475, 40.709087 ], [ -73.97081475, 40.709087 ], [ -73.970819365234377, 40.709089687499997 ], [ -73.970828595703139, 40.709095062499998 ], [ -73.970842441406262, 40.709103125 ], [ -73.970860902343759, 40.709113875 ], [ -73.97088397851563, 40.709127312500001 ], [ -73.970911669921875, 40.709143437500003 ], [ -73.970943976562495, 40.70916225 ], [ -73.970980898437517, 40.70918375 ], [ -73.971022435546885, 40.709207937499997 ], [ -73.971068587890642, 40.7092348125 ], [ -73.971119355468772, 40.709264375 ], [ -73.971174738281263, 40.709296625 ], [ -73.971234736328128, 40.709331562499997 ], [ -73.971299349609382, 40.709369187500002 ], [ -73.971368578124995, 40.7094095 ], [ -73.971442421875011, 40.7094525 ], [ -73.971537453125009, 40.7094883359375 ], [ -73.971653671874989, 40.709517007812501 ], [ -73.971791078124994, 40.709538515624999 ], [ -73.971949671874995, 40.709552859375002 ], [ -73.972129453124992, 40.709560039062502 ], [ -73.972330421875, 40.7095600546875 ], [ -73.972552578125004, 40.709552906250003 ], [ -73.97279592187499, 40.709538593750004 ], [ -73.973060453125001, 40.709517117187502 ], [ -73.973346171874994, 40.709488476562505 ], [ -73.973653078124997, 40.709452671875006 ], [ -73.973981171874996, 40.709409703124997 ], [ -73.974330453124992, 40.7093595703125 ], [ -73.974700921874998, 40.709302273437501 ], [ -73.975092578125, 40.7092378125 ], [ -73.975505421874999, 40.709166187500003 ], [ -73.975939453125008, 40.709087398437504 ], [ -73.976394671874999, 40.709001445312502 ], [ -73.976871078125001, 40.708908328125005 ], [ -73.977368671874999, 40.708808046874999 ], [ -73.977887453124993, 40.708700601562498 ], [ -73.978427421875011, 40.708585992187494 ], [ -73.978988578125012, 40.708464218749995 ], [ -73.979570921874995, 40.708335281250001 ], [ -73.980174453125002, 40.708199179687497 ], [ -73.980799171875006, 40.708055914062491 ], [ -73.981445078125006, 40.70790548437499 ], [ -73.982112171875002, 40.707747890625001 ], [ -73.982800453125009, 40.707583132812502 ], [ -73.983509921874997, 40.707411210937494 ], [ -73.984240578124997, 40.707232125 ], [ -73.984992421875006, 40.707045875 ], [ -73.985719818359371, 40.70686495019531 ], [ -73.986422767578134, 40.70668935058594 ], [ -73.987101269531252, 40.70651907617188 ], [ -73.987755324218753, 40.706354126953123 ], [ -73.988384931640624, 40.706194502929691 ], [ -73.988990091796879, 40.706040204101562 ], [ -73.989570804687503, 40.705891230468751 ], [ -73.990127070312496, 40.70574758203125 ], [ -73.990658888671874, 40.70560925878906 ], [ -73.991166259765635, 40.705476260742188 ], [ -73.991649183593751, 40.705348587890619 ], [ -73.99210766015625, 40.705226240234374 ], [ -73.992541689453134, 40.705109217773433 ], [ -73.992951271484372, 40.704997520507803 ], [ -73.993336406249995, 40.704891148437497 ], [ -73.993697093750001, 40.704790101562494 ], [ -73.994033333984376, 40.70469437988281 ], [ -73.994345126953121, 40.704603983398442 ], [ -73.994632472656249, 40.704518912109378 ], [ -73.994895371093747, 40.704439166015618 ], [ -73.995133822265629, 40.704364745117182 ], [ -73.995347826171866, 40.704295649414057 ], [ -73.9955373828125, 40.704231878906242 ], [ -73.99570249218749, 40.704173433593752 ], [ -73.995843154296864, 40.704120313476565 ], [ -73.995959369140621, 40.704072518554682 ], [ -73.996051136718734, 40.704030048828123 ], [ -73.996118457031258, 40.703992904296875 ], [ -73.996161330078138, 40.703961084960937 ], [ -73.996179755859373, 40.70393459082031 ], [ -73.996173734375006, 40.703913421875001 ], [ -73.996143265625008, 40.703897578124995 ], [ -73.996114701171877, 40.703882724609372 ], [ -73.996088041015639, 40.703868861328118 ], [ -73.996063285156254, 40.703855988281241 ], [ -73.996040433593748, 40.70384410546874 ], [ -73.996019486328123, 40.703833212890615 ], [ -73.996000443359378, 40.703823310546866 ], [ -73.995983304687499, 40.703814398437494 ], [ -73.9959680703125, 40.703806476562498 ], [ -73.995954740234367, 40.703799544921878 ], [ -73.995943314453129, 40.703793603515621 ], [ -73.995933792968742, 40.703788652343746 ], [ -73.99592617578125, 40.703784691406241 ], [ -73.995920462890609, 40.70378172070312 ], [ -73.995916654296877, 40.703779740234374 ], [ -73.99591475, 40.70377875 ], [ -73.99591475, 40.70377875 ], [ -73.995916654296877, 40.703779740234374 ], [ -73.995920462890609, 40.70378172070312 ], [ -73.99592617578125, 40.703784691406241 ], [ -73.995933792968742, 40.703788652343746 ], [ -73.995943314453129, 40.703793603515621 ], [ -73.995954740234367, 40.703799544921878 ], [ -73.9959680703125, 40.703806476562498 ], [ -73.995983304687499, 40.703814398437494 ], [ -73.996000443359378, 40.703823310546866 ], [ -73.996019486328123, 40.703833212890615 ], [ -73.996040433593748, 40.70384410546874 ], [ -73.996063285156254, 40.703855988281241 ], [ -73.996088041015639, 40.703868861328118 ], [ -73.996114701171877, 40.703882724609372 ], [ -73.996143265625008, 40.703897578124995 ], [ -73.996173734375006, 40.703913421875001 ], [ -73.996211662109374, 40.703927030273434 ], [ -73.996257048828127, 40.703938403320308 ], [ -73.996309894531251, 40.703947541015623 ], [ -73.996370199218745, 40.703954443359379 ], [ -73.996437962890624, 40.703959110351562 ], [ -73.996513185546874, 40.703961541992186 ], [ -73.996595867187494, 40.703961738281251 ], [ -73.996686007812499, 40.703959699218743 ], [ -73.996783607421875, 40.703955424804683 ], [ -73.996888666015622, 40.703948915039057 ], [ -73.997001183593753, 40.703940169921864 ], [ -73.997121160156254, 40.70392918945312 ], [ -73.997248595703127, 40.703915973632803 ], [ -73.99738349023437, 40.703900522460934 ], [ -73.997525843749997, 40.703882835937492 ], [ -73.997675656249996, 40.703862914062498 ], [ -73.997832927734379, 40.70384075683593 ], [ -73.997997658203118, 40.703816364257811 ], [ -73.998169847656243, 40.703789736328126 ], [ -73.998349496093738, 40.703760873046868 ], [ -73.998536603515618, 40.703729774414057 ], [ -73.998731169921854, 40.703696440429681 ], [ -73.998933195312489, 40.703660871093746 ], [ -73.999142679687495, 40.703623066406244 ], [ -73.999359623046871, 40.703583026367184 ], [ -73.999584025390618, 40.703540750976558 ], [ -73.999815886718736, 40.703496240234372 ], [ -74.000055207031238, 40.703449494140628 ], [ -74.000301986328111, 40.70340051269531 ], [ -74.000556224609355, 40.703349295898434 ], [ -74.000817921874983, 40.703295843749999 ], [ -74.001087078125011, 40.70324015624999 ], [ -74.001349223632815, 40.703187449218738 ], [ -74.001604358398453, 40.703137722656244 ], [ -74.001852482421882, 40.703090976562493 ], [ -74.00209359570313, 40.703047210937491 ], [ -74.002327698242198, 40.703006425781247 ], [ -74.002554790039056, 40.702968621093746 ], [ -74.002774871093749, 40.702933796874994 ], [ -74.002987941406246, 40.702901953125 ], [ -74.003194000976549, 40.702873089843749 ], [ -74.003393049804686, 40.702847207031247 ], [ -74.003585087890613, 40.702824304687503 ], [ -74.00377011523436, 40.702804382812502 ], [ -74.003948131835926, 40.702787441406251 ], [ -74.004119137695298, 40.702773480468757 ], [ -74.004283132812489, 40.7027625 ], [ -74.004440117187514, 40.7027545 ], [ -74.004591491210959, 40.702750720703122 ], [ -74.004737254882826, 40.702751162109379 ], [ -74.004877408203129, 40.702755824218755 ], [ -74.005011951171866, 40.70276470703125 ], [ -74.005140883789068, 40.70277781054687 ], [ -74.00526420605469, 40.702795134765623 ], [ -74.005381917968748, 40.702816679687494 ], [ -74.005494019531255, 40.702842445312498 ], [ -74.00560471191406, 40.702876152343748 ], [ -74.005713995117191, 40.702917800781243 ], [ -74.005821869140632, 40.702967390624991 ], [ -74.005928333984386, 40.703024921874999 ], [ -74.006045993164065, 40.703101556640618 ], [ -74.006174846679698, 40.703197294921871 ], [ -74.006352705078129, 40.703345623046872 ], [ -74.006693, 40.703647 ] ] } },
{ "type": "Feature", "properties": { "Id": 0, "shape_id": "125", "route_id": "SB", "agency_id": "1", "short_name": "SB", "long_name": "South Brooklyn", "route_type": "4", "color": "#FFD100", "text_color": "FFFFFF", "rt_tp_txt": "Ferry", "direction": "NB" }, "geometry": { "type": "LineString", "coordinates": [ [ -74.013354, 40.680957 ], [ -74.012867288085943, 40.681393877929686 ], [ -74.01262809179687, 40.681614073242187 ], [ -74.012474173828139, 40.68176321191406 ], [ -74.012351455078132, 40.681889835937497 ], [ -74.012259935546879, 40.681993945312499 ], [ -74.012181588867193, 40.682091720703127 ], [ -74.01211641503906, 40.682183162109382 ], [ -74.012064414062493, 40.682268269531249 ], [ -74.012025585937508, 40.68234704296875 ], [ -74.011993921875003, 40.682424875976565 ], [ -74.011969421874994, 40.682501768554687 ], [ -74.011952085937494, 40.682577720703129 ], [ -74.01194191406249, 40.682652732421879 ], [ -74.011938906249981, 40.682726803710942 ], [ -74.011943062499995, 40.682799934570312 ], [ -74.01195438281249, 40.682872125 ], [ -74.011972867187495, 40.682943375 ], [ -74.011996512695305, 40.683015482421879 ], [ -74.012025319335947, 40.683088447265632 ], [ -74.012059287109381, 40.683162269531252 ], [ -74.012098416015633, 40.683236949218752 ], [ -74.012142706054703, 40.683312486328127 ], [ -74.012192157226565, 40.683388880859376 ], [ -74.012246769531259, 40.683466132812498 ], [ -74.012306542968759, 40.683544242187502 ], [ -74.012371477539062, 40.683623208984372 ], [ -74.012441573242199, 40.683703033203116 ], [ -74.012516830078127, 40.683783714843742 ], [ -74.012597248046873, 40.683865253906248 ], [ -74.012682827148438, 40.683947650390628 ], [ -74.012773567382808, 40.684030904296876 ], [ -74.012869468749997, 40.684115015625004 ], [ -74.012970531250005, 40.684199984374992 ], [ -74.013059442382811, 40.684289859374992 ], [ -74.013136202148431, 40.684384640624998 ], [ -74.013200810546863, 40.684484328124995 ], [ -74.013253267578136, 40.684588921874997 ], [ -74.013293573242194, 40.684698421874998 ], [ -74.013321727539065, 40.684812828124997 ], [ -74.013337730468749, 40.684932140625001 ], [ -74.013341582031245, 40.685056359375004 ], [ -74.013333282226554, 40.685185484375005 ], [ -74.013312831054677, 40.685319515625004 ], [ -74.013280228515612, 40.685458453125001 ], [ -74.01323547460936, 40.685602296874997 ], [ -74.013178569335921, 40.685751046874998 ], [ -74.013109512695308, 40.68590470312499 ], [ -74.013028304687495, 40.686063265624995 ], [ -74.012934945312509, 40.686226734374998 ], [ -74.012829434570321, 40.686395109374999 ], [ -74.012711772460946, 40.686568390624998 ], [ -74.012581958984384, 40.686746578124996 ], [ -74.012439994140635, 40.686929671874992 ], [ -74.012285877929699, 40.687117671874987 ], [ -74.012119610351576, 40.687310578124993 ], [ -74.011941191406265, 40.687508390624991 ], [ -74.011750621093739, 40.687711109374995 ], [ -74.011547899414055, 40.687918734374996 ], [ -74.011333026367183, 40.688131265624996 ], [ -74.011106001953124, 40.688348703125001 ], [ -74.010866826171878, 40.688571046874998 ], [ -74.010615499023444, 40.688798296875007 ], [ -74.010352020507824, 40.689030453125 ], [ -74.010076390625017, 40.689267515625005 ], [ -74.009788609374993, 40.689509484374994 ], [ -74.009509751953118, 40.689752794921873 ], [ -74.00923981835939, 40.689997447265625 ], [ -74.008978808593753, 40.690243441406253 ], [ -74.008726722656263, 40.690490777343754 ], [ -74.008483560546878, 40.690739455078131 ], [ -74.008249322265641, 40.690989474609381 ], [ -74.008024007812509, 40.691240835937499 ], [ -74.00780761718751, 40.691493539062499 ], [ -74.00760015039063, 40.69174758398438 ], [ -74.007401607421883, 40.692002970703129 ], [ -74.007211988281256, 40.692259699218752 ], [ -74.007031292968747, 40.69251776953125 ], [ -74.006859521484373, 40.692777181640622 ], [ -74.006696673828117, 40.693037935546869 ], [ -74.00654275, 40.693300031249997 ], [ -74.00639775, 40.69356346875 ], [ -74.006261673828135, 40.69382824804687 ], [ -74.006134521484398, 40.694094369140629 ], [ -74.006016292968766, 40.694361832031248 ], [ -74.005906988281254, 40.694630636718742 ], [ -74.005806607421874, 40.694900783203117 ], [ -74.005715150390643, 40.695172271484374 ], [ -74.005632617187501, 40.695445101562498 ], [ -74.005559007812508, 40.69571927343749 ], [ -74.005494322265619, 40.69599478710937 ], [ -74.005438560546878, 40.696271642578118 ], [ -74.005391722656256, 40.69654983984374 ], [ -74.005353808593753, 40.696829378906244 ], [ -74.005324818359384, 40.697110259765616 ], [ -74.005304751953133, 40.697392482421868 ], [ -74.005293609375002, 40.697676046874996 ], [ -74.005291390625004, 40.697960953124998 ], [ -74.005290635742199, 40.698238196289061 ], [ -74.005291344726572, 40.698507776367187 ], [ -74.005293517578139, 40.698769693359374 ], [ -74.005297154296869, 40.699023947265623 ], [ -74.005302254882821, 40.699270538085933 ], [ -74.005308819335937, 40.699509465820313 ], [ -74.005316847656246, 40.699740730468747 ], [ -74.005326339843748, 40.69996433203125 ], [ -74.005337295898414, 40.700180270507815 ], [ -74.005349715820302, 40.700388545898434 ], [ -74.005363599609353, 40.70058915820313 ], [ -74.005378947265626, 40.700782107421873 ], [ -74.005395758789064, 40.700967393554691 ], [ -74.00541403417968, 40.701145016601558 ], [ -74.005433773437488, 40.7013149765625 ], [ -74.005454976562504, 40.701477273437497 ], [ -74.005479038085937, 40.701633147460939 ], [ -74.005505958007802, 40.701782598632811 ], [ -74.005535736328113, 40.701925626953127 ], [ -74.005568373046884, 40.702062232421866 ], [ -74.005603868164059, 40.702192415039057 ], [ -74.005642221679693, 40.702316174804686 ], [ -74.005683433593759, 40.702433511718752 ], [ -74.005727503906257, 40.702544425781241 ], [ -74.005778616210961, 40.702652637695309 ], [ -74.005836770507841, 40.702758147460926 ], [ -74.005901966796898, 40.702860955078123 ], [ -74.005974205078132, 40.702961060546869 ], [ -74.006066036132822, 40.703069625976561 ], [ -74.006177459960952, 40.703186651367183 ], [ -74.006346128906259, 40.703345623046872 ], [ -74.006685, 40.703647 ] ] } },
{ "type": "Feature", "properties": { "Id": 0, "shape_id": "126", "route_id": "SB", "agency_id": "1", "short_name": "SB", "long_name": "South Brooklyn", "route_type": "4", "color": "#FFD100", "text_color": "FFFFFF", "rt_tp_txt": "Ferry", "direction": "SB" }, "geometry": { "type": "LineString", "coordinates": [ [ -74.006688, 40.703646 ], [ -74.006348416992182, 40.703344860351557 ], [ -74.006179395507814, 40.703186006835935 ], [ -74.006067741210927, 40.703069059570311 ], [ -74.005975722656245, 40.702960558593745 ], [ -74.005903339843769, 40.702860503906251 ], [ -74.005838015625017, 40.702757742187501 ], [ -74.005779750000016, 40.702652273437494 ], [ -74.005728542968768, 40.702544097656244 ], [ -74.005684394531244, 40.702433214843751 ], [ -74.005643112304682, 40.702315907226563 ], [ -74.005604696289055, 40.702192174804686 ], [ -74.005569146484376, 40.702062017578129 ], [ -74.005536462890632, 40.701925435546869 ], [ -74.005506645507808, 40.701782428710935 ], [ -74.005479694335946, 40.701632997070313 ], [ -74.005455609375005, 40.701477140625002 ], [ -74.005434390624998, 40.701314859375003 ], [ -74.005414640625006, 40.701144914062503 ], [ -74.005396359374998, 40.700967304687502 ], [ -74.005379546874991, 40.70078203125 ], [ -74.005364203124998, 40.700589093749997 ], [ -74.00535032812499, 40.7003884921875 ], [ -74.005337921874997, 40.700180226562495 ], [ -74.005326984375003, 40.699964296874995 ], [ -74.005317515624995, 40.699740703125002 ], [ -74.005309515625001, 40.699509445312501 ], [ -74.005302984374993, 40.699270523437491 ], [ -74.005297921874998, 40.699023937499994 ], [ -74.005294328125004, 40.698769687499997 ], [ -74.005292203125009, 40.698507773437498 ], [ -74.005291546875, 40.698238195312499 ], [ -74.005292359375005, 40.697960953124998 ], [ -74.005294640624996, 40.697676046874996 ], [ -74.005305849609371, 40.697392482421868 ], [ -74.005325986328131, 40.697110259765616 ], [ -74.005355050781247, 40.696829378906244 ], [ -74.005393042968748, 40.69654983984374 ], [ -74.00543996289062, 40.696271642578118 ], [ -74.005495810546861, 40.69599478710937 ], [ -74.005560585937488, 40.69571927343749 ], [ -74.005634289062513, 40.695445101562498 ], [ -74.005716919921895, 40.695172271484374 ], [ -74.005808478515632, 40.694900783203117 ], [ -74.005908964843755, 40.694630636718742 ], [ -74.006018378906262, 40.694361832031248 ], [ -74.006136720703125, 40.694094369140629 ], [ -74.006263990234373, 40.69382824804687 ], [ -74.006400187500006, 40.69356346875 ], [ -74.006545312499995, 40.693300031249997 ], [ -74.006699365234368, 40.693037935546869 ], [ -74.006862345703126, 40.692777181640622 ], [ -74.007034253906255, 40.69251776953125 ], [ -74.007215089843754, 40.692259699218752 ], [ -74.007404853515624, 40.692002970703129 ], [ -74.007603544921864, 40.69174758398438 ], [ -74.007811164062502, 40.691493539062499 ], [ -74.008027710937498, 40.691240835937499 ], [ -74.008253185546877, 40.690989474609381 ], [ -74.008487587890627, 40.690739455078131 ], [ -74.008730917968748, 40.690490777343754 ], [ -74.008983175781253, 40.690243441406253 ], [ -74.009244361328115, 40.689997447265625 ], [ -74.009514474609375, 40.689752794921873 ], [ -74.009793515625006, 40.689509484374994 ], [ -74.010081484375007, 40.689267515625005 ], [ -74.010357290039067, 40.689030453125 ], [ -74.010620932617201, 40.688798296875007 ], [ -74.010872412109379, 40.688571046874998 ], [ -74.011111728515644, 40.688348703125001 ], [ -74.011338881835954, 40.688131265624996 ], [ -74.011553872070323, 40.687918734374996 ], [ -74.011756699218765, 40.687711109374995 ], [ -74.011947363281266, 40.687508390624991 ], [ -74.012125864257825, 40.687310578124993 ], [ -74.012292202148458, 40.687117671874987 ], [ -74.012446376953136, 40.686929671874992 ], [ -74.012588388671887, 40.686746578124996 ], [ -74.012718237304696, 40.686568390624998 ], [ -74.012835922851565, 40.686395109374999 ], [ -74.012941445312507, 40.686226734374998 ], [ -74.013034804687493, 40.686063265624995 ], [ -74.013116000976552, 40.68590470312499 ], [ -74.013185034179685, 40.685751046874998 ], [ -74.013241904296876, 40.685602296874997 ], [ -74.013286611328112, 40.685458453125001 ], [ -74.013319155273422, 40.685319515625004 ], [ -74.013339536132804, 40.685185484375005 ], [ -74.013347753906245, 40.685056359375004 ], [ -74.013343808593746, 40.684932140625001 ], [ -74.013327700195305, 40.684812828124997 ], [ -74.013299428710923, 40.684698421874998 ], [ -74.013258994140614, 40.684588921874997 ], [ -74.013206396484378, 40.684484328124995 ], [ -74.013141635742187, 40.684384640624998 ], [ -74.013064711914055, 40.684289859374992 ], [ -74.012975625, 40.684199984374992 ], [ -74.012874375, 40.684115015625004 ], [ -74.012778290039051, 40.684030904296876 ], [ -74.012687370117192, 40.683947650390628 ], [ -74.012601615234374, 40.683865253906248 ], [ -74.012521025390612, 40.683783714843742 ], [ -74.01244560058592, 40.683703033203116 ], [ -74.012375340820299, 40.683623208984372 ], [ -74.012310246093733, 40.683544242187502 ], [ -74.012250316406238, 40.683466132812498 ], [ -74.012195551757799, 40.683388880859376 ], [ -74.012145952148444, 40.683312486328127 ], [ -74.012101517578117, 40.683236949218752 ], [ -74.012062248046874, 40.683162269531252 ], [ -74.012028143554673, 40.683088447265632 ], [ -74.011999204101556, 40.683015482421879 ], [ -74.011975429687482, 40.682943375 ], [ -74.011956820312491, 40.682872125 ], [ -74.011945376953122, 40.682799934570312 ], [ -74.011941099609373, 40.682726803710942 ], [ -74.011943988281246, 40.682652732421879 ], [ -74.011954042968739, 40.682577720703129 ], [ -74.011971263671853, 40.682501768554687 ], [ -74.011995650390617, 40.682424875976565 ], [ -74.012027203124987, 40.68234704296875 ], [ -74.012065921874992, 40.682268269531249 ], [ -74.012117809570313, 40.682183162109382 ], [ -74.012182866210935, 40.682091720703127 ], [ -74.012261091796873, 40.681993945312499 ], [ -74.012352486328126, 40.681889835937497 ], [ -74.012475058593751, 40.68176321191406 ], [ -74.012628808593746, 40.681614073242187 ], [ -74.012867762695308, 40.681393877929686 ], [ -74.013354, 40.680957 ] ] } },
{ "type": "Feature", "properties": { "Id": 0, "shape_id": "136", "route_id": "SB", "agency_id": "1", "short_name": "SB", "long_name": "South Brooklyn", "route_type": "4", "color": "#FFD100", "text_color": "FFFFFF", "rt_tp_txt": "Ferry", "direction": "SB" }, "geometry": { "type": "LineString", "coordinates": [ [ -74.016533, 40.686688 ], [ -74.015255588867191, 40.685739493164057 ], [ -74.01462165625, 40.68526548632812 ], [ -74.014205398437497, 40.684949810546868 ], [ -74.013864880859373, 40.684687076171869 ], [ -74.013600103515628, 40.684477283203123 ], [ -74.013363754882818, 40.684285301757811 ], [ -74.013155834960941, 40.684111131835934 ], [ -74.012976343749997, 40.683954773437499 ], [ -74.012825281250002, 40.683816226562499 ], [ -74.012686876953126, 40.683683781250004 ], [ -74.012561130859368, 40.683557437499999 ], [ -74.012448042968742, 40.6834371953125 ], [ -74.012347613281264, 40.683323054687499 ], [ -74.01225984179689, 40.683215015624995 ], [ -74.012184728515621, 40.683113078125004 ], [ -74.012122273437498, 40.683017242187503 ], [ -74.012072476562508, 40.682927507812494 ], [ -74.012030081054689, 40.682839971679684 ], [ -74.011995086914069, 40.68275463378906 ], [ -74.011967494140634, 40.682671494140621 ], [ -74.01194730273437, 40.682590552734375 ], [ -74.011934512695319, 40.682511809570315 ], [ -74.011929124023453, 40.682435264648433 ], [ -74.011931136718758, 40.682360917968744 ], [ -74.011940550781247, 40.682288769531247 ], [ -74.011957366210936, 40.68221881933593 ], [ -74.01198158300781, 40.682151067382812 ], [ -74.012013201171868, 40.682085513671872 ], [ -74.012052220703126, 40.682022158203125 ], [ -74.012098641601568, 40.681961000976557 ], [ -74.012152463867181, 40.681902041992188 ], [ -74.012213687499994, 40.681845281250006 ], [ -74.012282312500005, 40.681790718749994 ], [ -74.012346651367181, 40.681739583984367 ], [ -74.012406704101565, 40.681691876953124 ], [ -74.012462470703127, 40.681647597656251 ], [ -74.012513951171883, 40.681606746093749 ], [ -74.012561145507817, 40.681569322265631 ], [ -74.01260405371093, 40.681535326171876 ], [ -74.012642675781251, 40.681504757812498 ], [ -74.01267701171875, 40.681477617187504 ], [ -74.012707061523429, 40.681453904296873 ], [ -74.012732825195314, 40.681433619140627 ], [ -74.012754302734379, 40.681416761718751 ], [ -74.012771494140623, 40.681403332031252 ], [ -74.012784399414059, 40.681393330078123 ], [ -74.012793018554675, 40.681386755859378 ], [ -74.012797351562497, 40.681383609375004 ], [ -74.012797398437485, 40.681383890625 ], [ -74.012793159179665, 40.68138759960938 ], [ -74.012784633789039, 40.68139473632813 ], [ -74.012771822265606, 40.68140530078125 ], [ -74.012754724609351, 40.681419292968755 ], [ -74.01273334082029, 40.68143671289063 ], [ -74.012707670898422, 40.681457560546875 ], [ -74.012677714843733, 40.681481835937504 ], [ -74.012643472656237, 40.681509539062503 ], [ -74.012604944335919, 40.68154066992188 ], [ -74.012562129882809, 40.681575228515626 ], [ -74.012515029296864, 40.68161321484375 ], [ -74.012463642578112, 40.681654628906252 ], [ -74.012407969726553, 40.681699470703123 ], [ -74.012348010742173, 40.681747740234371 ], [ -74.012283765624986, 40.681799437500004 ], [ -74.012215234375006, 40.6818545625 ], [ -74.012152192382814, 40.681910422851566 ], [ -74.012094639648438, 40.681967018554694 ], [ -74.012042576171879, 40.682024349609378 ], [ -74.011996001953122, 40.682082416015632 ], [ -74.011954916992181, 40.682141217773442 ], [ -74.011919321289071, 40.682200754882814 ], [ -74.011889214843748, 40.682261027343756 ], [ -74.011864597656256, 40.682322035156254 ], [ -74.011845469726566, 40.682383778320315 ], [ -74.011831831054693, 40.682446256835945 ], [ -74.011823681640621, 40.682509470703131 ], [ -74.01182102148438, 40.68257341992188 ], [ -74.011823850585941, 40.682638104492192 ], [ -74.011832168945304, 40.682703524414073 ], [ -74.011845976562498, 40.68276967968751 ], [ -74.011865273437508, 40.682836570312503 ], [ -74.01189005957032, 40.682904196289066 ], [ -74.011920334960948, 40.682972557617198 ], [ -74.011956099609392, 40.683041654296886 ], [ -74.011997353515625, 40.68311148632813 ], [ -74.012044096679688, 40.683182053710944 ], [ -74.012096329101581, 40.68325335644532 ], [ -74.012154050781263, 40.683325394531252 ], [ -74.01221726171876, 40.683398167968761 ], [ -74.012285961914074, 40.683471676757819 ], [ -74.01236015136719, 40.683545920898439 ], [ -74.012439830078122, 40.683620900390622 ], [ -74.012524998046885, 40.683696615234382 ], [ -74.012615655273436, 40.683773065429691 ], [ -74.012711801757817, 40.683850250976562 ], [ -74.0128134375, 40.683928171874996 ], [ -74.0129205625, 40.684006828125007 ], [ -74.013015303710944, 40.684090872070314 ], [ -74.013097661132804, 40.684180303710946 ], [ -74.013167634765622, 40.684275123046874 ], [ -74.013225224609371, 40.684375330078126 ], [ -74.013270430664051, 40.684480924804681 ], [ -74.013303252929688, 40.684591907226562 ], [ -74.013323691406242, 40.684708277343745 ], [ -74.013331746093741, 40.684830035156253 ], [ -74.013327416992183, 40.684957180664064 ], [ -74.013310704101542, 40.685089713867185 ], [ -74.01328160742186, 40.685227634765624 ], [ -74.013240126953107, 40.685370943359374 ], [ -74.013186262695299, 40.685519639648433 ], [ -74.013120014648422, 40.685673723632817 ], [ -74.013041382812489, 40.685833195312497 ], [ -74.012950367187514, 40.685998054687502 ], [ -74.012846967773456, 40.68616830175781 ], [ -74.012731184570328, 40.686343936523436 ], [ -74.012603017578144, 40.686524958984378 ], [ -74.01246246679689, 40.686711369140625 ], [ -74.012309532226567, 40.686903166992195 ], [ -74.012144213867202, 40.687100352539062 ], [ -74.011966511718754, 40.687302925781253 ], [ -74.01177642578125, 40.687510886718748 ], [ -74.01157395605469, 40.68772423535156 ], [ -74.011359102539075, 40.687942971679689 ], [ -74.011131865234375, 40.688167095703122 ], [ -74.010892244140635, 40.688396607421879 ], [ -74.01064023925781, 40.688631506835939 ], [ -74.010375850585945, 40.68887179394531 ], [ -74.010099078124995, 40.689117468749998 ], [ -74.009809921875018, 40.689368531250004 ], [ -74.009526617187504, 40.689610825195317 ], [ -74.00924916406251, 40.689844350585943 ], [ -74.008977562500007, 40.690069107421877 ], [ -74.008711812499996, 40.690285095703125 ], [ -74.008451914062505, 40.690492315429694 ], [ -74.008197867187505, 40.690690766601563 ], [ -74.007949671874997, 40.690880449218753 ], [ -74.007707328125008, 40.69106136328125 ], [ -74.007470835937511, 40.691233508789061 ], [ -74.007240195312505, 40.691396885742186 ], [ -74.007015406250019, 40.691551494140626 ], [ -74.006796468749997, 40.691697333984379 ], [ -74.006583382812494, 40.69183440527344 ], [ -74.006376148437511, 40.691962708007821 ], [ -74.006174765625005, 40.692082242187503 ], [ -74.005979234375005, 40.692193007812499 ], [ -74.00578955468751, 40.692295004882808 ], [ -74.005605726562493, 40.692388233398432 ], [ -74.00542775, 40.69247269335937 ], [ -74.005255625000018, 40.692548384765622 ], [ -74.005089351562503, 40.692615307617189 ], [ -74.004928929687509, 40.692673461914062 ], [ -74.004774359375006, 40.692722847656249 ], [ -74.004625640624994, 40.69276346484375 ], [ -74.004482773437502, 40.692795313476559 ], [ -74.004345757812501, 40.692818393554688 ], [ -74.004214593749992, 40.692832705078125 ], [ -74.004089281250003, 40.692838248046876 ], [ -74.003969820312506, 40.69283502246094 ], [ -74.003856210937499, 40.692823028320312 ], [ -74.003748453125013, 40.692802265625005 ], [ -74.00364654687499, 40.692772734374998 ], [ -74.003551009765616, 40.692745048828129 ], [ -74.003461841796877, 40.692719208984371 ], [ -74.00337904296876, 40.692695214843752 ], [ -74.003302613281249, 40.69267306640625 ], [ -74.003232552734374, 40.692652763671873 ], [ -74.003168861328135, 40.692634306640628 ], [ -74.003111539062502, 40.692617695312506 ], [ -74.003060585937504, 40.692602929687496 ], [ -74.003016001953114, 40.692590009765624 ], [ -74.002977787109373, 40.692578935546877 ], [ -74.002945941406253, 40.692569707031254 ], [ -74.00292046484374, 40.692562324218748 ], [ -74.002901357421877, 40.692556787109375 ], [ -74.00288861914062, 40.692553095703126 ], [ -74.00288225, 40.69255125 ], [ -74.00288225, 40.69255125 ], [ -74.00288861914062, 40.692553095703126 ], [ -74.002901357421877, 40.692556787109375 ], [ -74.00292046484374, 40.692562324218748 ], [ -74.002945941406253, 40.692569707031254 ], [ -74.002977787109373, 40.692578935546877 ], [ -74.003016001953114, 40.692590009765624 ], [ -74.003060585937504, 40.692602929687496 ], [ -74.003111539062502, 40.692617695312506 ], [ -74.003168861328135, 40.692634306640628 ], [ -74.003232552734374, 40.692652763671873 ], [ -74.003302613281249, 40.69267306640625 ], [ -74.00337904296876, 40.692695214843752 ], [ -74.003461841796877, 40.692719208984371 ], [ -74.003551009765616, 40.692745048828129 ], [ -74.00364654687499, 40.692772734374998 ], [ -74.003748453125013, 40.692802265625005 ], [ -74.003847102539069, 40.692839776367194 ], [ -74.003942495117187, 40.692885266601564 ], [ -74.004034630859366, 40.692938736328131 ], [ -74.004123509765634, 40.693000185546879 ], [ -74.004209131835935, 40.693069614257816 ], [ -74.004291497070312, 40.693147022460941 ], [ -74.00437060546875, 40.693232410156256 ], [ -74.004446457031236, 40.693325777343745 ], [ -74.004519051757796, 40.693427124023437 ], [ -74.004588389648433, 40.69353645019531 ], [ -74.004654470703116, 40.693653755859373 ], [ -74.004717294921875, 40.693779041015624 ], [ -74.004776862304681, 40.693912305664057 ], [ -74.004833172851562, 40.694053549804686 ], [ -74.004886226562505, 40.694202773437496 ], [ -74.004936023437509, 40.694359976562502 ], [ -74.004982563476574, 40.69452515917969 ], [ -74.005025846679686, 40.694698321289067 ], [ -74.005065873046874, 40.694879462890626 ], [ -74.005102642578123, 40.695068583984373 ], [ -74.005136155273433, 40.695265684570316 ], [ -74.005166411132819, 40.695470764648434 ], [ -74.005193410156252, 40.695683824218747 ], [ -74.005217152343747, 40.695904863281243 ], [ -74.005237637695302, 40.696133881835934 ], [ -74.005254866210933, 40.696370879882814 ], [ -74.005268837890611, 40.696615857421875 ], [ -74.005279552734365, 40.696868814453126 ], [ -74.00528701074218, 40.697129750976565 ], [ -74.005291211914056, 40.697398666992186 ], [ -74.005292156250007, 40.697675562499995 ], [ -74.005289843749992, 40.697960437500001 ], [ -74.00528846679687, 40.698237176757814 ], [ -74.005288025390641, 40.698505780273436 ], [ -74.005288519531263, 40.698766248046873 ], [ -74.005289949218763, 40.699018580078118 ], [ -74.005292314453143, 40.699262776367185 ], [ -74.005295615234374, 40.699498836914053 ], [ -74.005299851562498, 40.699726761718743 ], [ -74.005305023437515, 40.699946550781256 ], [ -74.005311130859383, 40.700158204101569 ], [ -74.00531817382813, 40.700361721679691 ], [ -74.005326152343756, 40.700557103515628 ], [ -74.005335066406246, 40.70074434960938 ], [ -74.005344916015616, 40.70092345996094 ], [ -74.005355701171879, 40.701094434570315 ], [ -74.005367421875007, 40.701257273437506 ], [ -74.005380078125, 40.701411976562497 ], [ -74.005393669921887, 40.70155854394531 ], [ -74.005408197265623, 40.701696975585939 ], [ -74.005423660156254, 40.701827271484376 ], [ -74.005440058593749, 40.701949431640621 ], [ -74.005457392578123, 40.702063456054681 ], [ -74.005475662109376, 40.702169344726563 ], [ -74.005494867187494, 40.702267097656254 ], [ -74.005515007812519, 40.702356714843752 ], [ -74.005536083984396, 40.702438196289066 ], [ -74.005558095703137, 40.702511541992195 ], [ -74.005581042968771, 40.702576751953131 ], [ -74.005604925781256, 40.702633826171876 ], [ -74.005629744140634, 40.702682764648443 ], [ -74.005655498046877, 40.702723567382819 ], [ -74.0056821875, 40.702756234375002 ], [ -74.005709812500001, 40.702780765625008 ], [ -74.005735710937486, 40.702803763671881 ], [ -74.005759882812484, 40.702825228515628 ], [ -74.005782328124994, 40.702845160156258 ], [ -74.005803046874988, 40.702863558593748 ], [ -74.005822039062494, 40.702880423828127 ], [ -74.005839304687498, 40.70289575585938 ], [ -74.005854843750001, 40.702909554687508 ], [ -74.005868656249987, 40.702921820312511 ], [ -74.0058807421875, 40.702932552734389 ], [ -74.005891101562497, 40.702941751953134 ], [ -74.005899734375006, 40.70294941796876 ], [ -74.005906640624985, 40.702955550781255 ], [ -74.005911820312491, 40.702960150390631 ], [ -74.005915273437495, 40.702963216796881 ], [ -74.005917, 40.70296475 ], [ -74.005917, 40.70296475 ], [ -74.005915273437495, 40.702963216796881 ], [ -74.005911820312491, 40.702960150390631 ], [ -74.005906640624985, 40.702955550781255 ], [ -74.005899734375006, 40.70294941796876 ], [ -74.005891101562497, 40.702941751953134 ], [ -74.0058807421875, 40.702932552734389 ], [ -74.005868656249987, 40.702921820312511 ], [ -74.005854843750001, 40.702909554687508 ], [ -74.005839304687498, 40.70289575585938 ], [ -74.005822039062494, 40.702880423828127 ], [ -74.005803046874988, 40.702863558593748 ], [ -74.005782328124994, 40.702845160156258 ], [ -74.005759882812484, 40.702825228515628 ], [ -74.005735710937486, 40.702803763671881 ], [ -74.005709812500001, 40.702780765625008 ], [ -74.0056821875, 40.702756234375002 ], [ -74.005629825195314, 40.702739004882815 ], [ -74.005552725585943, 40.702729077148447 ], [ -74.005450888671888, 40.702726451171884 ], [ -74.005324314453134, 40.702731126953125 ], [ -74.005173002929695, 40.702743104492185 ], [ -74.004996954101571, 40.702762383789064 ], [ -74.004796167968749, 40.702788964843755 ], [ -74.00457064453127, 40.70282284765625 ], [ -74.004320383789079, 40.702864032226564 ], [ -74.004045385742202, 40.70291251855469 ], [ -74.003745650390641, 40.702968306640628 ], [ -74.003421177734381, 40.703031396484377 ], [ -74.003071967773437, 40.703101788085938 ], [ -74.002698020507822, 40.703179481445311 ], [ -74.002299335937508, 40.703264476562502 ], [ -74.001875914062495, 40.703356773437498 ], [ -74.001427754882812, 40.703456372070313 ], [ -74.000954858398444, 40.70356327246094 ], [ -74.000457224609377, 40.703677474609378 ], [ -73.999934853515626, 40.703798978515621 ], [ -73.99938774511719, 40.70392778417969 ], [ -73.998815899414055, 40.704063891601564 ], [ -73.998219316406249, 40.704207300781256 ], [ -73.997597996093745, 40.704358011718746 ], [ -73.996951938476556, 40.704516024414062 ], [ -73.996281143554683, 40.704681338867182 ], [ -73.99558561132811, 40.704853955078121 ], [ -73.994865341796881, 40.705033873046872 ], [ -73.99412033496094, 40.705221092773435 ], [ -73.993350590820313, 40.705415614257809 ], [ -73.992556109375002, 40.705617437499996 ], [ -73.991736890624992, 40.705826562500008 ], [ -73.99094346972656, 40.706030217773446 ], [ -73.990175846679676, 40.70622840332031 ], [ -73.989434021484357, 40.706421119140629 ], [ -73.988717994140615, 40.706608365234374 ], [ -73.988027764648436, 40.706790141601566 ], [ -73.987363333007806, 40.706966448242191 ], [ -73.986724699218755, 40.70713728515625 ], [ -73.986111863281238, 40.707302652343756 ], [ -73.985524825195313, 40.707462549804688 ], [ -73.984963584960937, 40.707616977539075 ], [ -73.984428142578125, 40.707765935546888 ], [ -73.983918498046876, 40.707909423828127 ], [ -73.983434651367176, 40.708047442382821 ], [ -73.982976602539068, 40.70817999121094 ], [ -73.982544351562495, 40.708307070312507 ], [ -73.9821378984375, 40.708428679687508 ], [ -73.981757243164054, 40.708544819335941 ], [ -73.9814023857422, 40.708655489257822 ], [ -73.981073326171881, 40.708760689453129 ], [ -73.980770064453125, 40.708860419921891 ], [ -73.980492600585933, 40.708954680664078 ], [ -73.980240934570304, 40.709043471679692 ], [ -73.980015066406253, 40.70912679296876 ], [ -73.979814996093751, 40.709204644531255 ], [ -73.979640723632826, 40.709277026367197 ], [ -73.979492249023451, 40.709343938476565 ], [ -73.979369572265639, 40.70940538085938 ], [ -73.979272693359377, 40.709461353515628 ], [ -73.979201612304692, 40.709511856445317 ], [ -73.979156329101556, 40.709556889648439 ], [ -73.979136843749998, 40.709596453125002 ], [ -73.979143156250004, 40.709630546875005 ], [ -73.979149074218753, 40.709662509765629 ], [ -73.979154597656247, 40.709692341796881 ], [ -73.9791597265625, 40.709720042968755 ], [ -73.979164460937497, 40.70974561328125 ], [ -73.979168800781252, 40.709769052734373 ], [ -73.979172746093752, 40.709790361328132 ], [ -73.979176296874996, 40.709809539062505 ], [ -73.979179453124999, 40.709826585937492 ], [ -73.979182214843746, 40.709841501953122 ], [ -73.979184582031252, 40.709854287109366 ], [ -73.979186554687502, 40.709864941406245 ], [ -73.979188132812496, 40.709873464843746 ], [ -73.979189316406249, 40.709879857421868 ], [ -73.979190105468746, 40.709884119140625 ], [ -73.9791905, 40.70988625 ], [ -73.9791905, 40.70988625 ], [ -73.979190105468746, 40.709884119140625 ], [ -73.979189316406249, 40.709879857421868 ], [ -73.979188132812496, 40.709873464843746 ], [ -73.979186554687502, 40.709864941406245 ], [ -73.979184582031252, 40.709854287109366 ], [ -73.979182214843746, 40.709841501953122 ], [ -73.979179453124999, 40.709826585937492 ], [ -73.979176296874996, 40.709809539062505 ], [ -73.979172746093752, 40.709790361328132 ], [ -73.979168800781252, 40.709769052734373 ], [ -73.979164460937497, 40.70974561328125 ], [ -73.9791597265625, 40.709720042968755 ], [ -73.979154597656247, 40.709692341796881 ], [ -73.979149074218753, 40.709662509765629 ], [ -73.979143156250004, 40.709630546875005 ], [ -73.979136843749998, 40.709596453125002 ], [ -73.979125544921871, 40.709564679687503 ], [ -73.979109259765622, 40.709535226562508 ], [ -73.97908798828125, 40.709508093750003 ], [ -73.979061730468757, 40.709483281250009 ], [ -73.979030486328128, 40.709460789062504 ], [ -73.978994255859391, 40.709440617187511 ], [ -73.978953039062503, 40.709422765625007 ], [ -73.978906835937494, 40.709407234375007 ], [ -73.978855646484377, 40.709394023437511 ], [ -73.978799470703137, 40.709383132812505 ], [ -73.978738308593762, 40.70937456250001 ], [ -73.97867216015625, 40.709368312500004 ], [ -73.978601025390617, 40.70936438281251 ], [ -73.978524904296876, 40.709362773437505 ], [ -73.978443796874998, 40.709363484375004 ], [ -73.978357703124999, 40.709366515625007 ], [ -73.978266623046864, 40.709371867187507 ], [ -73.97817055664062, 40.709379539062503 ], [ -73.978069503906241, 40.709389531250004 ], [ -73.977963464843739, 40.709401843750001 ], [ -73.977852439453116, 40.709416476562502 ], [ -73.977736427734371, 40.7094334296875 ], [ -73.977615429687489, 40.709452703125002 ], [ -73.9774894453125, 40.709474296875001 ], [ -73.97735847460936, 40.709498210937504 ], [ -73.977222517578127, 40.709524445312503 ], [ -73.977081574218744, 40.709553 ], [ -73.976935644531252, 40.709583875 ], [ -73.976784728515625, 40.709617070312504 ], [ -73.976628826171876, 40.709652585937505 ], [ -73.976467937500004, 40.709690421875003 ], [ -73.976302062499997, 40.709730578124997 ], [ -73.976137545898439, 40.70978036425781 ], [ -73.975974387695317, 40.709839780273441 ], [ -73.97581258789063, 40.709908826171876 ], [ -73.975652146484379, 40.709987501953115 ], [ -73.975493063476563, 40.71007580761718 ], [ -73.975335338867197, 40.710173743164056 ], [ -73.975178972656266, 40.710281308593743 ], [ -73.975023964843757, 40.710398503906255 ], [ -73.974870315429683, 40.710525329101571 ], [ -73.974718024414074, 40.710661784179692 ], [ -73.974567091796885, 40.710807869140623 ], [ -73.974417517578132, 40.71096358398438 ], [ -73.974269301757829, 40.711128928710941 ], [ -73.974122444335947, 40.711303903320314 ], [ -73.973976945312501, 40.711488507812497 ], [ -73.973832804687504, 40.711682742187499 ], [ -73.973690022460929, 40.711886606445304 ], [ -73.973548598632803, 40.712100100585928 ], [ -73.973408533203127, 40.712323224609371 ], [ -73.973269826171872, 40.712555978515617 ], [ -73.973132477539068, 40.712798362304682 ], [ -73.972996487304698, 40.713050375976565 ], [ -73.97286185546875, 40.713312019531251 ], [ -73.972728582031266, 40.713583292968742 ], [ -73.972596666992203, 40.713864196289059 ], [ -73.972466110351561, 40.714154729492186 ], [ -73.97233691210937, 40.714454892578125 ], [ -73.972209072265628, 40.714764685546875 ], [ -73.972082590820321, 40.715084108398436 ], [ -73.97195746777345, 40.715413161132815 ], [ -73.971833703125, 40.715751843749999 ], [ -73.971711296875, 40.71610015625 ], [ -73.971590287109379, 40.716458518554688 ], [ -73.971470673828122, 40.716826930664062 ], [ -73.971352457031259, 40.717205392578123 ], [ -73.971235636718745, 40.717593904296876 ], [ -73.971120212890625, 40.717992465820309 ], [ -73.971006185546884, 40.718401077148435 ], [ -73.970893554687507, 40.718819738281255 ], [ -73.970782320312495, 40.719248449218753 ], [ -73.970672482421875, 40.719687209960945 ], [ -73.970564041015621, 40.720136020507823 ], [ -73.970456996093759, 40.72059488085938 ], [ -73.970351347656248, 40.721063791015631 ], [ -73.97024709570313, 40.721542750976568 ], [ -73.97014424023439, 40.722031760742198 ], [ -73.970042781250015, 40.722530820312507 ], [ -73.969942718749991, 40.723039929687502 ], [ -73.969844052734373, 40.723559088867191 ], [ -73.969746783203135, 40.724088297851566 ], [ -73.969650910156247, 40.724627556640627 ], [ -73.969556433593752, 40.725176865234381 ], [ -73.969463353515621, 40.725736223632822 ], [ -73.969371669921884, 40.726305631835942 ], [ -73.969281382812511, 40.726885089843755 ], [ -73.969192492187503, 40.727474597656254 ], [ -73.969104998046873, 40.728074155273447 ], [ -73.969018900390637, 40.728683762695319 ], [ -73.968934199218751, 40.729303419921884 ], [ -73.968850894531258, 40.729933126953135 ], [ -73.968768986328129, 40.730572883789073 ], [ -73.96868847460938, 40.731222690429696 ], [ -73.968609359375009, 40.731882546875006 ], [ -73.968531640624988, 40.732552453125003 ], [ -73.968459672851552, 40.733202377929686 ], [ -73.968393456054685, 40.733832321289064 ], [ -73.968332990234373, 40.73444228320313 ], [ -73.968278275390617, 40.735032263671876 ], [ -73.96822931152343, 40.735602262695316 ], [ -73.968186098632799, 40.736152280273444 ], [ -73.968148636718723, 40.736682316406252 ], [ -73.968116925781231, 40.737192371093755 ], [ -73.968090965820295, 40.737682444335945 ], [ -73.968070756835914, 40.738152536132816 ], [ -73.968056298828103, 40.738602646484381 ], [ -73.968047591796861, 40.739032775390626 ], [ -73.96804463574216, 40.739442922851566 ], [ -73.968047430664043, 40.739833088867194 ], [ -73.968055976562482, 40.740203273437501 ], [ -73.96807027343749, 40.740553476562503 ], [ -73.968093643554681, 40.740884651367189 ], [ -73.968126086914054, 40.741196797851565 ], [ -73.96816760351561, 40.741489916015624 ], [ -73.968218193359348, 40.74176400585938 ], [ -73.968277856445297, 40.742019067382813 ], [ -73.968346592773415, 40.742255100585943 ], [ -73.968424402343743, 40.742472105468757 ], [ -73.968511285156239, 40.742670082031246 ], [ -73.968617208007814, 40.742851889648435 ], [ -73.968742170898437, 40.743017528320316 ], [ -73.968886173828125, 40.743166998046874 ], [ -73.969049216796876, 40.743300298828132 ], [ -73.969261200195319, 40.743426008789065 ], [ -73.969522124023428, 40.743544127929688 ], [ -73.969921689453116, 40.743680390625002 ], [ -73.970729, 40.743912 ] ] } },
{ "type": "Feature", "properties": { "Id": 0, "shape_id": "137", "route_id": "SB", "agency_id": "1", "short_name": "SB", "long_name": "South Brooklyn", "route_type": "4", "color": "#FFD100", "text_color": "FFFFFF", "rt_tp_txt": "Ferry", "direction": "SB" }, "geometry": { "type": "LineString", "coordinates": [ [ -73.970729, 40.743912 ], [ -73.969921689453116, 40.743680390625002 ], [ -73.969522124023428, 40.743544127929688 ], [ -73.969261200195319, 40.743426008789065 ], [ -73.969049216796876, 40.743300298828132 ], [ -73.968886173828125, 40.743166998046874 ], [ -73.968742170898437, 40.743017528320316 ], [ -73.968617208007814, 40.742851889648435 ], [ -73.968511285156239, 40.742670082031246 ], [ -73.968424402343743, 40.742472105468757 ], [ -73.968346592773415, 40.742255100585943 ], [ -73.968277856445297, 40.742019067382813 ], [ -73.968218193359348, 40.74176400585938 ], [ -73.96816760351561, 40.741489916015624 ], [ -73.968126086914054, 40.741196797851565 ], [ -73.968093643554681, 40.740884651367189 ], [ -73.96807027343749, 40.740553476562503 ], [ -73.968055976562482, 40.740203273437501 ], [ -73.968047430664043, 40.739833088867194 ], [ -73.96804463574216, 40.739442922851566 ], [ -73.968047591796861, 40.739032775390626 ], [ -73.968056298828103, 40.738602646484381 ], [ -73.968070756835914, 40.738152536132816 ], [ -73.968090965820295, 40.737682444335945 ], [ -73.968116925781231, 40.737192371093755 ], [ -73.968148636718723, 40.736682316406252 ], [ -73.968186098632799, 40.736152280273444 ], [ -73.96822931152343, 40.735602262695316 ], [ -73.968278275390617, 40.735032263671876 ], [ -73.968332990234373, 40.73444228320313 ], [ -73.968393456054685, 40.733832321289064 ], [ -73.968459672851552, 40.733202377929686 ], [ -73.968531640624988, 40.732552453125003 ], [ -73.968609359375009, 40.731882546875006 ], [ -73.96868847460938, 40.731222690429696 ], [ -73.968768986328129, 40.730572883789073 ], [ -73.968850894531258, 40.729933126953135 ], [ -73.968934199218751, 40.729303419921884 ], [ -73.969018900390637, 40.728683762695319 ], [ -73.969104998046873, 40.728074155273447 ], [ -73.969192492187503, 40.727474597656254 ], [ -73.969281382812511, 40.726885089843755 ], [ -73.969371669921884, 40.726305631835942 ], [ -73.969463353515621, 40.725736223632822 ], [ -73.969556433593752, 40.725176865234381 ], [ -73.969650910156247, 40.724627556640627 ], [ -73.969746783203135, 40.724088297851566 ], [ -73.969844052734373, 40.723559088867191 ], [ -73.969942718749991, 40.723039929687502 ], [ -73.970042781250015, 40.722530820312507 ], [ -73.97014424023439, 40.722031760742198 ], [ -73.97024709570313, 40.721542750976568 ], [ -73.970351347656248, 40.721063791015631 ], [ -73.970456996093759, 40.72059488085938 ], [ -73.970564041015621, 40.720136020507823 ], [ -73.970672482421875, 40.719687209960945 ], [ -73.970782320312495, 40.719248449218753 ], [ -73.970893554687507, 40.718819738281255 ], [ -73.971006185546884, 40.718401077148435 ], [ -73.971120212890625, 40.717992465820309 ], [ -73.971235636718745, 40.717593904296876 ], [ -73.971352457031259, 40.717205392578123 ], [ -73.971470673828122, 40.716826930664062 ], [ -73.971590287109379, 40.716458518554688 ], [ -73.971711296875, 40.71610015625 ], [ -73.971833703125, 40.715751843749999 ], [ -73.97195746777345, 40.715413161132815 ], [ -73.972082590820321, 40.715084108398436 ], [ -73.972209072265628, 40.714764685546875 ], [ -73.97233691210937, 40.714454892578125 ], [ -73.972466110351561, 40.714154729492186 ], [ -73.972596666992203, 40.713864196289059 ], [ -73.972728582031266, 40.713583292968742 ], [ -73.97286185546875, 40.713312019531251 ], [ -73.972996487304698, 40.713050375976565 ], [ -73.973132477539068, 40.712798362304682 ], [ -73.973269826171872, 40.712555978515617 ], [ -73.973408533203127, 40.712323224609371 ], [ -73.973548598632803, 40.712100100585928 ], [ -73.973690022460929, 40.711886606445304 ], [ -73.973832804687504, 40.711682742187499 ], [ -73.973976945312501, 40.711488507812497 ], [ -73.974122444335947, 40.711303903320314 ], [ -73.974269301757829, 40.711128928710941 ], [ -73.974417517578132, 40.71096358398438 ], [ -73.974567091796885, 40.710807869140623 ], [ -73.974718024414074, 40.710661784179692 ], [ -73.974870315429683, 40.710525329101571 ], [ -73.975023964843757, 40.710398503906255 ], [ -73.975178972656266, 40.710281308593743 ], [ -73.975335338867197, 40.710173743164056 ], [ -73.975493063476563, 40.71007580761718 ], [ -73.975652146484379, 40.709987501953115 ], [ -73.97581258789063, 40.709908826171876 ], [ -73.975974387695317, 40.709839780273441 ], [ -73.976137545898439, 40.70978036425781 ], [ -73.976302062499997, 40.709730578124997 ], [ -73.976467937500004, 40.709690421875003 ], [ -73.976628826171876, 40.709652585937505 ], [ -73.976784728515625, 40.709617070312504 ], [ -73.976935644531252, 40.709583875 ], [ -73.977081574218744, 40.709553 ], [ -73.977222517578127, 40.709524445312503 ], [ -73.97735847460936, 40.709498210937504 ], [ -73.9774894453125, 40.709474296875001 ], [ -73.977615429687489, 40.709452703125002 ], [ -73.977736427734371, 40.7094334296875 ], [ -73.977852439453116, 40.709416476562502 ], [ -73.977963464843739, 40.709401843750001 ], [ -73.978069503906241, 40.709389531250004 ], [ -73.97817055664062, 40.709379539062503 ], [ -73.978266623046864, 40.709371867187507 ], [ -73.978357703124999, 40.709366515625007 ], [ -73.978443796874998, 40.709363484375004 ], [ -73.978524904296876, 40.709362773437505 ], [ -73.978601025390617, 40.70936438281251 ], [ -73.97867216015625, 40.709368312500004 ], [ -73.978738308593762, 40.70937456250001 ], [ -73.978799470703137, 40.709383132812505 ], [ -73.978855646484377, 40.709394023437511 ], [ -73.978906835937494, 40.709407234375007 ], [ -73.978953039062503, 40.709422765625007 ], [ -73.978994255859391, 40.709440617187511 ], [ -73.979030486328128, 40.709460789062504 ], [ -73.979061730468757, 40.709483281250009 ], [ -73.97908798828125, 40.709508093750003 ], [ -73.979109259765622, 40.709535226562508 ], [ -73.979125544921871, 40.709564679687503 ], [ -73.979136843749998, 40.709596453125002 ], [ -73.979143156250004, 40.709630546875005 ], [ -73.979149074218753, 40.709662509765629 ], [ -73.979154597656247, 40.709692341796881 ], [ -73.9791597265625, 40.709720042968755 ], [ -73.979164460937497, 40.70974561328125 ], [ -73.979168800781252, 40.709769052734373 ], [ -73.979172746093752, 40.709790361328132 ], [ -73.979176296874996, 40.709809539062505 ], [ -73.979179453124999, 40.709826585937492 ], [ -73.979182214843746, 40.709841501953122 ], [ -73.979184582031252, 40.709854287109366 ], [ -73.979186554687502, 40.709864941406245 ], [ -73.979188132812496, 40.709873464843746 ], [ -73.979189316406249, 40.709879857421868 ], [ -73.979190105468746, 40.709884119140625 ], [ -73.9791905, 40.70988625 ], [ -73.9791905, 40.70988625 ], [ -73.979190105468746, 40.709884119140625 ], [ -73.979189316406249, 40.709879857421868 ], [ -73.979188132812496, 40.709873464843746 ], [ -73.979186554687502, 40.709864941406245 ], [ -73.979184582031252, 40.709854287109366 ], [ -73.979182214843746, 40.709841501953122 ], [ -73.979179453124999, 40.709826585937492 ], [ -73.979176296874996, 40.709809539062505 ], [ -73.979172746093752, 40.709790361328132 ], [ -73.979168800781252, 40.709769052734373 ], [ -73.979164460937497, 40.70974561328125 ], [ -73.9791597265625, 40.709720042968755 ], [ -73.979154597656247, 40.709692341796881 ], [ -73.979149074218753, 40.709662509765629 ], [ -73.979143156250004, 40.709630546875005 ], [ -73.979136843749998, 40.709596453125002 ], [ -73.979156330078126, 40.709556890625002 ], [ -73.979201615234373, 40.709511859375006 ], [ -73.979272699218754, 40.709461359375005 ], [ -73.979369582031254, 40.709405390625008 ], [ -73.979492263671872, 40.709343953125 ], [ -73.979640744140625, 40.709277046875002 ], [ -73.979815023437496, 40.709204671875 ], [ -73.9800151015625, 40.709126828125008 ], [ -73.980240978515624, 40.709043515625005 ], [ -73.980492654296881, 40.708954734374998 ], [ -73.980770128906258, 40.708860484374995 ], [ -73.981073402343753, 40.708760765625001 ], [ -73.981402474609382, 40.708655578125004 ], [ -73.98175734570313, 40.708544921875003 ], [ -73.982138015624997, 40.708428796875005 ], [ -73.982544484374998, 40.708307203125003 ], [ -73.982976751953117, 40.708180140625004 ], [ -73.983434818359356, 40.708047609375008 ], [ -73.983918683593743, 40.707909609375008 ], [ -73.984428347656234, 40.707766140624997 ], [ -73.984963810546873, 40.707617203124997 ], [ -73.985525072265602, 40.707462796875006 ], [ -73.98611213281248, 40.707302921875005 ], [ -73.986724992187504, 40.707137578125 ], [ -73.98736365039062, 40.706966765624998 ], [ -73.988028107421883, 40.706790484374999 ], [ -73.988718363281251, 40.706608734374996 ], [ -73.989434417968752, 40.706421515624996 ], [ -73.990176271484387, 40.706228828124992 ], [ -73.990943923828127, 40.706030671874998 ], [ -73.991737375000014, 40.705827046875001 ], [ -73.992556625, 40.705617953125 ], [ -73.993351135742188, 40.705416159179691 ], [ -73.994120907226559, 40.705221665039062 ], [ -73.994865939453121, 40.705034470703126 ], [ -73.995586232421886, 40.704854576171883 ], [ -73.996281786132812, 40.704681981445319 ], [ -73.996952600585942, 40.704516686523441 ], [ -73.997598675781262, 40.704358691406256 ], [ -73.998220011718757, 40.704207996093743 ], [ -73.998816608398457, 40.70406460058593 ], [ -73.999388465820331, 40.703928504882811 ], [ -73.999935583984382, 40.70379970898437 ], [ -74.000457962890636, 40.703678212890622 ], [ -74.000955602539065, 40.703564016601561 ], [ -74.001428502929684, 40.703457120117186 ], [ -74.001876664062507, 40.703357523437496 ], [ -74.002300085937492, 40.7032652265625 ], [ -74.00269876855468, 40.703180229492183 ], [ -74.003072711914058, 40.703102532226559 ], [ -74.003421916015611, 40.703032134765621 ], [ -74.003746380859383, 40.702969037109376 ], [ -74.004046106445315, 40.702913239257811 ], [ -74.004321092773438, 40.702864741210931 ], [ -74.00457133984375, 40.702823542968744 ], [ -74.004796847656252, 40.702789644531251 ], [ -74.004997616210943, 40.702763045898436 ], [ -74.005173645507824, 40.702743747070308 ], [ -74.005324935546881, 40.702731748046872 ], [ -74.005451486328127, 40.702727048828123 ], [ -74.005553297851577, 40.70272964941406 ], [ -74.005630370117188, 40.70273954980469 ], [ -74.005682703125004, 40.70275675 ], [ -74.005710296875009, 40.70278125 ], [ -74.005736166015623, 40.702804218750003 ], [ -74.00576031054689, 40.702825656250006 ], [ -74.005782730468766, 40.702845562500002 ], [ -74.005803425781252, 40.702863937500013 ], [ -74.005822396484376, 40.702880781250009 ], [ -74.005839642578138, 40.702896093750006 ], [ -74.00585516406251, 40.702909875 ], [ -74.005868960937505, 40.702922125 ], [ -74.005881033203138, 40.702932843749998 ], [ -74.005891380859367, 40.702942031250004 ], [ -74.005900003906248, 40.702949687500002 ], [ -74.005906902343753, 40.702955812500008 ], [ -74.005912076171882, 40.702960406250007 ], [ -74.005915525390634, 40.702963468750006 ], [ -74.00591725000001, 40.702965 ], [ -74.00591725000001, 40.702965 ], [ -74.005915525390634, 40.702963468750006 ], [ -74.005912076171882, 40.702960406250007 ], [ -74.005906902343753, 40.702955812500008 ], [ -74.005900003906248, 40.702949687500002 ], [ -74.005891380859367, 40.702942031250004 ], [ -74.005881033203138, 40.702932843749998 ], [ -74.005868960937505, 40.702922125 ], [ -74.00585516406251, 40.702909875 ], [ -74.005839642578138, 40.702896093750006 ], [ -74.005822396484376, 40.702880781250009 ], [ -74.005803425781252, 40.702863937500013 ], [ -74.005782730468766, 40.702845562500002 ], [ -74.00576031054689, 40.702825656250006 ], [ -74.005736166015623, 40.702804218750003 ], [ -74.005710296875009, 40.70278125 ], [ -74.005682703125004, 40.70275675 ], [ -74.005656042968752, 40.702724112304693 ], [ -74.00563031640624, 40.702683336914063 ], [ -74.005605523437495, 40.702634423828123 ], [ -74.005581664062518, 40.702577373046879 ], [ -74.005558738281266, 40.70251218457031 ], [ -74.005536746093753, 40.702438858398438 ], [ -74.005515687500008, 40.702357394531248 ], [ -74.005495562500002, 40.702267792968755 ], [ -74.005476371093749, 40.702170053710937 ], [ -74.00545811328125, 40.702064176757816 ], [ -74.005440789062504, 40.701950162109377 ], [ -74.005424398437498, 40.70182800976562 ], [ -74.005408941406259, 40.70169771972656 ], [ -74.005394417968759, 40.701559291992183 ], [ -74.005380828124999, 40.701412726562495 ], [ -74.005368171875006, 40.701258023437504 ], [ -74.005356449218738, 40.701095182617195 ], [ -74.005345660156252, 40.700924204101568 ], [ -74.005335804687491, 40.700745087890624 ], [ -74.005326882812511, 40.700557833984377 ], [ -74.005318894531257, 40.700362442382811 ], [ -74.005311839843756, 40.700158913085929 ], [ -74.005305718750009, 40.699947246093743 ], [ -74.005300531250001, 40.699727441406253 ], [ -74.005296277343746, 40.699499499023439 ], [ -74.005292957031259, 40.699263418945314 ], [ -74.005290570312511, 40.699019201171879 ], [ -74.005289117187502, 40.698766845703119 ], [ -74.005288597656261, 40.698506352539056 ], [ -74.005289011718759, 40.698237721679689 ], [ -74.00529035937501, 40.697960953124998 ], [ -74.005292640625001, 40.697676046874996 ], [ -74.005291666015637, 40.697399121093746 ], [ -74.005287435546876, 40.697130175781247 ], [ -74.00527994921876, 40.696869210937493 ], [ -74.005269207031247, 40.696616226562497 ], [ -74.005255208984366, 40.696371222656239 ], [ -74.00523795507813, 40.696134199218747 ], [ -74.005217445312496, 40.695905156249992 ], [ -74.005193679687508, 40.695684093750003 ], [ -74.005166658203137, 40.695471011718752 ], [ -74.005136380859369, 40.695265910156252 ], [ -74.005102847656246, 40.695068789062503 ], [ -74.005066058593769, 40.694879648437492 ], [ -74.00502601367188, 40.694698488281247 ], [ -74.004982712890637, 40.694525308593747 ], [ -74.004936156250011, 40.694360109374998 ], [ -74.004886343750002, 40.694202890625 ], [ -74.004833275390638, 40.694053652343747 ], [ -74.004776951171891, 40.693912394531246 ], [ -74.004717371093761, 40.693779117187496 ], [ -74.004654535156249, 40.693653820312498 ], [ -74.004588443359381, 40.693536503906252 ], [ -74.004519095703131, 40.69342716796875 ], [ -74.004446492187498, 40.693325812499999 ], [ -74.00437063281251, 40.693232437500001 ], [ -74.004291517578139, 40.693147042968747 ], [ -74.004209146484385, 40.693069628906251 ], [ -74.004123519531248, 40.6930001953125 ], [ -74.004034636718757, 40.692938742187501 ], [ -74.003942498046882, 40.692885269531253 ], [ -74.003847103515625, 40.69283977734375 ], [ -74.003748453125013, 40.692802265625005 ], [ -74.00364654687499, 40.692772734374998 ], [ -74.003551009765616, 40.692745048828129 ], [ -74.003461841796877, 40.692719208984371 ], [ -74.00337904296876, 40.692695214843752 ], [ -74.003302613281249, 40.69267306640625 ], [ -74.003232552734374, 40.692652763671873 ], [ -74.003168861328135, 40.692634306640628 ], [ -74.003111539062502, 40.692617695312506 ], [ -74.003060585937504, 40.692602929687496 ], [ -74.003016001953114, 40.692590009765624 ], [ -74.002977787109373, 40.692578935546877 ], [ -74.002945941406253, 40.692569707031254 ], [ -74.00292046484374, 40.692562324218748 ], [ -74.002901357421877, 40.692556787109375 ], [ -74.00288861914062, 40.692553095703126 ], [ -74.00288225, 40.69255125 ], [ -74.00288225, 40.69255125 ], [ -74.00288861914062, 40.692553095703126 ], [ -74.002901357421877, 40.692556787109375 ], [ -74.00292046484374, 40.692562324218748 ], [ -74.002945941406253, 40.692569707031254 ], [ -74.002977787109373, 40.692578935546877 ], [ -74.003016001953114, 40.692590009765624 ], [ -74.003060585937504, 40.692602929687496 ], [ -74.003111539062502, 40.692617695312506 ], [ -74.003168861328135, 40.692634306640628 ], [ -74.003232552734374, 40.692652763671873 ], [ -74.003302613281249, 40.69267306640625 ], [ -74.00337904296876, 40.692695214843752 ], [ -74.003461841796877, 40.692719208984371 ], [ -74.003551009765616, 40.692745048828129 ], [ -74.00364654687499, 40.692772734374998 ], [ -74.003748453125013, 40.692802265625005 ], [ -74.003856346679697, 40.692823176757813 ], [ -74.003970227539071, 40.692835467773442 ], [ -74.004090095703134, 40.692839138671879 ], [ -74.004215951171886, 40.692834189453123 ], [ -74.004347793945328, 40.692820620117189 ], [ -74.004485624023431, 40.692798430664062 ], [ -74.004629441406252, 40.692767621093751 ], [ -74.004779246093747, 40.692728191406253 ], [ -74.004935038085932, 40.692680141601564 ], [ -74.005096817382821, 40.692623471679688 ], [ -74.005264583984385, 40.692558181640628 ], [ -74.005438337890624, 40.692484271484375 ], [ -74.005618079101566, 40.692401741210936 ], [ -74.005803807617198, 40.692310590820313 ], [ -74.005995523437505, 40.692210820312496 ], [ -74.006193226562502, 40.692102429687502 ], [ -74.006396916992188, 40.691985418945315 ], [ -74.006606594726563, 40.691859788085935 ], [ -74.006822259765627, 40.691725537109377 ], [ -74.007043912109381, 40.69158266601562 ], [ -74.00727155175781, 40.691431174804684 ], [ -74.007505178710943, 40.691271063476563 ], [ -74.007744792968751, 40.691102332031249 ], [ -74.007990394531248, 40.690924980468743 ], [ -74.008241983398449, 40.690739008789059 ], [ -74.008499559570311, 40.690544416992182 ], [ -74.008763123046862, 40.690341205078127 ], [ -74.009032673828131, 40.690129373046872 ], [ -74.00930821191406, 40.689908920898432 ], [ -74.00958973730468, 40.689679848632807 ], [ -74.009877249999988, 40.689442156249996 ], [ -74.010170750000015, 40.689195843749999 ], [ -74.010451751953141, 40.688954616210935 ], [ -74.010720255859383, 40.688718473632818 ], [ -74.010976261718767, 40.688487416015626 ], [ -74.011219769531252, 40.688261443359373 ], [ -74.011450779296879, 40.68804055566406 ], [ -74.011669291015636, 40.687824752929686 ], [ -74.011875304687507, 40.687614035156244 ], [ -74.012068820312507, 40.687408402343749 ], [ -74.012249837890636, 40.687207854492186 ], [ -74.012418357421879, 40.687012391601556 ], [ -74.012574378906251, 40.686822013671872 ], [ -74.012717902343766, 40.68663672070312 ], [ -74.012848927734382, 40.686456512695308 ], [ -74.01296745507814, 40.686281389648435 ], [ -74.013073484375013, 40.686111351562502 ], [ -74.013167015624987, 40.685946398437494 ], [ -74.013248048828117, 40.685786530273433 ], [ -74.013316583984363, 40.685631747070317 ], [ -74.013372621093737, 40.685482048828128 ], [ -74.013416160156254, 40.685337435546877 ], [ -74.013447201171886, 40.685197907226566 ], [ -74.013465744140632, 40.685063463867188 ], [ -74.013471789062493, 40.684934105468749 ], [ -74.013465335937497, 40.684809832031249 ], [ -74.013446384765615, 40.684690643554681 ], [ -74.013414935546862, 40.68457654003906 ], [ -74.013370988281238, 40.684467521484372 ], [ -74.013314542968743, 40.684363587890616 ], [ -74.013245599609363, 40.684264739257806 ], [ -74.013164158203125, 40.684170975585928 ], [ -74.013070218750002, 40.68408229687499 ], [ -74.012963781249994, 40.683998703124999 ], [ -74.012862681640627, 40.683915987304687 ], [ -74.012766919921873, 40.683834149414061 ], [ -74.012676496093746, 40.683753189453128 ], [ -74.012591410156261, 40.683673107421868 ], [ -74.012511662109375, 40.683593903320308 ], [ -74.012437251953131, 40.683515577148434 ], [ -74.012368179687499, 40.683438128906246 ], [ -74.012304445312509, 40.683361558593745 ], [ -74.012246048828132, 40.68328586621093 ], [ -74.012192990234382, 40.683211051757809 ], [ -74.01214526953126, 40.683137115234366 ], [ -74.01210288671875, 40.683064056640617 ], [ -74.012065841796883, 40.682991875976555 ], [ -74.012034134765628, 40.682920573242178 ], [ -74.012007765625015, 40.682850148437495 ], [ -74.011986734375, 40.682780601562492 ], [ -74.011971041015627, 40.682711932617181 ], [ -74.011960685546882, 40.682644141601557 ], [ -74.011955667968749, 40.682577228515619 ], [ -74.011955988281272, 40.682511193359367 ], [ -74.011961646484394, 40.682446036132802 ], [ -74.011972642578144, 40.682381756835923 ], [ -74.01198897656252, 40.682318355468738 ], [ -74.012010648437496, 40.682255832031245 ], [ -74.012037658203127, 40.682194186523432 ], [ -74.012070005859371, 40.682133418945305 ], [ -74.012107691406243, 40.682073529296872 ], [ -74.012150714843756, 40.682014517578118 ], [ -74.012199076171868, 40.681956383789057 ], [ -74.012252775390621, 40.681899127929682 ], [ -74.012311812500002, 40.68184275 ], [ -74.012376187499996, 40.68178725 ], [ -74.01243653710938, 40.681735241210937 ], [ -74.012492861328127, 40.681686723632808 ], [ -74.01254516015625, 40.681641697265619 ], [ -74.01259343359375, 40.681600162109376 ], [ -74.012637681640626, 40.681562118164067 ], [ -74.012677904296865, 40.68152756542969 ], [ -74.012714101562494, 40.681496503906253 ], [ -74.012746273437486, 40.681468933593749 ], [ -74.012774419921868, 40.681444854492192 ], [ -74.012798541015627, 40.68142426660156 ], [ -74.012818636718748, 40.681407169921876 ], [ -74.012834707031232, 40.681393564453131 ], [ -74.012846751953106, 40.681383450195312 ], [ -74.012854771484371, 40.681376827148441 ], [ -74.012858765624998, 40.681373695312502 ], [ -74.012858734374987, 40.681374054687495 ], [ -74.012854677734367, 40.681377905273436 ], [ -74.012846595703124, 40.68138524707031 ], [ -74.012834488281243, 40.681396080078116 ], [ -74.012818355468752, 40.681410404296869 ], [ -74.012798197265624, 40.681428219726556 ], [ -74.012774013671873, 40.681449526367174 ], [ -74.012745804687498, 40.68147432421874 ], [ -74.012713570312485, 40.681502613281253 ], [ -74.012677310546863, 40.681534393554692 ], [ -74.012637025390617, 40.681569665039063 ], [ -74.012592714843748, 40.681608427734375 ], [ -74.012544378906227, 40.681650681640626 ], [ -74.012492017578111, 40.68169642675781 ], [ -74.012435630859372, 40.681745663085934 ], [ -74.012375218750009, 40.681798390624998 ], [ -74.012310781249994, 40.681854609375002 ], [ -74.012253350585937, 40.681912956054688 ], [ -74.012202926757823, 40.681973430664058 ], [ -74.012159509765638, 40.682036033203126 ], [ -74.012123099609383, 40.682100763671876 ], [ -74.012093696289071, 40.68216762207031 ], [ -74.012071299804703, 40.682236608398441 ], [ -74.012055910156263, 40.682307722656248 ], [ -74.012047527343753, 40.682380964843752 ], [ -74.012046151367201, 40.682456334960939 ], [ -74.012051782226564, 40.68253383300781 ], [ -74.012064419921884, 40.682613458984378 ], [ -74.012084064453134, 40.682695212890621 ], [ -74.012110715820313, 40.682779094726563 ], [ -74.01214437402345, 40.682865104492187 ], [ -74.012185039062501, 40.682953242187494 ], [ -74.012232710937511, 40.683043507812499 ], [ -74.012292382812518, 40.683139786132813 ], [ -74.012364054687509, 40.683242077148435 ], [ -74.012447726562499, 40.683350380859373 ], [ -74.012543398437487, 40.683464697265627 ], [ -74.012651070312501, 40.683585026367183 ], [ -74.012770742187499, 40.683711368164062 ], [ -74.012902414062495, 40.683843722656249 ], [ -74.013046085937503, 40.683982089843752 ], [ -74.013216737304674, 40.684138124023441 ], [ -74.013414368164064, 40.684311825195316 ], [ -74.013638978515615, 40.684503193359376 ], [ -74.013890568359386, 40.684712228515622 ], [ -74.014214076171882, 40.684973893554684 ], [ -74.014609501953132, 40.685288188476562 ], [ -74.01521166113281, 40.68576000195312 ], [ -74.016425, 40.686704 ] ] } },
{ "type": "Feature", "properties": { "Id": 0, "shape_id": "138", "route_id": "SG", "agency_id": "1", "short_name": "SG", "long_name": "St. George", "route_type": "4", "color": "#D0006F", "text_color": "FFFFFF", "rt_tp_txt": "Ferry", "direction": "SB" }, "geometry": { "type": "LineString", "coordinates": [ [ -74.004041, 40.760322 ], [ -74.004642092773452, 40.760559779296877 ], [ -74.004948304687503, 40.76066836425781 ], [ -74.00516, 40.760727014648438 ], [ -74.005343966796886, 40.760762150390626 ], [ -74.005500205078135, 40.760773771484381 ], [ -74.005650977539077, 40.760770684570318 ], [ -74.005796284179695, 40.760752889648437 ], [ -74.005936125, 40.760720386718752 ], [ -74.0060705, 40.76067317578125 ], [ -74.006206830078128, 40.760614192382818 ], [ -74.006345115234382, 40.760543436523434 ], [ -74.006485355468755, 40.760460908203122 ], [ -74.006627550781246, 40.760366607421879 ], [ -74.006771701171871, 40.760260534179693 ], [ -74.006917806640615, 40.760142688476563 ], [ -74.007065867187507, 40.760013070312496 ], [ -74.007215882812503, 40.759871679687507 ], [ -74.00737032714845, 40.759719495117196 ], [ -74.007529200195336, 40.759556516601563 ], [ -74.007692501953144, 40.759382744140623 ], [ -74.007860232421891, 40.759198177734376 ], [ -74.008032391601574, 40.759002817382807 ], [ -74.008208979492196, 40.758796663085938 ], [ -74.008389996093754, 40.758579714843748 ], [ -74.008575441406251, 40.75835197265625 ], [ -74.008765315429685, 40.758113436523438 ], [ -74.008959618164056, 40.757864106445311 ], [ -74.009158349609365, 40.757603982421877 ], [ -74.009361509765611, 40.757333064453121 ], [ -74.009569098632795, 40.757051352539058 ], [ -74.009781116210931, 40.756758846679688 ], [ -74.009997562500004, 40.756455546875003 ], [ -74.010218437500001, 40.756141453124997 ], [ -74.010442416992191, 40.755802148437496 ], [ -74.010669500976576, 40.755437632812502 ], [ -74.01089968945314, 40.755047906249999 ], [ -74.011132982421884, 40.754632968750002 ], [ -74.011369379882822, 40.754192820312497 ], [ -74.01160888183594, 40.753727460937498 ], [ -74.011851488281252, 40.753236890625004 ], [ -74.012097199218758, 40.752721109375003 ], [ -74.012346014648443, 40.752180117187507 ], [ -74.012597934570323, 40.751613914062503 ], [ -74.012852958984382, 40.7510225 ], [ -74.013111087890621, 40.750405875 ], [ -74.013372321289069, 40.749764039062498 ], [ -74.013636659179696, 40.749096992187503 ], [ -74.013904101562503, 40.748404734375001 ], [ -74.014174648437518, 40.747687265625004 ], [ -74.014448299804698, 40.746944585937506 ], [ -74.014725055664073, 40.746176695312506 ], [ -74.015004916015641, 40.745383593750006 ], [ -74.015287880859375, 40.744565281250004 ], [ -74.015573950195318, 40.743721757812501 ], [ -74.015863124023454, 40.742853023437505 ], [ -74.01615540234377, 40.741959078124999 ], [ -74.016450785156252, 40.741039921875 ], [ -74.016749272460942, 40.7400955546875 ], [ -74.017050864257811, 40.739125976562498 ], [ -74.017355560546889, 40.738131187499995 ], [ -74.017663361328133, 40.737111187499998 ], [ -74.01797426660157, 40.736065976562493 ], [ -74.018288276367187, 40.734995554687494 ], [ -74.018605390624998, 40.733899921875 ], [ -74.018925609375003, 40.732779078124999 ], [ -74.019229817382808, 40.731692891601568 ], [ -74.01951801464844, 40.730641362304688 ], [ -74.019790201171872, 40.729624490234379 ], [ -74.020046376953118, 40.728642275390627 ], [ -74.020286541992178, 40.727694717773446 ], [ -74.020510696289065, 40.726781817382815 ], [ -74.020718839843752, 40.725903574218748 ], [ -74.020910972656239, 40.725059988281245 ], [ -74.021087094726553, 40.724251059570307 ], [ -74.021247206054682, 40.723476788085932 ], [ -74.021391306640623, 40.722737173828122 ], [ -74.021519396484365, 40.722032216796876 ], [ -74.021631475585934, 40.721361916992194 ], [ -74.021727543945303, 40.720726274414062 ], [ -74.0218076015625, 40.720125289062501 ], [ -74.021871648437497, 40.719558960937498 ], [ -74.021919684570321, 40.719027290039058 ], [ -74.021951709960945, 40.718530276367183 ], [ -74.021967724609382, 40.718067919921872 ], [ -74.021967728515634, 40.717640220703124 ], [ -74.021951721679699, 40.717247178710934 ], [ -74.021919704101563, 40.716888793945316 ], [ -74.021871675781242, 40.716565066406247 ], [ -74.021807636718748, 40.716275996093742 ], [ -74.021727586914054, 40.716021583007809 ], [ -74.021631526367173, 40.715801827148439 ], [ -74.021519455078121, 40.715616728515627 ], [ -74.021391373046868, 40.715466287109372 ], [ -74.021247280273428, 40.715350502929681 ], [ -74.021087176757817, 40.715269375976561 ], [ -74.020911062500005, 40.715222906249998 ], [ -74.020718937499993, 40.71521109375 ], [ -74.020538820312495, 40.715200019531245 ], [ -74.020370710937513, 40.715189683593749 ], [ -74.020214609375017, 40.715180085937497 ], [ -74.020070515625008, 40.715171226562497 ], [ -74.0199384296875, 40.715163105468747 ], [ -74.019818351562492, 40.715155722656249 ], [ -74.019710281249999, 40.715149078125002 ], [ -74.019614218750007, 40.715143171874999 ], [ -74.019530164062502, 40.715138003906247 ], [ -74.019458117187497, 40.715133574218754 ], [ -74.019398078124993, 40.715129882812505 ], [ -74.019350046875005, 40.7151269296875 ], [ -74.019314023437502, 40.715124714843746 ], [ -74.019290007812501, 40.715123238281251 ], [ -74.019278, 40.7151225 ], [ -74.019278, 40.7151225 ], [ -74.019290007812501, 40.715123238281251 ], [ -74.019314023437502, 40.715124714843746 ], [ -74.019350046875005, 40.7151269296875 ], [ -74.019398078124993, 40.715129882812505 ], [ -74.019458117187497, 40.715133574218754 ], [ -74.019530164062502, 40.715138003906247 ], [ -74.019614218750007, 40.715143171874999 ], [ -74.019710281249999, 40.715149078125002 ], [ -74.019818351562492, 40.715155722656249 ], [ -74.0199384296875, 40.715163105468747 ], [ -74.020070515625008, 40.715171226562497 ], [ -74.020214609375017, 40.715180085937497 ], [ -74.020370710937513, 40.715189683593749 ], [ -74.020538820312495, 40.715200019531245 ], [ -74.020718937499993, 40.71521109375 ], [ -74.020911062500005, 40.715222906249998 ], [ -74.021102147460937, 40.715214149414066 ], [ -74.021292192382802, 40.715184823242183 ], [ -74.021481197265615, 40.715134927734375 ], [ -74.021669162109376, 40.715064462890624 ], [ -74.021856086914056, 40.714973428710934 ], [ -74.022041971679684, 40.714861825195314 ], [ -74.022226816406246, 40.714729652343749 ], [ -74.022410621093741, 40.714576910156246 ], [ -74.022593385742184, 40.714403598632813 ], [ -74.022775110351546, 40.714209717773436 ], [ -74.02295579492187, 40.71399526757812 ], [ -74.023135439453114, 40.713760248046874 ], [ -74.023314043945305, 40.713504659179684 ], [ -74.023491608398444, 40.713228500976555 ], [ -74.023668132812503, 40.712931773437496 ], [ -74.023843617187495, 40.7126144765625 ], [ -74.024018061523435, 40.712276610351566 ], [ -74.024191465820323, 40.711918174804687 ], [ -74.02436383007813, 40.711539169921878 ], [ -74.024535154296885, 40.711139595703123 ], [ -74.024705438476573, 40.710719452148439 ], [ -74.024874682617195, 40.710278739257816 ], [ -74.025042886718751, 40.709817457031249 ], [ -74.025210050781254, 40.709335605468752 ], [ -74.025376174804677, 40.70883318457031 ], [ -74.025541258789048, 40.708310194335937 ], [ -74.025705302734366, 40.707766634765626 ], [ -74.025868306640632, 40.707202505859378 ], [ -74.026030270507817, 40.706617807617192 ], [ -74.026191194335937, 40.706012540039069 ], [ -74.026351078125003, 40.705386703125001 ], [ -74.02650992187499, 40.704740296875002 ], [ -74.026673920898418, 40.704095884765621 ], [ -74.026843075195302, 40.703453466796873 ], [ -74.027017384765614, 40.702813042968749 ], [ -74.027196849609368, 40.702174613281251 ], [ -74.027381469726549, 40.701538177734378 ], [ -74.027571245117187, 40.700903736328129 ], [ -74.027766175781238, 40.700271289062499 ], [ -74.027966261718745, 40.699640835937501 ], [ -74.028171502929666, 40.699012376953121 ], [ -74.028381899414057, 40.698385912109373 ], [ -74.028597451171862, 40.69776144140625 ], [ -74.028818158203123, 40.697138964843752 ], [ -74.029044020507811, 40.69651848242188 ], [ -74.029275038085927, 40.695899994140632 ], [ -74.0295112109375, 40.6952835 ], [ -74.029752539062486, 40.694669 ], [ -74.029999022460927, 40.694056494140625 ], [ -74.030250661132811, 40.693445982421878 ], [ -74.030507455078123, 40.692837464843755 ], [ -74.030769404296862, 40.692230941406251 ], [ -74.031036508789043, 40.691626412109379 ], [ -74.03130876855468, 40.691023876953125 ], [ -74.031586183593731, 40.690423335937503 ], [ -74.031868753906252, 40.689824789062506 ], [ -74.032156479492187, 40.689228236328134 ], [ -74.032449360351563, 40.68863367773438 ], [ -74.032747396484368, 40.688041113281251 ], [ -74.033050587890614, 40.687450542968755 ], [ -74.033358934570302, 40.686861966796876 ], [ -74.033672436523432, 40.686275384765622 ], [ -74.033991093749989, 40.685690796875001 ], [ -74.034314906250003, 40.685108203125004 ], [ -74.034649125, 40.684519957812505 ], [ -74.03499375, 40.683926060937502 ], [ -74.035348781250008, 40.683326512500003 ], [ -74.035714218750002, 40.6827213125 ], [ -74.036090062500008, 40.682110460937501 ], [ -74.0364763125, 40.681493957812506 ], [ -74.036872968750004, 40.680871803125001 ], [ -74.037280031249992, 40.680243996875006 ], [ -74.0376975, 40.679610539062502 ], [ -74.038125375, 40.678971429687508 ], [ -74.038563656250005, 40.678326668750003 ], [ -74.039012343749988, 40.67767625625001 ], [ -74.039471437499998, 40.677020192187506 ], [ -74.039940937500006, 40.676358476562505 ], [ -74.040420843750013, 40.675691109375009 ], [ -74.04091115624999, 40.675018090625002 ], [ -74.041411875, 40.674339420312506 ], [ -74.041923, 40.673655098437507 ], [ -74.042444531249998, 40.672965125 ], [ -74.042976468749998, 40.6722695 ], [ -74.043518812499997, 40.671568223437504 ], [ -74.044071562499994, 40.670861295312505 ], [ -74.04463471874999, 40.670148715625004 ], [ -74.045208281250012, 40.669430484375006 ], [ -74.04579225, 40.668706601562505 ], [ -74.046386625, 40.6679770671875 ], [ -74.046991406249987, 40.66724188125 ], [ -74.047606593750004, 40.666501043749996 ], [ -74.048232187499991, 40.665754554687496 ], [ -74.048868187500005, 40.665002414062492 ], [ -74.04951459374999, 40.664244621874992 ], [ -74.050171406250001, 40.663481178125004 ], [ -74.050814381347649, 40.662738918261724 ], [ -74.051443519042962, 40.662017842285152 ], [ -74.05205881933594, 40.661317950195311 ], [ -74.052660282226555, 40.660639241992179 ], [ -74.053247907714848, 40.659981717675777 ], [ -74.053821695800764, 40.659345377246083 ], [ -74.054381646484359, 40.65873022070312 ], [ -74.054927759765633, 40.658136248046866 ], [ -74.055460035644529, 40.657563459277334 ], [ -74.055978474121105, 40.657011854394526 ], [ -74.056483075195317, 40.656481433398433 ], [ -74.056973838867194, 40.655972196289056 ], [ -74.057450765136721, 40.655484143066403 ], [ -74.0579138540039, 40.655017273730465 ], [ -74.058363105468743, 40.654571588281243 ], [ -74.058798519531237, 40.654147086718751 ], [ -74.059220096191396, 40.653743769042968 ], [ -74.059627835449206, 40.653361635253901 ], [ -74.060021737304666, 40.653000685351557 ], [ -74.060401801757806, 40.652660919335943 ], [ -74.060768028808582, 40.652342337207031 ], [ -74.061120418457023, 40.652044938964849 ], [ -74.061458970703114, 40.651768724609376 ], [ -74.061783685546871, 40.651513694140625 ], [ -74.062094562988278, 40.651279847558598 ], [ -74.062391603027351, 40.65106718486328 ], [ -74.062674805664059, 40.650875706054691 ], [ -74.062944170898433, 40.650705411132805 ], [ -74.063199698730472, 40.650556300097648 ], [ -74.063441389160147, 40.650428372949222 ], [ -74.063669242187501, 40.650321629687497 ], [ -74.063883257812492, 40.650236070312502 ], [ -74.064097441406247, 40.650150412499997 ], [ -74.064311792968752, 40.650064656250002 ], [ -74.064526312499993, 40.649978801562504 ], [ -74.064741, 40.649892848437496 ], [ -74.064955855468739, 40.649806796874998 ], [ -74.065170878906244, 40.649720646875004 ], [ -74.065386070312499, 40.649634398437499 ], [ -74.065601429687504, 40.649548051562505 ], [ -74.065816957031259, 40.64946160625 ], [ -74.06603265234375, 40.649375062499999 ], [ -74.066248515625006, 40.649288420312502 ], [ -74.066464546874997, 40.649201679687508 ], [ -74.066680746093752, 40.649114840625003 ], [ -74.066897113281257, 40.649027903125003 ], [ -74.067113648437498, 40.648940867187505 ], [ -74.067330351562504, 40.648853732812498 ], [ -74.067547222656245, 40.6487665 ], [ -74.06776426171875, 40.64867916875 ], [ -74.067981468750006, 40.648591739062496 ], [ -74.068198843750011, 40.648504210937503 ], [ -74.068416386718766, 40.648416584374999 ], [ -74.068634097656258, 40.648328859374999 ], [ -74.068851976562499, 40.648241035937502 ], [ -74.069070023437504, 40.648153114062495 ], [ -74.069288238281246, 40.648065093749999 ], [ -74.069506621093737, 40.647976975 ], [ -74.069725171874992, 40.647888757812495 ], [ -74.069943890624998, 40.647800442187503 ], [ -74.070162777343754, 40.647712028125 ], [ -74.070381832031245, 40.647623515625 ], [ -74.070601054687501, 40.647534904687504 ], [ -74.070820445312492, 40.647446195312497 ], [ -74.071026124023433, 40.647363030273439 ], [ -74.071218090820309, 40.647285409570316 ], [ -74.071396345703121, 40.647213333203126 ], [ -74.071560888671868, 40.647146801171878 ], [ -74.071711719726551, 40.647085813476565 ], [ -74.071848838867169, 40.647030370117186 ], [ -74.071972246093736, 40.646980471093748 ], [ -74.072081941406253, 40.646936116406259 ], [ -74.072177924804691, 40.646897306054697 ], [ -74.072260196289051, 40.64686404003907 ], [ -74.07232875585936, 40.646836318359384 ], [ -74.072383603515618, 40.646814141015632 ], [ -74.072424739257812, 40.646797508007822 ], [ -74.072452163085927, 40.646786419335939 ], [ -74.072465875, 40.646780875 ], [ -74.072465875, 40.646780875 ], [ -74.072452163085927, 40.646786419335939 ], [ -74.072424739257812, 40.646797508007822 ], [ -74.072383603515618, 40.646814141015632 ], [ -74.07232875585936, 40.646836318359384 ], [ -74.072260196289051, 40.64686404003907 ], [ -74.072177924804691, 40.646897306054697 ], [ -74.072081941406253, 40.646936116406259 ], [ -74.071972246093736, 40.646980471093748 ], [ -74.071848838867169, 40.647030370117186 ], [ -74.071711719726551, 40.647085813476565 ], [ -74.071560888671868, 40.647146801171878 ], [ -74.071396345703121, 40.647213333203126 ], [ -74.071218090820309, 40.647285409570316 ], [ -74.071026124023433, 40.647363030273439 ], [ -74.070820445312492, 40.647446195312497 ], [ -74.070601054687501, 40.647534904687504 ], [ -74.07037710205077, 40.64761150595703 ], [ -74.070148587402343, 40.647675999121098 ], [ -74.069915510742192, 40.647728384179686 ], [ -74.069677872070315, 40.647768661132815 ], [ -74.069435671386714, 40.647796829980464 ], [ -74.069188908691416, 40.647812890722662 ], [ -74.068937583984379, 40.647816843359379 ], [ -74.068681697265632, 40.647808687890617 ], [ -74.068421248535174, 40.647788424316403 ], [ -74.068156237792977, 40.647756052636709 ], [ -74.067886665039083, 40.647711572851556 ], [ -74.067612530273436, 40.647654984960937 ], [ -74.067333833496093, 40.647586288964845 ], [ -74.067050574707039, 40.647505484863281 ], [ -74.066762753906261, 40.647412572656251 ], [ -74.066470371093743, 40.647307552343747 ], [ -74.066173426269529, 40.647190423925778 ], [ -74.06587191943359, 40.647061187402343 ], [ -74.065565850585926, 40.646919842773436 ], [ -74.065255219726566, 40.646766390039062 ], [ -74.064940026855467, 40.646600829199215 ], [ -74.064620271972657, 40.646423160253903 ], [ -74.064295955078137, 40.646233383203125 ], [ -74.063967076171878, 40.646031498046874 ], [ -74.063633635253908, 40.645817504785157 ], [ -74.063295632324213, 40.645591403417967 ], [ -74.062953067382807, 40.645353193945311 ], [ -74.062605940429691, 40.64510287636719 ], [ -74.06225425146485, 40.644840450683596 ], [ -74.06189800048827, 40.644565916894535 ], [ -74.061537187499994, 40.644279275 ], [ -74.061171812500007, 40.643980525 ], [ -74.06080467382813, 40.643689771874996 ], [ -74.060435771484393, 40.643407015624994 ], [ -74.060065105468766, 40.643132256249999 ], [ -74.059692675781264, 40.642865493749994 ], [ -74.059318482421887, 40.642606728125003 ], [ -74.058942525390634, 40.642355959374996 ], [ -74.058564804687506, 40.642113187500001 ], [ -74.058185320312504, 40.641878412499992 ], [ -74.057804072265625, 40.641651634374995 ], [ -74.057421060546872, 40.641432853124996 ], [ -74.057036285156244, 40.641222068749997 ], [ -74.05664974609374, 40.641019281249996 ], [ -74.056261443359361, 40.640824490624993 ], [ -74.055871376953121, 40.640637696874997 ], [ -74.055479546874992, 40.6404589 ], [ -74.055085953125001, 40.6402881 ], [ -74.054690595703121, 40.640125296874999 ], [ -74.054293474609366, 40.639970490624997 ], [ -74.053894589843736, 40.63982368125 ], [ -74.053493941406259, 40.639684868749995 ], [ -74.053091529296879, 40.639554053124996 ], [ -74.052687353515623, 40.639431234374996 ], [ -74.052281414062492, 40.639316412500001 ], [ -74.051873710937485, 40.639209587499998 ], [ -74.051464244140618, 40.639110759375001 ], [ -74.051053013671861, 40.639019928125002 ], [ -74.050640019531244, 40.638937093750002 ], [ -74.050225261718751, 40.63886225625 ], [ -74.049808740234369, 40.638795415624998 ], [ -74.049390455078125, 40.638736571875 ], [ -74.048970406249992, 40.638685725 ], [ -74.048548593750013, 40.638642875 ], [ -74.048137812500016, 40.63860411308594 ], [ -74.047738062500002, 40.638569439257815 ], [ -74.04734934375, 40.638538853515627 ], [ -74.046971656250008, 40.638512355859376 ], [ -74.046605, 40.638489946289063 ], [ -74.046249375, 40.638471624804687 ], [ -74.045904781250016, 40.638457391406249 ], [ -74.045571218750013, 40.638447246093762 ], [ -74.04524868750002, 40.638441188867198 ], [ -74.044937187500011, 40.638439219726571 ], [ -74.044636718750013, 40.638441338671882 ], [ -74.044347281250026, 40.63844754570313 ], [ -74.044068875000022, 40.638457840820315 ], [ -74.043801500000015, 40.638472224023438 ], [ -74.043545156250019, 40.638490695312498 ], [ -74.043299843749992, 40.63851325468751 ], [ -74.04306556249999, 40.638539902148445 ], [ -74.042842312499999, 40.638570637695317 ], [ -74.042630093749992, 40.638605461328126 ], [ -74.042428906249995, 40.638644373046873 ], [ -74.04223875, 40.638687372851564 ], [ -74.042059625, 40.638734460742185 ], [ -74.041891531250002, 40.638785636718751 ], [ -74.041734468749993, 40.638840900781254 ], [ -74.041588437499996, 40.638900252929687 ], [ -74.041453437499996, 40.638963693164065 ], [ -74.041329468750007, 40.639031221484373 ], [ -74.041216531250001, 40.639102837890633 ], [ -74.041114625, 40.639178542382815 ], [ -74.04102375, 40.639258334960942 ], [ -74.040943906250007, 40.639342215625007 ], [ -74.040875093750003, 40.639430184375001 ], [ -74.040806785644534, 40.639514488964849 ], [ -74.0407389819336, 40.639595129394543 ], [ -74.040671682617187, 40.639672105664076 ], [ -74.040604887695324, 40.63974541777344 ], [ -74.040538597167981, 40.639815065722658 ], [ -74.040472811035158, 40.639881049511729 ], [ -74.040407529296886, 40.639943369140632 ], [ -74.040342751953119, 40.64000202460938 ], [ -74.040278479003902, 40.640057015917975 ], [ -74.04021471044922, 40.640108343066409 ], [ -74.040151446289059, 40.640156006054688 ], [ -74.040088686523447, 40.640200004882821 ], [ -74.040026431152356, 40.640240339550786 ], [ -74.039964680175785, 40.640277010058604 ], [ -74.039903433593764, 40.640310016406261 ], [ -74.03984269140625, 40.640339358593749 ], [ -74.039782453613284, 40.640365036621091 ], [ -74.039722720214854, 40.640387050488286 ], [ -74.039663491210945, 40.64040540019532 ], [ -74.039604766601556, 40.640420085742193 ], [ -74.039546546386717, 40.640431107128919 ], [ -74.039488830566398, 40.640438464355476 ], [ -74.039431619140629, 40.64044215742188 ], [ -74.039374912109366, 40.640442186328137 ], [ -74.039318709472653, 40.640438551074226 ], [ -74.039263011230474, 40.640431251660168 ], [ -74.039207817382817, 40.640420288085949 ], [ -74.039153127929694, 40.640405660351561 ], [ -74.039098942871107, 40.640387368457027 ], [ -74.039045262207026, 40.640365412402346 ], [ -74.038992085937508, 40.640339792187504 ], [ -74.038939414062497, 40.640310507812501 ], [ -74.038890034179687, 40.640283053710945 ], [ -74.038843946289063, 40.640257429882809 ], [ -74.038801150390626, 40.640233636328119 ], [ -74.038761646484375, 40.640211673046878 ], [ -74.038725434570324, 40.640191540039062 ], [ -74.038692514648432, 40.640173237304687 ], [ -74.038662886718754, 40.640156764843752 ], [ -74.038636550781263, 40.640142122656243 ], [ -74.038613506835944, 40.640129310742182 ], [ -74.038593754882811, 40.640118329101568 ], [ -74.038577294921879, 40.640109177734374 ], [ -74.038564126953119, 40.640101856640626 ], [ -74.03855425097656, 40.640096365820312 ], [ -74.038547666992187, 40.640092705273432 ], [ -74.038544375, 40.640090875 ], [ -74.038544375, 40.640090875 ], [ -74.038547666992187, 40.640092705273432 ], [ -74.03855425097656, 40.640096365820312 ], [ -74.038564126953119, 40.640101856640626 ], [ -74.038577294921879, 40.640109177734374 ], [ -74.038593754882811, 40.640118329101568 ], [ -74.038613506835944, 40.640129310742182 ], [ -74.038636550781263, 40.640142122656243 ], [ -74.038662886718754, 40.640156764843752 ], [ -74.038692514648432, 40.640173237304687 ], [ -74.038725434570324, 40.640191540039062 ], [ -74.038761646484375, 40.640211673046878 ], [ -74.038801150390626, 40.640233636328119 ], [ -74.038843946289063, 40.640257429882809 ], [ -74.038890034179687, 40.640283053710945 ], [ -74.038939414062497, 40.640310507812501 ], [ -74.038992085937508, 40.640339792187504 ], [ -74.039027761230471, 40.64038685966797 ], [ -74.039046439941416, 40.640451710253913 ], [ -74.039048122070326, 40.640534343945319 ], [ -74.03903280761719, 40.640634760742188 ], [ -74.039000496582034, 40.640752960644534 ], [ -74.038951188964845, 40.640888943652349 ], [ -74.038884884765622, 40.641042709765628 ], [ -74.03880158398438, 40.641214258984384 ], [ -74.038701286621091, 40.641403591308602 ], [ -74.038583992675768, 40.641610706738291 ], [ -74.038449702148426, 40.64183560527345 ], [ -74.038298415039066, 40.642078286914064 ], [ -74.038130131347671, 40.642338751660162 ], [ -74.037944851074229, 40.642616999511723 ], [ -74.037742574218768, 40.642913030468755 ], [ -74.037523300781245, 40.643226844531256 ], [ -74.037287030761718, 40.64355844169922 ], [ -74.037033764160157, 40.643907821972661 ], [ -74.036763500976562, 40.644274985351565 ], [ -74.036476241210949, 40.644659931835939 ], [ -74.036171984863287, 40.645062661425783 ], [ -74.035850731933607, 40.645483174121097 ], [ -74.035512482421893, 40.64592146992188 ], [ -74.035157236328132, 40.646377548828127 ], [ -74.034784993652352, 40.646851410839844 ], [ -74.034395754394552, 40.647343055957037 ], [ -74.033989518554705, 40.647852484179694 ], [ -74.033566286132825, 40.648379695507813 ], [ -74.033126057128925, 40.648924689941403 ], [ -74.032668831542978, 40.649487467480469 ], [ -74.032194609375011, 40.650068028124998 ], [ -74.031703390624997, 40.650666371875005 ], [ -74.031224858886716, 40.651264111425789 ], [ -74.030759014160154, 40.651861246777344 ], [ -74.03030585644531, 40.652457777929691 ], [ -74.029865385742184, 40.653053704882815 ], [ -74.029437602050777, 40.653649027636718 ], [ -74.029022505371088, 40.654243746191412 ], [ -74.028620095703118, 40.654837860546877 ], [ -74.028230373046881, 40.655431370703127 ], [ -74.027853337402348, 40.656024276660162 ], [ -74.027488988769548, 40.656616578417967 ], [ -74.027137327148452, 40.657208275976565 ], [ -74.026798352539075, 40.65779936933594 ], [ -74.026472064941416, 40.658389858496093 ], [ -74.026158464355476, 40.658979743457039 ], [ -74.025857550781254, 40.659569024218754 ], [ -74.02556932421875, 40.660157700781248 ], [ -74.025293784667966, 40.660745773144527 ], [ -74.0250309321289, 40.66133324130859 ], [ -74.024780766601566, 40.661920105273431 ], [ -74.024543288085937, 40.662506365039057 ], [ -74.02431849658204, 40.663092020605461 ], [ -74.024106392089848, 40.663677071972657 ], [ -74.023906974609375, 40.664261519140624 ], [ -74.023720244140634, 40.664845362109375 ], [ -74.023546200683597, 40.665428600878911 ], [ -74.023384844238294, 40.666011235449218 ], [ -74.023236174804694, 40.666593265820318 ], [ -74.023100192382813, 40.667174691992194 ], [ -74.022976896972651, 40.667755513964849 ], [ -74.022866288574221, 40.668335731738289 ], [ -74.022768367187496, 40.668915345312506 ], [ -74.022683132812503, 40.669494354687494 ], [ -74.022593873535158, 40.670062151855461 ], [ -74.022500589355474, 40.670618736816401 ], [ -74.022403280273437, 40.671164109570306 ], [ -74.022301946289048, 40.671698270117183 ], [ -74.022196587402334, 40.672221218457025 ], [ -74.022087203613282, 40.672732954589847 ], [ -74.021973794921877, 40.673233478515627 ], [ -74.021856361328105, 40.673722790234379 ], [ -74.021734902832009, 40.674200889746096 ], [ -74.021609419433588, 40.674667777050786 ], [ -74.021479911132801, 40.675123452148441 ], [ -74.021346377929675, 40.675567915039061 ], [ -74.02120881982421, 40.676001165722653 ], [ -74.021067236816393, 40.676423204199224 ], [ -74.020921628906237, 40.676834030468754 ], [ -74.020771996093742, 40.677233644531242 ], [ -74.020618338378895, 40.677622046386716 ], [ -74.02046065576171, 40.677999236035149 ], [ -74.020298948242186, 40.67836521347656 ], [ -74.020133215820294, 40.678719978710937 ], [ -74.019963458496079, 40.679063531738279 ], [ -74.019789676269511, 40.679395872558601 ], [ -74.019611869140618, 40.67971700117188 ], [ -74.019430037109359, 40.680026917578118 ], [ -74.019244180175775, 40.680325621777342 ], [ -74.019054298339825, 40.680613113769525 ], [ -74.01886039160155, 40.680889393554686 ], [ -74.018662459960922, 40.681154461132813 ], [ -74.018460503417955, 40.681408316503905 ], [ -74.018254521972636, 40.681650959667977 ], [ -74.018044515624979, 40.681882390625006 ], [ -74.017830484374997, 40.682102609374994 ], [ -74.017614154296865, 40.682323507812498 ], [ -74.017395525390626, 40.682545085937491 ], [ -74.017174597656251, 40.682767343750001 ], [ -74.016951371093739, 40.682990281249999 ], [ -74.016725845703121, 40.683213898437501 ], [ -74.016498021484367, 40.683438195312505 ], [ -74.016267898437491, 40.683663171874997 ], [ -74.016035476562493, 40.683888828125006 ], [ -74.015800755859374, 40.684115164062504 ], [ -74.015563736328119, 40.684342179687505 ], [ -74.015324417968742, 40.684569875 ], [ -74.015082800781244, 40.68479825 ], [ -74.014838884765624, 40.685027304687502 ], [ -74.014592669921882, 40.685257039062499 ], [ -74.01434415624999, 40.685487453124999 ], [ -74.014093343749991, 40.685718546875002 ], [ -74.013840232421856, 40.6859503203125 ], [ -74.013584822265614, 40.686182773437501 ], [ -74.013327113281235, 40.686415906249998 ], [ -74.013067105468735, 40.686649718749997 ], [ -74.012804798828114, 40.6868842109375 ], [ -74.012540193359357, 40.687119382812497 ], [ -74.012273289062492, 40.687355234374998 ], [ -74.012004085937491, 40.687591765624994 ], [ -74.011732583984383, 40.687828976562493 ], [ -74.011458783203125, 40.688066867187494 ], [ -74.011182683593745, 40.688305437499992 ], [ -74.010904285156244, 40.688544687499999 ], [ -74.01062358789062, 40.688784617187494 ], [ -74.010340591796876, 40.689025226562492 ], [ -74.010055296874995, 40.689266515624993 ], [ -74.009767703124993, 40.689508484374997 ], [ -74.009485905273436, 40.689741968749999 ], [ -74.009209903320311, 40.689966968749999 ], [ -74.008939697265617, 40.690183484374998 ], [ -74.008675287109369, 40.690391515624995 ], [ -74.008416672851553, 40.69059106249999 ], [ -74.008163854492182, 40.690782125 ], [ -74.007916832031242, 40.690964703124997 ], [ -74.007675605468748, 40.691138796874995 ], [ -74.007440174804685, 40.691304406249998 ], [ -74.007210540039068, 40.691461531249992 ], [ -74.006986701171883, 40.691610171874991 ], [ -74.006768658203129, 40.691750328124996 ], [ -74.006556411132806, 40.691882 ], [ -74.006349959960943, 40.692005187500001 ], [ -74.006149304687497, 40.692119890625001 ], [ -74.005954445312497, 40.692226109374992 ], [ -74.005765381835943, 40.692323843749996 ], [ -74.005582114257805, 40.692413093749998 ], [ -74.005404642578128, 40.692493859374999 ], [ -74.005232966796882, 40.692566140625004 ], [ -74.005067086914067, 40.692629937500001 ], [ -74.004907002929684, 40.69268525 ], [ -74.004752714843747, 40.692732078125005 ], [ -74.004604222656255, 40.692770421874997 ], [ -74.00446152636718, 40.692800281250001 ], [ -74.004324625976565, 40.692821656249997 ], [ -74.004193521484382, 40.692834546874998 ], [ -74.004068212890644, 40.692838953124998 ], [ -74.003948700195323, 40.692834875 ], [ -74.003834983398434, 40.692822312499999 ], [ -74.003727062499991, 40.692801265624993 ], [ -74.003624937500007, 40.692771734375 ], [ -74.003529195312495, 40.692744048828125 ], [ -74.003439835937485, 40.692718208984367 ], [ -74.003356859374989, 40.69269421484374 ], [ -74.003280265624994, 40.692672066406246 ], [ -74.003210054687486, 40.692651763671876 ], [ -74.003146226562507, 40.69263330664063 ], [ -74.00308878125, 40.692616695312502 ], [ -74.003037718749994, 40.692601929687491 ], [ -74.002993039062488, 40.692589009765612 ], [ -74.002954742187484, 40.692577935546865 ], [ -74.002922828124994, 40.692568707031242 ], [ -74.002897296875005, 40.692561324218744 ], [ -74.002878148437503, 40.69255578710937 ], [ -74.002865382812502, 40.692552095703121 ], [ -74.002859, 40.69255025 ], [ -74.002859, 40.69255025 ], [ -74.002865382812502, 40.692552095703121 ], [ -74.002878148437503, 40.69255578710937 ], [ -74.002897296875005, 40.692561324218744 ], [ -74.002922828124994, 40.692568707031242 ], [ -74.002954742187484, 40.692577935546865 ], [ -74.002993039062488, 40.692589009765612 ], [ -74.003037718749994, 40.692601929687491 ], [ -74.00308878125, 40.692616695312502 ], [ -74.003146226562507, 40.69263330664063 ], [ -74.003210054687486, 40.692651763671876 ], [ -74.003280265624994, 40.692672066406246 ], [ -74.003356859374989, 40.69269421484374 ], [ -74.003439835937485, 40.692718208984367 ], [ -74.003529195312495, 40.692744048828125 ], [ -74.003624937500007, 40.692771734375 ], [ -74.003727062499991, 40.692801265624993 ], [ -74.003825916992184, 40.692838777343745 ], [ -74.003921500976574, 40.692884269531248 ], [ -74.004013814453145, 40.692937742187496 ], [ -74.004102857421884, 40.692999195312495 ], [ -74.004188629882819, 40.693068628906246 ], [ -74.004271131835935, 40.693146042968749 ], [ -74.004350363281247, 40.693231437500003 ], [ -74.004426324218755, 40.693324812499995 ], [ -74.004499014648445, 40.693426167968752 ], [ -74.004568434570302, 40.693535503906247 ], [ -74.00463458398437, 40.693652820312501 ], [ -74.004697462890618, 40.693778117187499 ], [ -74.004757071289049, 40.693911394531249 ], [ -74.00481340917969, 40.69405265234375 ], [ -74.004866476562498, 40.694201890624996 ], [ -74.004916273437487, 40.694359109375 ], [ -74.004962799804673, 40.694524308593742 ], [ -74.005006055664055, 40.69469748828125 ], [ -74.005046041015618, 40.694878648437495 ], [ -74.005082755859377, 40.695067789062499 ], [ -74.005116200195303, 40.695264910156247 ], [ -74.005146374023425, 40.695470011718747 ], [ -74.005173277343744, 40.695683093749999 ], [ -74.005196910156229, 40.695904156249995 ], [ -74.005217272460925, 40.69613319921875 ], [ -74.005234364257802, 40.696370222656242 ], [ -74.005248185546861, 40.6966152265625 ], [ -74.005258736328116, 40.696868210937495 ], [ -74.005266016601553, 40.697129175781249 ], [ -74.005270026367171, 40.697398121093748 ], [ -74.005270765624985, 40.697675046874998 ], [ -74.005268234375009, 40.697959953125 ], [ -74.005267183593759, 40.698237197265627 ], [ -74.005267613281248, 40.698506779296878 ], [ -74.005269523437505, 40.698768699218753 ], [ -74.005272914062502, 40.699022957031254 ], [ -74.005277785156252, 40.699269552734378 ], [ -74.005284136718757, 40.699508486328128 ], [ -74.005291968750001, 40.699739757812502 ], [ -74.005301281249999, 40.6999633671875 ], [ -74.00531207421875, 40.700179314453123 ], [ -74.005324347656241, 40.700387599609371 ], [ -74.005338101562501, 40.700588222656251 ], [ -74.0053533359375, 40.700781183593747 ], [ -74.005370050781252, 40.700966482421876 ], [ -74.005388246093759, 40.701144119140622 ], [ -74.005407921875005, 40.70131409375 ], [ -74.005429078125005, 40.701476406250002 ], [ -74.00545311621093, 40.70163229785156 ], [ -74.005480036132809, 40.701781768554689 ], [ -74.005509837890628, 40.701924818359373 ], [ -74.005542521484386, 40.702061447265628 ], [ -74.00557808691407, 40.702191655273438 ], [ -74.00561653417968, 40.702315442382812 ], [ -74.005657863281243, 40.702432808593748 ], [ -74.00570207421876, 40.702543753906248 ], [ -74.005753371093761, 40.702652001953126 ], [ -74.005811753906258, 40.702757552734369 ], [ -74.005877222656267, 40.702860406249997 ], [ -74.005949777343744, 40.702960562499996 ], [ -74.006042030273434, 40.703069192382806 ], [ -74.006153981445308, 40.703186295898433 ], [ -74.006323467773427, 40.703345385742182 ], [ -74.006664, 40.703647 ] ] } },
{ "type": "Feature", "properties": { "Id": 0, "shape_id": "139", "route_id": "SG", "agency_id": "1", "short_name": "SG", "long_name": "St. George", "route_type": "4", "color": "#D0006F", "text_color": "FFFFFF", "rt_tp_txt": "Ferry", "direction": "SB" }, "geometry": { "type": "LineString", "coordinates": [ [ -74.0066738, 40.7036463 ], [ -74.006333742382807, 40.703345160351567 ], [ -74.006164491406253, 40.703186305859383 ], [ -74.006052694531235, 40.703069356640633 ], [ -74.005960567578114, 40.702960852734378 ], [ -74.005888110546863, 40.702860794140634 ], [ -74.005822728710925, 40.702758027539069 ], [ -74.0057644220703, 40.702652552929692 ], [ -74.005713190624988, 40.702544370312509 ], [ -74.005669034374989, 40.7024334796875 ], [ -74.005627755078109, 40.702316163281253 ], [ -74.005589352734376, 40.702192421093756 ], [ -74.005553827343746, 40.702062253125007 ], [ -74.00552117890625, 40.701925659375007 ], [ -74.005491407421886, 40.701782639843756 ], [ -74.005464512890626, 40.701633194531254 ], [ -74.005440495312513, 40.701477323437501 ], [ -74.00541935468749, 40.701315026562497 ], [ -74.005399691601554, 40.701145064648429 ], [ -74.00538150605469, 40.700967437695311 ], [ -74.005364798046884, 40.700782145703123 ], [ -74.005349567578122, 40.70058918867187 ], [ -74.005335814648447, 40.700388566601561 ], [ -74.005323539257816, 40.70018027949218 ], [ -74.005312741406257, 40.69996432734375 ], [ -74.005303421093757, 40.699740710156249 ], [ -74.005295578320315, 40.699509427929691 ], [ -74.005289213085945, 40.699270480664069 ], [ -74.005284325390619, 40.699023868359383 ], [ -74.00528091523438, 40.698769591015626 ], [ -74.005278982617199, 40.698507648632813 ], [ -74.005278527539076, 40.698238041210942 ], [ -74.005279550000012, 40.697960768750008 ], [ -74.00528205, 40.697675831249995 ], [ -74.005281280468751, 40.697398875195312 ], [ -74.005277241406247, 40.697129900585935 ], [ -74.00526993281251, 40.696868907421873 ], [ -74.00525935468751, 40.696615895703125 ], [ -74.005245507031248, 40.696370865429685 ], [ -74.005228389843751, 40.696133816601559 ], [ -74.005208003125006, 40.695904749218748 ], [ -74.005184346875012, 40.695683663281251 ], [ -74.00515742109377, 40.695470558789069 ], [ -74.005127225781251, 40.695265435742186 ], [ -74.005093760937513, 40.695068294140626 ], [ -74.005057026562511, 40.694879133984372 ], [ -74.005017022656261, 40.694697955273433 ], [ -74.004973749218763, 40.694524758007809 ], [ -74.004927206250017, 40.694359542187499 ], [ -74.004877393750007, 40.694202307812503 ], [ -74.004824311718764, 40.694053054882815 ], [ -74.004767960156258, 40.693911783398448 ], [ -74.004708339062503, 40.693778493359382 ], [ -74.004645448437515, 40.69365318476563 ], [ -74.004579288281263, 40.693535857617192 ], [ -74.004509858593764, 40.693426511914062 ], [ -74.004437159375016, 40.693325147656253 ], [ -74.004361190625005, 40.693231764843752 ], [ -74.00428195234376, 40.693146363476565 ], [ -74.004199444531253, 40.693068943554692 ], [ -74.004113667187511, 40.692999505078127 ], [ -74.004024620312492, 40.692938048046877 ], [ -74.00393230390624, 40.69288457246094 ], [ -74.003836717968753, 40.692839078320311 ], [ -74.003737862500003, 40.692801565625004 ], [ -74.003635737499991, 40.692772034374997 ], [ -74.003539995312494, 40.692744348828128 ], [ -74.003450635937511, 40.69271850898437 ], [ -74.003367659375016, 40.692694514843751 ], [ -74.003291065625007, 40.692672366406256 ], [ -74.003220854687498, 40.692652063671879 ], [ -74.003157026562491, 40.692633606640626 ], [ -74.003099581249998, 40.692616995312505 ], [ -74.003048518750006, 40.692602229687495 ], [ -74.003003839062501, 40.692589309765623 ], [ -74.002965542187496, 40.692578235546875 ], [ -74.002933628124993, 40.692569007031253 ], [ -74.002908096875004, 40.692561624218754 ], [ -74.002888948437501, 40.692556087109381 ], [ -74.0028761828125, 40.692552395703132 ], [ -74.0028698, 40.69255055 ], [ -74.0028698, 40.69255055 ], [ -74.0028761828125, 40.692552395703132 ], [ -74.002888948437501, 40.692556087109381 ], [ -74.002908096875004, 40.692561624218754 ], [ -74.002933628124993, 40.692569007031253 ], [ -74.002965542187496, 40.692578235546875 ], [ -74.003003839062501, 40.692589309765623 ], [ -74.003048518750006, 40.692602229687495 ], [ -74.003099581249998, 40.692616995312505 ], [ -74.003157026562491, 40.692633606640626 ], [ -74.003220854687498, 40.692652063671879 ], [ -74.003291065625007, 40.692672366406256 ], [ -74.003367659375016, 40.692694514843751 ], [ -74.003450635937511, 40.69271850898437 ], [ -74.003539995312494, 40.692744348828128 ], [ -74.003635737499991, 40.692772034374997 ], [ -74.003737862500003, 40.692801565625004 ], [ -74.003845783398432, 40.692822612500002 ], [ -74.003959500195307, 40.692835175 ], [ -74.004079012890628, 40.692839253125001 ], [ -74.004204321484366, 40.692834846875002 ], [ -74.004335425976564, 40.69282195625 ], [ -74.004472326367193, 40.692800581250005 ], [ -74.004615022656253, 40.692770721875 ], [ -74.004763514843759, 40.692732378125001 ], [ -74.004917802929697, 40.69268555 ], [ -74.005077886914066, 40.692630237499998 ], [ -74.00524376679688, 40.692566440625001 ], [ -74.005415442578141, 40.692494159375002 ], [ -74.005592914257818, 40.692413393750002 ], [ -74.005776181835955, 40.69232414375 ], [ -74.00596524531251, 40.692226409375003 ], [ -74.00616010468751, 40.692120190625005 ], [ -74.006360759960955, 40.692005487500005 ], [ -74.006567211132818, 40.6918823 ], [ -74.006779458203141, 40.691750628125007 ], [ -74.006997501171881, 40.691610471875002 ], [ -74.007221340039067, 40.691461831250002 ], [ -74.007450974804698, 40.691304706250008 ], [ -74.00768640546876, 40.691139096875006 ], [ -74.007927632031254, 40.690965003125008 ], [ -74.008174654492194, 40.690782425 ], [ -74.008427472851565, 40.690591362500001 ], [ -74.008686087109368, 40.690391815625006 ], [ -74.00895049726563, 40.690183784375009 ], [ -74.00922070332031, 40.68996726875001 ], [ -74.009496705273435, 40.68974226875001 ], [ -74.009778503125005, 40.689508784375008 ], [ -74.010066096874993, 40.689266815625004 ], [ -74.010351391503903, 40.689025526562503 ], [ -74.01063438701172, 40.688784917187505 ], [ -74.01091508339843, 40.688544987500009 ], [ -74.011193480664076, 40.688305737500002 ], [ -74.011469578808601, 40.688067167187505 ], [ -74.011743377832033, 40.687829276562503 ], [ -74.012014877734373, 40.687592065625005 ], [ -74.012284078515648, 40.687355534375008 ], [ -74.012550980175803, 40.687119682812508 ], [ -74.012815582714865, 40.68688451093751 ], [ -74.013077886132834, 40.686650018750008 ], [ -74.013337890429696, 40.686416206250001 ], [ -74.013595595605466, 40.686183073437505 ], [ -74.013851001660157, 40.685950620312497 ], [ -74.014104108593756, 40.685718846875005 ], [ -74.014354916406262, 40.685487753125003 ], [ -74.014603425097675, 40.68525733906251 ], [ -74.014849634667968, 40.685027604687505 ], [ -74.015093545117196, 40.68479855 ], [ -74.015335156445317, 40.684570175 ], [ -74.015574468652346, 40.684342479687501 ], [ -74.015811481738297, 40.684115464062501 ], [ -74.016046195703126, 40.683889128125003 ], [ -74.016278610546877, 40.683663471875001 ], [ -74.016508726269535, 40.683438495312501 ], [ -74.016736542871087, 40.683214198437504 ], [ -74.01696206035156, 40.682990581250003 ], [ -74.01718527871094, 40.682767643750005 ], [ -74.017406197949214, 40.682545385937502 ], [ -74.017624818066409, 40.682323807812509 ], [ -74.017841139062497, 40.682102909375004 ], [ -74.018055160937507, 40.681882690625002 ], [ -74.018265146484367, 40.681651259277345 ], [ -74.01847109570312, 40.681408615332032 ], [ -74.018673008593751, 40.681154758789063 ], [ -74.018870885156247, 40.680889689648438 ], [ -74.019064725390621, 40.680613407910158 ], [ -74.019254529296873, 40.680325913574222 ], [ -74.01944029687499, 40.680027206640631 ], [ -74.019622028125013, 40.679717287109384 ], [ -74.019799723046887, 40.679396154980481 ], [ -74.019973381640625, 40.679063810253908 ], [ -74.020143003906242, 40.678720252929693 ], [ -74.020308589843751, 40.678365483007816 ], [ -74.020470139453124, 40.677999500488284 ], [ -74.02062765273439, 40.677622305371102 ], [ -74.020781129687506, 40.677233897656258 ], [ -74.020930570312501, 40.676834277343751 ], [ -74.021075974609374, 40.676423444433595 ], [ -74.021217342578126, 40.676001398925784 ], [ -74.021354674218756, 40.675568140820317 ], [ -74.021487969531265, 40.675123670117188 ], [ -74.021617228515652, 40.674667986816409 ], [ -74.021742451171889, 40.674201090917968 ], [ -74.021863637500019, 40.673722982421879 ], [ -74.021980787500013, 40.673233661328126 ], [ -74.022093901171885, 40.672733127636725 ], [ -74.022202978515637, 40.672221381347661 ], [ -74.022308019531266, 40.671698422460942 ], [ -74.022409024218746, 40.671164250976567 ], [ -74.022505992578118, 40.670618866894536 ], [ -74.022598924609383, 40.670062270214849 ], [ -74.022687820312498, 40.6694944609375 ], [ -74.022772679687506, 40.668915439062502 ], [ -74.022870237792972, 40.668335813378903 ], [ -74.022980494628911, 40.667755583886716 ], [ -74.023103450195308, 40.667174750585936 ], [ -74.023239104492191, 40.666593313476561 ], [ -74.023387457519533, 40.666011272558592 ], [ -74.023548509277333, 40.665428627832028 ], [ -74.02372225976562, 40.664845379296871 ], [ -74.023908708984379, 40.664261526953126 ], [ -74.024107856933597, 40.66367707080078 ], [ -74.024319703613287, 40.663092010839847 ], [ -74.02454424902345, 40.662506347070313 ], [ -74.024781493164056, 40.661920079492184 ], [ -74.025031436035164, 40.661333208105461 ], [ -74.025294077636715, 40.660745732910158 ], [ -74.025569417968754, 40.660157653906246 ], [ -74.02585745703125, 40.659568971093748 ], [ -74.02615819482422, 40.658979684472648 ], [ -74.026471631347647, 40.658389794042968 ], [ -74.026797766601561, 40.657799299804687 ], [ -74.027136600585933, 40.657208201757804 ], [ -74.027488133300778, 40.656616499902341 ], [ -74.027852364746082, 40.656024194238277 ], [ -74.028229294921871, 40.655431284765626 ], [ -74.028618923828134, 40.654837771484367 ], [ -74.029021251464854, 40.654243654394527 ], [ -74.029436277832033, 40.653648933496093 ], [ -74.029864002929685, 40.653053608789065 ], [ -74.030304426757823, 40.652457680273429 ], [ -74.030757549316405, 40.651861147949212 ], [ -74.031223370605474, 40.651264011816401 ], [ -74.031701890625001, 40.650666271874996 ], [ -74.032193109375001, 40.650067928124997 ], [ -74.032667331542967, 40.649487367480468 ], [ -74.0331245571289, 40.648924589941402 ], [ -74.033564786132814, 40.648379595507812 ], [ -74.03398801855468, 40.647852384179686 ], [ -74.034394254394527, 40.647342955957029 ], [ -74.034783493652355, 40.64685131083985 ], [ -74.035155736328136, 40.646377448828126 ], [ -74.035510982421869, 40.645921369921879 ], [ -74.035849231933597, 40.645483074121096 ], [ -74.036170484863291, 40.645062561425789 ], [ -74.036474741210952, 40.644659831835945 ], [ -74.036762000976552, 40.644274885351571 ], [ -74.037032264160146, 40.643907721972667 ], [ -74.037285530761707, 40.643558341699219 ], [ -74.037521800781235, 40.643226744531255 ], [ -74.037741074218758, 40.642912930468754 ], [ -74.037943351074219, 40.642616899511722 ], [ -74.038128631347661, 40.642338651660161 ], [ -74.038296915039069, 40.642078186914063 ], [ -74.03844820214843, 40.641835505273448 ], [ -74.038582492675772, 40.64161060673829 ], [ -74.038699786621066, 40.641403491308601 ], [ -74.038800083984356, 40.641214158984383 ], [ -74.038883384765612, 40.641042609765627 ], [ -74.038949688964834, 40.640888843652348 ], [ -74.038998996582023, 40.640752860644533 ], [ -74.039031307617179, 40.640634660742194 ], [ -74.039046622070302, 40.640534243945311 ], [ -74.039044939941391, 40.640451610253905 ], [ -74.039026261230475, 40.640386759667969 ], [ -74.038990585937498, 40.640339692187503 ], [ -74.038937914062501, 40.6403104078125 ], [ -74.038888534179677, 40.640282953710937 ], [ -74.038842446289067, 40.640257329882814 ], [ -74.038799650390629, 40.640233536328125 ], [ -74.038760146484378, 40.640211573046869 ], [ -74.038723934570328, 40.640191440039061 ], [ -74.038691014648435, 40.640173137304686 ], [ -74.038661386718758, 40.640156664843744 ], [ -74.038635050781267, 40.640142022656249 ], [ -74.038612006835947, 40.640129210742188 ], [ -74.038592254882815, 40.64011822910156 ], [ -74.038575794921883, 40.640109077734373 ], [ -74.038562626953123, 40.640101756640618 ], [ -74.038552750976564, 40.640096265820311 ], [ -74.038546166992191, 40.640092605273431 ], [ -74.038542875, 40.640090775 ], [ -74.038542875, 40.640090775 ], [ -74.038546166992191, 40.640092605273431 ], [ -74.038552750976564, 40.640096265820311 ], [ -74.038562626953123, 40.640101756640618 ], [ -74.038575794921883, 40.640109077734373 ], [ -74.038592254882815, 40.64011822910156 ], [ -74.038612006835947, 40.640129210742188 ], [ -74.038635050781267, 40.640142022656249 ], [ -74.038661386718758, 40.640156664843744 ], [ -74.038691014648435, 40.640173137304686 ], [ -74.038723934570328, 40.640191440039061 ], [ -74.038760146484378, 40.640211573046869 ], [ -74.038799650390629, 40.640233536328125 ], [ -74.038842446289067, 40.640257329882814 ], [ -74.038888534179677, 40.640282953710937 ], [ -74.038937914062501, 40.6403104078125 ], [ -74.038990585937498, 40.640339692187503 ], [ -74.039043762207029, 40.640365312402345 ], [ -74.039097442871082, 40.640387268457026 ], [ -74.039151627929684, 40.64040556035156 ], [ -74.039206317382821, 40.640420188085947 ], [ -74.039261511230478, 40.640431151660167 ], [ -74.039317209472657, 40.640438451074225 ], [ -74.03937341210937, 40.640442086328136 ], [ -74.039430119140633, 40.640442057421879 ], [ -74.039487330566402, 40.640438364355475 ], [ -74.039545046386721, 40.64043100712891 ], [ -74.03960326660156, 40.640419985742191 ], [ -74.039661991210934, 40.640405300195319 ], [ -74.039721220214844, 40.640386950488285 ], [ -74.039780953613274, 40.64036493662109 ], [ -74.039841191406254, 40.640339258593748 ], [ -74.03990193359374, 40.64030991640626 ], [ -74.039963180175775, 40.640276910058603 ], [ -74.040024931152345, 40.640240239550785 ], [ -74.040087186523436, 40.64019990488282 ], [ -74.040149946289063, 40.640155906054687 ], [ -74.040213210449224, 40.640108243066408 ], [ -74.040276979003906, 40.640056915917967 ], [ -74.040341251953123, 40.640001924609379 ], [ -74.040406029296889, 40.639943269140623 ], [ -74.040471311035162, 40.639880949511721 ], [ -74.040537097167984, 40.63981496572265 ], [ -74.040603387695313, 40.639745317773432 ], [ -74.040670182617191, 40.639672005664067 ], [ -74.04073748193359, 40.639595029394535 ], [ -74.040805285644524, 40.639514388964841 ], [ -74.040873593749993, 40.639430084375 ], [ -74.040942406249997, 40.639342115624999 ], [ -74.04102225, 40.639258234960934 ], [ -74.041113125, 40.639178442382814 ], [ -74.04121503124999, 40.639102737890624 ], [ -74.041327968749997, 40.639031121484379 ], [ -74.041451937499986, 40.638963593164064 ], [ -74.041586937499986, 40.638900152929679 ], [ -74.041732968749997, 40.638840800781239 ], [ -74.041890031249991, 40.638785536718743 ], [ -74.042058125, 40.638734360742184 ], [ -74.04223725, 40.638687272851556 ], [ -74.042427406249999, 40.638644273046872 ], [ -74.042628593749996, 40.638605361328118 ], [ -74.042840812500003, 40.638570537695308 ], [ -74.043064062499994, 40.638539802148436 ], [ -74.043298343749996, 40.638513154687502 ], [ -74.043543656249994, 40.63849059531249 ], [ -74.0438, 40.63847212402343 ], [ -74.044067375, 40.638457740820307 ], [ -74.044345781249987, 40.638447445703122 ], [ -74.044635218750003, 40.638441238671874 ], [ -74.044935687500001, 40.638439119726563 ], [ -74.045247187499996, 40.638441088867189 ], [ -74.045569718749988, 40.638447146093753 ], [ -74.045903281249991, 40.63845729140624 ], [ -74.046247874999978, 40.638471524804679 ], [ -74.046603499999975, 40.638489846289055 ], [ -74.046970156249984, 40.638512255859368 ], [ -74.047347843749989, 40.638538753515618 ], [ -74.047736562499978, 40.638569339257806 ], [ -74.048136312499992, 40.638604013085931 ], [ -74.048547093749988, 40.638642775 ], [ -74.048968906249996, 40.638685625 ], [ -74.04938895654297, 40.638736471972663 ], [ -74.049807244628909, 40.638795315917974 ], [ -74.050223770507813, 40.638862156835941 ], [ -74.050638534179683, 40.638936994726564 ], [ -74.051051535644518, 40.639019829589841 ], [ -74.051462774902348, 40.639110661425775 ], [ -74.051872251953114, 40.639209490234371 ], [ -74.052279966796874, 40.639316316015631 ], [ -74.052685919433586, 40.639431138769538 ], [ -74.053090109863277, 40.639553958496094 ], [ -74.053492538085933, 40.639684775195313 ], [ -74.053893204101556, 40.639823588867188 ], [ -74.054292107910157, 40.639970399511725 ], [ -74.054689249511711, 40.640125207128904 ], [ -74.055084628906258, 40.640288011718752 ], [ -74.055478246093742, 40.640458813281249 ], [ -74.05587010107422, 40.640637611816402 ], [ -74.056260193847663, 40.640824407324217 ], [ -74.056648524414072, 40.641019199804681 ], [ -74.057035092773447, 40.641221989257808 ], [ -74.057419898925787, 40.64143277568359 ], [ -74.057802942871092, 40.641651559082028 ], [ -74.058184224609377, 40.641878339453122 ], [ -74.058563744140628, 40.642113116796871 ], [ -74.058941501464844, 40.642355891113276 ], [ -74.059317496582025, 40.642606662402336 ], [ -74.059691729492187, 40.64286543066406 ], [ -74.060064200195299, 40.643132195898431 ], [ -74.060434908691391, 40.643406958105466 ], [ -74.060803854980463, 40.643689717285156 ], [ -74.061171039062486, 40.643980473437495 ], [ -74.061536460937504, 40.644279226562503 ], [ -74.06189731689453, 40.644565872558594 ], [ -74.062253606933595, 40.644840411425783 ], [ -74.062605331054698, 40.645102843164068 ], [ -74.06295248925781, 40.645353167773436 ], [ -74.063295081542961, 40.645591385253908 ], [ -74.06363310791015, 40.645817495605471 ], [ -74.063966568359362, 40.646031498828123 ], [ -74.064295462890612, 40.646233394921879 ], [ -74.064619791503887, 40.646423183886718 ], [ -74.064939554199199, 40.646600865722654 ], [ -74.065254750976536, 40.646766440429687 ], [ -74.065565381835924, 40.64691990800781 ], [ -74.065871446777322, 40.64706126845703 ], [ -74.066172945800773, 40.647190521777347 ], [ -74.066469878906247, 40.647307667968754 ], [ -74.066762246093731, 40.647412707031243 ], [ -74.067050047363267, 40.647505638964837 ], [ -74.067333282714841, 40.647586463769528 ], [ -74.06761195214844, 40.647655181445309 ], [ -74.067886055664047, 40.647711791992187 ], [ -74.068155593261707, 40.647756295410161 ], [ -74.068420564941405, 40.647788691699219 ], [ -74.068680970703127, 40.647808980859381 ], [ -74.068936810546859, 40.647817162890618 ], [ -74.069188084472643, 40.64781323779296 ], [ -74.06943479248045, 40.647797205566405 ], [ -74.06967693457031, 40.647769066210934 ], [ -74.06991451074218, 40.647728819726559 ], [ -74.070147520996088, 40.647676466113282 ], [ -74.070375965332019, 40.647612005371087 ], [ -74.070599843749989, 40.647535437499997 ], [ -74.070819156249996, 40.647446762500003 ], [ -74.071024761718746, 40.647363629687504 ], [ -74.071216660156239, 40.6472860390625 ], [ -74.071394851562502, 40.647213990625005 ], [ -74.071559335937494, 40.647147484374997 ], [ -74.071710113281256, 40.647086520312499 ], [ -74.071847183593746, 40.647031098437495 ], [ -74.071970546875008, 40.64698121875 ], [ -74.072080203124983, 40.646936881249999 ], [ -74.072176152343729, 40.646898085937494 ], [ -74.072258394531246, 40.646864832812497 ], [ -74.072326929687492, 40.646837121874995 ], [ -74.072381757812494, 40.646814953125002 ], [ -74.072422878906252, 40.646798326562497 ], [ -74.072450292968739, 40.6467872421875 ], [ -74.072464, 40.6467817 ], [ -74.072464, 40.6467817 ], [ -74.072450292968739, 40.6467872421875 ], [ -74.072422878906252, 40.646798326562497 ], [ -74.072381757812494, 40.646814953125002 ], [ -74.072326929687492, 40.646837121874995 ], [ -74.072258394531246, 40.646864832812497 ], [ -74.072176152343729, 40.646898085937494 ], [ -74.072080203124983, 40.646936881249999 ], [ -74.071970546875008, 40.64698121875 ], [ -74.071847183593746, 40.647031098437495 ], [ -74.071710113281256, 40.647086520312499 ], [ -74.071559335937494, 40.647147484374997 ], [ -74.071394851562502, 40.647213990625005 ], [ -74.071216660156239, 40.6472860390625 ], [ -74.071024761718746, 40.647363629687504 ], [ -74.070819156249996, 40.647446762500003 ], [ -74.070599843749989, 40.647535437499997 ], [ -74.07038069531248, 40.647624015039057 ], [ -74.070161710937498, 40.64771249511719 ], [ -74.069942890624986, 40.647800877734376 ], [ -74.069724234374988, 40.647889162890621 ], [ -74.069505742187488, 40.647977350585933 ], [ -74.069287414062487, 40.648065440820311 ], [ -74.069069249999984, 40.648153433593748 ], [ -74.06885125, 40.648241328906252 ], [ -74.068633414062489, 40.648329126757815 ], [ -74.068415742187497, 40.648416827148438 ], [ -74.068198234374989, 40.648504430078127 ], [ -74.067980890624995, 40.648591935546875 ], [ -74.067763710937484, 40.64867934355469 ], [ -74.067546695312487, 40.648766654101564 ], [ -74.067329843749988, 40.648853867187505 ], [ -74.067113156249988, 40.648940982812498 ], [ -74.066896632812487, 40.649028000976564 ], [ -74.066680273437484, 40.64911492167969 ], [ -74.066464078124994, 40.649201744921875 ], [ -74.066248046874989, 40.649288470703127 ], [ -74.066032179687497, 40.649375099023437 ], [ -74.065816476562489, 40.649461629882815 ], [ -74.065600937499994, 40.649548063281252 ], [ -74.065385562499984, 40.649634399218748 ], [ -74.065170351562486, 40.64972063769531 ], [ -74.064955304687487, 40.649806778710932 ], [ -74.064740421874987, 40.64989282226562 ], [ -74.064525703124986, 40.649978768359375 ], [ -74.064311148437497, 40.650064616992182 ], [ -74.064096757812479, 40.650150368164063 ], [ -74.063882531249988, 40.650236021874996 ], [ -74.063668468749995, 40.650321578125002 ], [ -74.063440580078122, 40.650428318750002 ], [ -74.063198865234369, 40.650556243750003 ], [ -74.062943324218736, 40.650705353125005 ], [ -74.062673957031251, 40.650875646875001 ], [ -74.062390763671871, 40.651067125 ], [ -74.062093744140626, 40.651279787500002 ], [ -74.0617828984375, 40.651513634375007 ], [ -74.061458226562493, 40.651768665624999 ], [ -74.061119728515621, 40.652044881249999 ], [ -74.060767404296868, 40.65234228125 ], [ -74.06040125390625, 40.652660865624995 ], [ -74.060021277343751, 40.653000634375005 ], [ -74.059627474609371, 40.653361587500001 ], [ -74.059219845703126, 40.653743725 ], [ -74.058798390625, 40.654147046874996 ], [ -74.058363109375009, 40.654571553124995 ], [ -74.057914001953137, 40.655017243749995 ], [ -74.057451068359384, 40.655484118749996 ], [ -74.056974308593766, 40.655972178124998 ], [ -74.056483722656253, 40.656481421875 ], [ -74.055979310546888, 40.65701185 ], [ -74.055461072265643, 40.657563462499994 ], [ -74.054929007812518, 40.658136259374999 ], [ -74.054383117187513, 40.658730240624998 ], [ -74.053823400390627, 40.659345406249997 ], [ -74.053249857421889, 40.659981756249998 ], [ -74.052662488281257, 40.660639290624999 ], [ -74.052061292968759, 40.661318009374995 ], [ -74.05144627148438, 40.662017912499998 ], [ -74.050817423828136, 40.662739 ], [ -74.050174750000011, 40.663481271875 ], [ -74.04951825, 40.664244728124999 ], [ -74.048872146484371, 40.66500253242188 ], [ -74.048236439453134, 40.665754684765631 ], [ -74.047611128906254, 40.66650118515625 ], [ -74.046996214843759, 40.667242033593752 ], [ -74.046391697265634, 40.667977230078122 ], [ -74.045797576171879, 40.668706774609376 ], [ -74.045213851562508, 40.669430667187498 ], [ -74.044640523437508, 40.670148907812504 ], [ -74.044077591796878, 40.670861496484378 ], [ -74.043525056640632, 40.67156843320312 ], [ -74.042982917968757, 40.672269717968746 ], [ -74.042451175781252, 40.672965350781254 ], [ -74.041929830078132, 40.673655331640624 ], [ -74.041418880859382, 40.67433966054687 ], [ -74.040918328125002, 40.675018337499992 ], [ -74.040428171875007, 40.675691362500004 ], [ -74.039948412109382, 40.676358735546877 ], [ -74.039479048828127, 40.677020456640626 ], [ -74.039020082031257, 40.677676525781251 ], [ -74.038571511718757, 40.678326942968752 ], [ -74.038133337890628, 40.678971708203129 ], [ -74.037705560546883, 40.679610821484374 ], [ -74.037288179687508, 40.680244282812502 ], [ -74.036881195312503, 40.680872092187492 ], [ -74.036484607421883, 40.681494249609372 ], [ -74.036098416015633, 40.682110755078121 ], [ -74.035722621093754, 40.682721608593752 ], [ -74.035357222656259, 40.683326810156245 ], [ -74.035002220703134, 40.683926359765621 ], [ -74.03465761523438, 40.684520257421873 ], [ -74.03432340625001, 40.685108503125001 ], [ -74.033999593750011, 40.685691096874997 ], [ -74.033680936523453, 40.686275684765626 ], [ -74.033367434570323, 40.686862266796879 ], [ -74.033059087890635, 40.687450842968751 ], [ -74.032755896484389, 40.688041413281248 ], [ -74.03245786035157, 40.688633977734369 ], [ -74.032164979492208, 40.689228536328123 ], [ -74.031877253906273, 40.689825089062502 ], [ -74.031594683593752, 40.690423635937499 ], [ -74.031317268554687, 40.691024176953128 ], [ -74.031045008789079, 40.691626712109382 ], [ -74.030777904296883, 40.692231241406255 ], [ -74.030515955078144, 40.692837764843752 ], [ -74.030259161132832, 40.693446282421874 ], [ -74.030007522460949, 40.694056794140621 ], [ -74.029761039062521, 40.6946693 ], [ -74.029519710937507, 40.6952838 ], [ -74.029283538085949, 40.695900294140628 ], [ -74.029052520507832, 40.696518782421876 ], [ -74.028826658203144, 40.697139264843749 ], [ -74.028605951171883, 40.697761741406246 ], [ -74.028390399414064, 40.698386212109369 ], [ -74.028180002929702, 40.699012676953117 ], [ -74.027974761718767, 40.699641135937497 ], [ -74.027774675781259, 40.700271589062496 ], [ -74.027579745117208, 40.700904036328126 ], [ -74.02738996972657, 40.701538477734374 ], [ -74.027205349609389, 40.702174913281247 ], [ -74.027025884765635, 40.702813342968746 ], [ -74.026851575195337, 40.703453766796869 ], [ -74.026682420898453, 40.704096184765618 ], [ -74.026518421875011, 40.704740596874998 ], [ -74.02635957812501, 40.705387003124997 ], [ -74.02619969658204, 40.706012840039065 ], [ -74.0260387772461, 40.706618107617189 ], [ -74.02587682011719, 40.707202805859374 ], [ -74.025713825195311, 40.707766934765623 ], [ -74.025549792480462, 40.708310494335933 ], [ -74.025384721972671, 40.708833484570306 ], [ -74.025218613671882, 40.709335905468748 ], [ -74.025051467578137, 40.709817757031246 ], [ -74.024883283691423, 40.710279039257813 ], [ -74.024714062011725, 40.710719752148435 ], [ -74.024543802539071, 40.71113989570312 ], [ -74.024372505273448, 40.711539469921867 ], [ -74.02420017021484, 40.711918474804676 ], [ -74.024026797363291, 40.712276910351555 ], [ -74.023852386718758, 40.712614776562496 ], [ -74.023676938281255, 40.712932073437493 ], [ -74.023500452050797, 40.713228800976559 ], [ -74.023322928027355, 40.713504959179687 ], [ -74.023144366210943, 40.713760548046871 ], [ -74.022964766601575, 40.713995567578124 ], [ -74.022784129199223, 40.714210017773439 ], [ -74.022602454003916, 40.71440389863281 ], [ -74.022419741015625, 40.71457721015625 ], [ -74.022235990234378, 40.714729952343745 ], [ -74.022051201660148, 40.71486212519531 ], [ -74.021865375292961, 40.714973728710937 ], [ -74.021678511132805, 40.715064762890627 ], [ -74.021490609179679, 40.715135227734372 ], [ -74.021301669433583, 40.715185123242186 ], [ -74.021111691894532, 40.715214449414063 ], [ -74.020920676562497, 40.715223206250002 ], [ -74.020728623437506, 40.715211393749996 ], [ -74.020548573632823, 40.715200319531249 ], [ -74.020380527148433, 40.715189983593746 ], [ -74.020224483984379, 40.715180385937494 ], [ -74.020080444140632, 40.7151715265625 ], [ -74.019948407617193, 40.715163405468751 ], [ -74.019828374414075, 40.715156022656252 ], [ -74.019720344531265, 40.715149378124998 ], [ -74.019624317968749, 40.715143471875002 ], [ -74.019540294726568, 40.715138303906251 ], [ -74.01946827480468, 40.715133874218751 ], [ -74.019408258203129, 40.715130182812501 ], [ -74.01936024492187, 40.715127229687504 ], [ -74.019324234960948, 40.71512501484375 ], [ -74.019300228320304, 40.715123538281254 ], [ -74.019288225, 40.7151228 ], [ -74.019288225, 40.7151228 ], [ -74.019300228320304, 40.715123538281254 ], [ -74.019324234960948, 40.71512501484375 ], [ -74.01936024492187, 40.715127229687504 ], [ -74.019408258203129, 40.715130182812501 ], [ -74.01946827480468, 40.715133874218751 ], [ -74.019540294726568, 40.715138303906251 ], [ -74.019624317968749, 40.715143471875002 ], [ -74.019720344531265, 40.715149378124998 ], [ -74.019828374414075, 40.715156022656252 ], [ -74.019948407617193, 40.715163405468751 ], [ -74.020080444140632, 40.7151715265625 ], [ -74.020224483984379, 40.715180385937494 ], [ -74.020380527148433, 40.715189983593746 ], [ -74.020548573632823, 40.715200319531249 ], [ -74.020728623437506, 40.715211393749996 ], [ -74.020920676562497, 40.715223206250002 ], [ -74.021096720507813, 40.715269676953127 ], [ -74.021256755273427, 40.715350805859373 ], [ -74.021400780859366, 40.715466592968752 ], [ -74.021528797265617, 40.715617038281252 ], [ -74.021640804492179, 40.715802141796878 ], [ -74.021736802539053, 40.716021903515625 ], [ -74.021816791406252, 40.716276323437498 ], [ -74.021880771093748, 40.716565401562498 ], [ -74.02192874160157, 40.716889137890618 ], [ -74.02196070292969, 40.717247532421865 ], [ -74.021976655078134, 40.717640585156246 ], [ -74.021976598046876, 40.71806829609374 ], [ -74.021960531835944, 40.718530665234368 ], [ -74.021928456445323, 40.719027692578123 ], [ -74.021880371875, 40.719559378124998 ], [ -74.021816278125002, 40.720125721874993 ], [ -74.021736175195315, 40.720726723828122 ], [ -74.021640063085925, 40.721362383984378 ], [ -74.021527941796876, 40.722032702343753 ], [ -74.021399811328124, 40.722737678906242 ], [ -74.021255671679683, 40.723477313671864 ], [ -74.021095522851567, 40.724251606640621 ], [ -74.020919364843749, 40.725060557812498 ], [ -74.020727197656242, 40.725904167187494 ], [ -74.020519021289061, 40.726782434765624 ], [ -74.020294835742163, 40.727695360546875 ], [ -74.020054641015605, 40.728642944531245 ], [ -74.019798437109358, 40.729625186718749 ], [ -74.019526224023423, 40.730642087109374 ], [ -74.019238001757799, 40.731693645703118 ], [ -74.018933770312486, 40.732779862499996 ], [ -74.018613529687514, 40.733900737499994 ], [ -74.018296397167973, 40.734996399609372 ], [ -74.01798237275392, 40.736066848828116 ], [ -74.017671456445328, 40.737112085156241 ], [ -74.017363648242195, 40.738132108593746 ], [ -74.017058948144552, 40.739126919140617 ], [ -74.016757356152354, 40.740096516796868 ], [ -74.01645887226563, 40.741040901562492 ], [ -74.016163496484381, 40.741960073437497 ], [ -74.015871228808592, 40.742854032421867 ], [ -74.015582069238278, 40.743722778515625 ], [ -74.015296017773437, 40.744566311718749 ], [ -74.015013074414057, 40.745384632031239 ], [ -74.014733239160151, 40.746177739453117 ], [ -74.014456512011719, 40.746945633984367 ], [ -74.014182892968748, 40.747688315624991 ], [ -74.013912382031251, 40.748405784375002 ], [ -74.013644979199228, 40.749098040234379 ], [ -74.013380684472651, 40.749765083203123 ], [ -74.013119497851562, 40.750406913281246 ], [ -74.012861419335934, 40.75102353046875 ], [ -74.01260644892578, 40.75161493476562 ], [ -74.012354586621086, 40.75218112617187 ], [ -74.012105832421867, 40.7527221046875 ], [ -74.011860186328121, 40.753237870312496 ], [ -74.011617648339836, 40.753728423046873 ], [ -74.011378218457025, 40.75419376289063 ], [ -74.011141896679675, 40.754633889843753 ], [ -74.010908683007813, 40.755048803906242 ], [ -74.010678577441396, 40.755438505078118 ], [ -74.010451579980469, 40.755802993359374 ], [ -74.010227690625001, 40.756142268749997 ], [ -74.010006909374994, 40.75645633125 ], [ -74.009790553906242, 40.756759600781251 ], [ -74.009578624218761, 40.757052077343751 ], [ -74.009371120312508, 40.757333760937499 ], [ -74.009168042187497, 40.757604651562502 ], [ -74.008969389843756, 40.757864749218747 ], [ -74.008775163281243, 40.758114053906247 ], [ -74.0085853625, 40.758352565624996 ], [ -74.008399987500013, 40.758580284375 ], [ -74.008219038281254, 40.758797210156246 ], [ -74.008042514843766, 40.759003342968747 ], [ -74.007870417187505, 40.759198682812496 ], [ -74.007702745312514, 40.759383229687494 ], [ -74.007539499218751, 40.75955698359374 ], [ -74.007380678906259, 40.759719944531241 ], [ -74.007226284375008, 40.759872112499991 ], [ -74.007076315625, 40.760013487500004 ], [ -74.006928299023429, 40.760143091015628 ], [ -74.006782234570295, 40.760260923046879 ], [ -74.006638122265613, 40.760366983593755 ], [ -74.006495962109383, 40.760461272656244 ], [ -74.006355754101577, 40.760543790234372 ], [ -74.006217498242194, 40.76061453632812 ], [ -74.006081194531248, 40.760673510937501 ], [ -74.00594684296874, 40.760720714062494 ], [ -74.005807022656256, 40.760753210156246 ], [ -74.005661733593755, 40.760770999218749 ], [ -74.005510975781263, 40.760774081249998 ], [ -74.005354749218753, 40.760762456249999 ], [ -74.005170791210944, 40.760727317578123 ], [ -74.004959101757819, 40.760668665234377 ], [ -74.00465289277345, 40.76056007929688 ], [ -74.0040518, 40.7603223 ] ] } },
{ "type": "Feature", "properties": { "Id": 0, "shape_id": "141", "route_id": "ER", "agency_id": "1", "short_name": "ER", "long_name": "East River", "route_type": "4", "color": "#228B9D", "text_color": "FFFFFF", "rt_tp_txt": "Ferry", "direction": "SB" }, "geometry": { "type": "LineString", "coordinates": [ [ -73.9613194, 40.7418379 ], [ -73.962078300390615, 40.741908142187505 ], [ -73.962458933203123, 40.741943901953128 ], [ -73.962714265234368, 40.741968593359374 ], [ -73.962928618749999, 40.741990021093748 ], [ -73.963101993750001, 40.742008185156251 ], [ -73.963262497656245, 40.742025687109376 ], [ -73.963410130468759, 40.742042526953121 ], [ -73.963544892187514, 40.742058704687494 ], [ -73.96366678281251, 40.742074220312503 ], [ -73.963785171484375, 40.742089941015621 ], [ -73.963900058203137, 40.742105866796877 ], [ -73.964011442968754, 40.742121997656248 ], [ -73.964119325781255, 40.742138333593751 ], [ -73.964223706640638, 40.742154874609376 ], [ -73.964324585546876, 40.742171620703125 ], [ -73.964421962500012, 40.742188571874998 ], [ -73.964515837500016, 40.742205728124993 ], [ -73.964609333593771, 40.742223378515618 ], [ -73.96470245078126, 40.742241523046864 ], [ -73.964795189062514, 40.74226016171874 ], [ -73.964887548437503, 40.742279294531244 ], [ -73.964979528906255, 40.742298921484362 ], [ -73.965071130468758, 40.742319042578117 ], [ -73.96516235312501, 40.742339657812494 ], [ -73.965253196874997, 40.742360767187492 ], [ -73.965343661718748, 40.742382370703126 ], [ -73.965433747656249, 40.742404468359368 ], [ -73.965523454687499, 40.742427060156245 ], [ -73.965612782812499, 40.742450146093745 ], [ -73.965701732031249, 40.742473726171866 ], [ -73.965790302343748, 40.742497800390623 ], [ -73.965878493749997, 40.742522368749995 ], [ -73.96596630625001, 40.742547431249996 ], [ -73.966054696875005, 40.742572663671872 ], [ -73.966143665625012, 40.742598066015624 ], [ -73.966233212500015, 40.742623638281245 ], [ -73.9663233375, 40.742649380468748 ], [ -73.966414040625011, 40.74267529257812 ], [ -73.966505321875005, 40.742701374609375 ], [ -73.966597181250009, 40.742727626562498 ], [ -73.966689618749996, 40.742754048437504 ], [ -73.966782634374994, 40.742780640234372 ], [ -73.966876228125003, 40.742807401953129 ], [ -73.9669704, 40.742834333593748 ], [ -73.96706515, 40.742861435156257 ], [ -73.967160478124981, 40.742888706640628 ], [ -73.967256384374991, 40.742916148046874 ], [ -73.967352868749998, 40.742943759374995 ], [ -73.967449931250002, 40.742971540625007 ], [ -73.967550894140629, 40.743000444921876 ], [ -73.96765575742188, 40.74303047226563 ], [ -73.967764521093756, 40.743061622656249 ], [ -73.967877185156254, 40.743093896093747 ], [ -73.967993749609377, 40.743127292578123 ], [ -73.968114214453124, 40.743161812109371 ], [ -73.968238579687494, 40.743197454687497 ], [ -73.968366845312488, 40.743234220312502 ], [ -73.968508978124987, 40.743274968359373 ], [ -73.968664978124991, 40.743319698828131 ], [ -73.9688348453125, 40.743368411718748 ], [ -73.969018579687486, 40.743421107031253 ], [ -73.96924608164062, 40.743486362890621 ], [ -73.969517351171859, 40.743564179296882 ], [ -73.969922089453107, 40.743680290625008 ], [ -73.9707294, 40.7439119 ] ] } },
{ "type": "Feature", "properties": { "Id": 0, "shape_id": "142", "route_id": "SB", "agency_id": "1", "short_name": "SB", "long_name": "South Brooklyn", "route_type": "4", "color": "#FFD100", "text_color": "FFFFFF", "rt_tp_txt": "Ferry", "direction": "SB" }, "geometry": { "type": "LineString", "coordinates": [ [ -73.970729, 40.743912 ], [ -73.969921689453116, 40.743680390625002 ], [ -73.969522124023428, 40.743544126953125 ], [ -73.969261200195319, 40.743426005859376 ], [ -73.969049216796876, 40.743300292968755 ], [ -73.968886173828125, 40.74316698828126 ], [ -73.968742170898437, 40.74301751367188 ], [ -73.968617208007814, 40.74285186914063 ], [ -73.968511285156239, 40.742670054687508 ], [ -73.968424402343743, 40.742472070312502 ], [ -73.968346592773415, 40.74225505664063 ], [ -73.968277856445297, 40.742019013671886 ], [ -73.968218193359348, 40.741763941406262 ], [ -73.96816760351561, 40.741489839843751 ], [ -73.968126086914054, 40.741196708984376 ], [ -73.968093643554681, 40.740884548828134 ], [ -73.96807027343749, 40.740553359375006 ], [ -73.968055976562482, 40.740203140625006 ], [ -73.968047430664043, 40.73983293945313 ], [ -73.96804463574216, 40.739442755859379 ], [ -73.968047591796861, 40.739032589843752 ], [ -73.968056298828103, 40.73860244140625 ], [ -73.968070756835914, 40.738152310546873 ], [ -73.968090965820295, 40.737682197265627 ], [ -73.968116925781231, 40.737192101562506 ], [ -73.968148636718723, 40.736682023437503 ], [ -73.968186098632799, 40.736151962890631 ], [ -73.96822931152343, 40.735601919921884 ], [ -73.968278275390617, 40.735031894531254 ], [ -73.968332990234373, 40.734441886718756 ], [ -73.968393456054685, 40.733831896484375 ], [ -73.968459672851552, 40.733201923828126 ], [ -73.968531640624988, 40.732551968750002 ], [ -73.968609359375009, 40.731882031249995 ], [ -73.96868847460938, 40.731222145507815 ], [ -73.968768986328129, 40.730572311523431 ], [ -73.968850894531258, 40.729932529296875 ], [ -73.968934199218751, 40.729302798828115 ], [ -73.969018900390637, 40.728683120117182 ], [ -73.969104998046873, 40.728073493164061 ], [ -73.969192492187503, 40.727473917968751 ], [ -73.969281382812511, 40.72688439453124 ], [ -73.969371669921884, 40.726304922851554 ], [ -73.969463353515621, 40.72573550292968 ], [ -73.969556433593752, 40.725176134765618 ], [ -73.969650910156247, 40.724626818359368 ], [ -73.969746783203135, 40.72408755371093 ], [ -73.969844052734373, 40.723558340820304 ], [ -73.969942718749991, 40.72303917968749 ], [ -73.970042781250015, 40.722530070312501 ], [ -73.97014424023439, 40.722031012695311 ], [ -73.97024709570313, 40.721542006835932 ], [ -73.970351347656248, 40.721063052734365 ], [ -73.970456996093759, 40.720594150390625 ], [ -73.970564041015621, 40.720135299804681 ], [ -73.970672482421875, 40.71968650097655 ], [ -73.970782320312495, 40.719247753906245 ], [ -73.970893554687507, 40.718819058593745 ], [ -73.971006185546884, 40.718400415039056 ], [ -73.971120212890625, 40.717991823242187 ], [ -73.971235636718745, 40.717593283203122 ], [ -73.971352457031259, 40.717204794921876 ], [ -73.971470673828122, 40.716826358398443 ], [ -73.971590287109379, 40.716457973632814 ], [ -73.971711296875, 40.716099640624996 ], [ -73.971833703125, 40.715751359374998 ], [ -73.97195746777345, 40.715412707031248 ], [ -73.972082590820321, 40.715083683593747 ], [ -73.972209072265628, 40.714764289062494 ], [ -73.97233691210937, 40.714454523437496 ], [ -73.972466110351561, 40.714154386718747 ], [ -73.972596666992203, 40.713863878906245 ], [ -73.972728582031266, 40.713583 ], [ -73.97286185546875, 40.71331175 ], [ -73.972996487304698, 40.713050128906254 ], [ -73.973132477539068, 40.712798136718753 ], [ -73.973269826171872, 40.712555773437501 ], [ -73.973408533203127, 40.712323039062497 ], [ -73.973548598632803, 40.712099933593748 ], [ -73.973690022460929, 40.711886457031241 ], [ -73.973832804687504, 40.711682609374996 ], [ -73.973976945312501, 40.711488390625 ], [ -73.974122444335947, 40.711303800781252 ], [ -73.974269301757829, 40.711128839843752 ], [ -73.974417517578132, 40.710963507812501 ], [ -73.974567091796885, 40.710807804687498 ], [ -73.974718024414074, 40.710661730468743 ], [ -73.974870315429683, 40.710525285156251 ], [ -73.975023964843757, 40.71039846875 ], [ -73.975178972656266, 40.710281281250005 ], [ -73.975335338867197, 40.710173722656251 ], [ -73.975493063476563, 40.710075792968745 ], [ -73.975652146484379, 40.709987492187494 ], [ -73.97581258789063, 40.709908820312499 ], [ -73.975974387695317, 40.709839777343753 ], [ -73.976137545898439, 40.709780363281247 ], [ -73.976302062499997, 40.709730578124997 ], [ -73.976467937500004, 40.709690421875003 ], [ -73.976628826171876, 40.709652585937505 ], [ -73.976784728515625, 40.709617070312504 ], [ -73.976935644531252, 40.709583875 ], [ -73.977081574218744, 40.709553 ], [ -73.977222517578127, 40.709524445312503 ], [ -73.97735847460936, 40.709498210937504 ], [ -73.9774894453125, 40.709474296875001 ], [ -73.977615429687489, 40.709452703125002 ], [ -73.977736427734371, 40.7094334296875 ], [ -73.977852439453116, 40.709416476562502 ], [ -73.977963464843739, 40.709401843750001 ], [ -73.978069503906241, 40.709389531250004 ], [ -73.97817055664062, 40.709379539062503 ], [ -73.978266623046864, 40.709371867187507 ], [ -73.978357703124999, 40.709366515625007 ], [ -73.978443796874998, 40.709363484375004 ], [ -73.978524904296876, 40.709362773437505 ], [ -73.978601025390617, 40.70936438281251 ], [ -73.97867216015625, 40.709368312500004 ], [ -73.978738308593762, 40.70937456250001 ], [ -73.978799470703137, 40.709383132812505 ], [ -73.978855646484377, 40.709394023437511 ], [ -73.978906835937494, 40.709407234375007 ], [ -73.978953039062503, 40.709422765625007 ], [ -73.978994255859391, 40.709440617187511 ], [ -73.979030486328128, 40.709460789062504 ], [ -73.979061730468757, 40.709483281250009 ], [ -73.97908798828125, 40.709508093750003 ], [ -73.979109259765622, 40.709535226562508 ], [ -73.979125544921871, 40.709564679687503 ], [ -73.979136843749998, 40.709596453125002 ], [ -73.979143156250004, 40.709630546875005 ], [ -73.979149074218753, 40.709662509765629 ], [ -73.979154597656247, 40.709692341796881 ], [ -73.9791597265625, 40.709720042968755 ], [ -73.979164460937497, 40.70974561328125 ], [ -73.979168800781252, 40.709769052734373 ], [ -73.979172746093752, 40.709790361328132 ], [ -73.979176296874996, 40.709809539062505 ], [ -73.979179453124999, 40.709826585937492 ], [ -73.979182214843746, 40.709841501953122 ], [ -73.979184582031252, 40.709854287109366 ], [ -73.979186554687502, 40.709864941406245 ], [ -73.979188132812496, 40.709873464843746 ], [ -73.979189316406249, 40.709879857421868 ], [ -73.979190105468746, 40.709884119140625 ], [ -73.9791905, 40.70988625 ], [ -73.9791905, 40.70988625 ], [ -73.979190105468746, 40.709884119140625 ], [ -73.979189316406249, 40.709879857421868 ], [ -73.979188132812496, 40.709873464843746 ], [ -73.979186554687502, 40.709864941406245 ], [ -73.979184582031252, 40.709854287109366 ], [ -73.979182214843746, 40.709841501953122 ], [ -73.979179453124999, 40.709826585937492 ], [ -73.979176296874996, 40.709809539062505 ], [ -73.979172746093752, 40.709790361328132 ], [ -73.979168800781252, 40.709769052734373 ], [ -73.979164460937497, 40.70974561328125 ], [ -73.9791597265625, 40.709720042968755 ], [ -73.979154597656247, 40.709692341796881 ], [ -73.979149074218753, 40.709662509765629 ], [ -73.979143156250004, 40.709630546875005 ], [ -73.979136843749998, 40.709596453125002 ], [ -73.979156330078126, 40.709556890625002 ], [ -73.979201615234373, 40.709511859375006 ], [ -73.979272699218754, 40.709461359375005 ], [ -73.979369582031254, 40.709405390625008 ], [ -73.979492263671872, 40.709343953125 ], [ -73.979640744140625, 40.709277046875002 ], [ -73.979815023437496, 40.709204671875 ], [ -73.9800151015625, 40.709126828125008 ], [ -73.980240978515624, 40.709043515625005 ], [ -73.980492654296881, 40.708954734374998 ], [ -73.980770128906258, 40.708860484374995 ], [ -73.981073402343753, 40.708760765625001 ], [ -73.981402474609382, 40.708655578125004 ], [ -73.98175734570313, 40.708544921875003 ], [ -73.982138015624997, 40.708428796875005 ], [ -73.982544484374998, 40.708307203125003 ], [ -73.982976751953117, 40.708180140625004 ], [ -73.983434818359356, 40.708047609375008 ], [ -73.983918683593743, 40.707909609375008 ], [ -73.984428347656234, 40.707766140624997 ], [ -73.984963810546873, 40.707617203124997 ], [ -73.985525072265602, 40.707462796875006 ], [ -73.98611213281248, 40.707302921875005 ], [ -73.986724992187504, 40.707137578125 ], [ -73.98736365039062, 40.706966765624998 ], [ -73.988028107421883, 40.706790484374999 ], [ -73.988718363281251, 40.706608734374996 ], [ -73.989434417968752, 40.706421515624996 ], [ -73.990176271484387, 40.706228828124992 ], [ -73.990943923828127, 40.706030671874998 ], [ -73.991737375000014, 40.705827046875001 ], [ -73.992556625, 40.705617953125 ], [ -73.993351133789062, 40.705416159179691 ], [ -73.994120901367182, 40.705221665039062 ], [ -73.994865927734367, 40.705034470703126 ], [ -73.995586212890629, 40.704854576171883 ], [ -73.996281756835941, 40.704681981445319 ], [ -73.996952559570332, 40.704516686523441 ], [ -73.997598621093758, 40.704358691406256 ], [ -73.998219941406262, 40.704207996093743 ], [ -73.99881652050783, 40.70406460058593 ], [ -73.999388358398448, 40.703928504882811 ], [ -73.999935455078131, 40.70379970898437 ], [ -74.000457810546891, 40.703678212890622 ], [ -74.000955424804701, 40.703564016601561 ], [ -74.001428297851575, 40.703457120117186 ], [ -74.001876429687513, 40.703357523437496 ], [ -74.002299820312501, 40.7032652265625 ], [ -74.002698469726568, 40.703180229492183 ], [ -74.003072377929698, 40.703102532226559 ], [ -74.003421544921878, 40.703032134765621 ], [ -74.003745970703136, 40.702969037109376 ], [ -74.004045655273444, 40.702913239257811 ], [ -74.004320598632816, 40.702864741210931 ], [ -74.004570800781252, 40.702823542968744 ], [ -74.004796261718752, 40.702789644531251 ], [ -74.004996981445316, 40.702763045898436 ], [ -74.00517295996093, 40.702743747070308 ], [ -74.005324197265622, 40.702731748046872 ], [ -74.005450693359364, 40.702727048828123 ], [ -74.00555244824217, 40.70272964941406 ], [ -74.005629461914054, 40.70273954980469 ], [ -74.005681734374988, 40.70275675 ], [ -74.005709265625015, 40.70278125 ], [ -74.005735076171888, 40.702804218750003 ], [ -74.005759166015636, 40.702825656250006 ], [ -74.00578153515626, 40.702845562500002 ], [ -74.005802183593758, 40.702863937500013 ], [ -74.005821111328132, 40.702880781250009 ], [ -74.00583831835938, 40.702896093750006 ], [ -74.005853804687504, 40.702909875 ], [ -74.005867570312503, 40.702922125 ], [ -74.005879615234377, 40.702932843749998 ], [ -74.005889939453127, 40.702942031250004 ], [ -74.005898542968751, 40.702949687500002 ], [ -74.005905425781251, 40.702955812500008 ], [ -74.005910587890625, 40.702960406250007 ], [ -74.005914029296875, 40.702963468750006 ], [ -74.00591575, 40.702965 ], [ -74.00591575, 40.702965 ], [ -74.005914029296875, 40.702963468750006 ], [ -74.005910587890625, 40.702960406250007 ], [ -74.005905425781251, 40.702955812500008 ], [ -74.005898542968751, 40.702949687500002 ], [ -74.005889939453127, 40.702942031250004 ], [ -74.005879615234377, 40.702932843749998 ], [ -74.005867570312503, 40.702922125 ], [ -74.005853804687504, 40.702909875 ], [ -74.00583831835938, 40.702896093750006 ], [ -74.005821111328132, 40.702880781250009 ], [ -74.005802183593758, 40.702863937500013 ], [ -74.00578153515626, 40.702845562500002 ], [ -74.005759166015636, 40.702825656250006 ], [ -74.005735076171888, 40.702804218750003 ], [ -74.005709265625015, 40.70278125 ], [ -74.005681734374988, 40.70275675 ], [ -74.005655132812478, 40.702724112304693 ], [ -74.005629460937485, 40.702683336914063 ], [ -74.005604718749993, 40.702634423828123 ], [ -74.005580906250003, 40.702577373046879 ], [ -74.005558023437501, 40.70251218457031 ], [ -74.005536070312488, 40.702438858398438 ], [ -74.00551504687499, 40.702357394531248 ], [ -74.005494953125009, 40.702267792968755 ], [ -74.005475789062501, 40.702170053710937 ], [ -74.00545755468751, 40.702064176757816 ], [ -74.00544025, 40.701950162109377 ], [ -74.005423875, 40.70182800976562 ], [ -74.005408429687506, 40.70169771972656 ], [ -74.005393914062509, 40.701559291992183 ], [ -74.005380328125, 40.701412726562495 ], [ -74.005367671875007, 40.701258023437504 ], [ -74.005355945312502, 40.701095182617195 ], [ -74.005345148437499, 40.700924204101568 ], [ -74.005335281249998, 40.700745087890624 ], [ -74.005326343750014, 40.700557833984377 ], [ -74.005318335937517, 40.700362442382811 ], [ -74.005311257812508, 40.700158913085929 ], [ -74.005305109375001, 40.699947246093743 ], [ -74.005299890624997, 40.699727441406253 ], [ -74.005295601562494, 40.699499499023439 ], [ -74.005292242187494, 40.699263418945314 ], [ -74.005289812499996, 40.699019201171879 ], [ -74.005288312499999, 40.698766845703119 ], [ -74.005287742187505, 40.698506352539056 ], [ -74.005288101562513, 40.698237721679689 ], [ -74.005289390625009, 40.697960953124998 ], [ -74.005291609374993, 40.697676046874996 ], [ -74.005290574218748, 40.697399121093746 ], [ -74.005286285156259, 40.697130175781247 ], [ -74.005278742187514, 40.696869210937493 ], [ -74.005267945312511, 40.696616226562497 ], [ -74.005253894531265, 40.696371222656239 ], [ -74.005236589843761, 40.696134199218747 ], [ -74.005216031250001, 40.695905156249992 ], [ -74.005192218750011, 40.695684093750003 ], [ -74.00516515234375, 40.695471011718752 ], [ -74.005134832031246, 40.695265910156252 ], [ -74.005101257812498, 40.695068789062503 ], [ -74.005064429687494, 40.694879648437492 ], [ -74.005024347656246, 40.694698488281247 ], [ -74.004981011718755, 40.694525308593747 ], [ -74.004934421875006, 40.694360109374998 ], [ -74.004884578124987, 40.694202890625 ], [ -74.004831480468738, 40.694053652343747 ], [ -74.004775128906246, 40.693912394531246 ], [ -74.004715523437497, 40.693779117187496 ], [ -74.00465266406249, 40.693653820312498 ], [ -74.004586550781241, 40.693536503906252 ], [ -74.004517183593748, 40.69342716796875 ], [ -74.004444562499998, 40.693325812499999 ], [ -74.004368687499991, 40.693232437500001 ], [ -74.00428955859374, 40.693147042968747 ], [ -74.004207175781247, 40.693069628906251 ], [ -74.004121539062496, 40.6930001953125 ], [ -74.004032648437502, 40.692938742187501 ], [ -74.00394050390625, 40.692885269531253 ], [ -74.003845105468756, 40.69283977734375 ], [ -74.003746453125004, 40.692802265625005 ], [ -74.003644546874995, 40.692772734374998 ], [ -74.003549009765621, 40.692745048828129 ], [ -74.003459841796868, 40.692719208984371 ], [ -74.003377042968737, 40.692695214843752 ], [ -74.003300613281255, 40.69267306640625 ], [ -74.003230552734379, 40.692652763671873 ], [ -74.003166861328111, 40.692634306640628 ], [ -74.003109539062493, 40.692617695312506 ], [ -74.003058585937495, 40.692602929687496 ], [ -74.003014001953119, 40.692590009765624 ], [ -74.002975787109378, 40.692578935546877 ], [ -74.002943941406258, 40.692569707031254 ], [ -74.002918464843745, 40.692562324218748 ], [ -74.002899357421882, 40.692556787109375 ], [ -74.002886619140625, 40.692553095703126 ], [ -74.00288025, 40.69255125 ], [ -74.00288025, 40.69255125 ], [ -74.002886619140625, 40.692553095703126 ], [ -74.002899357421882, 40.692556787109375 ], [ -74.002918464843745, 40.692562324218748 ], [ -74.002943941406258, 40.692569707031254 ], [ -74.002975787109378, 40.692578935546877 ], [ -74.003014001953119, 40.692590009765624 ], [ -74.003058585937495, 40.692602929687496 ], [ -74.003109539062493, 40.692617695312506 ], [ -74.003166861328111, 40.692634306640628 ], [ -74.003230552734379, 40.692652763671873 ], [ -74.003300613281255, 40.69267306640625 ], [ -74.003377042968737, 40.692695214843752 ], [ -74.003459841796868, 40.692719208984371 ], [ -74.003549009765621, 40.692745048828129 ], [ -74.003644546874995, 40.692772734374998 ], [ -74.003746453125004, 40.692802265625005 ], [ -74.003853473632816, 40.6928230078125 ], [ -74.003965608398431, 40.692834960937503 ], [ -74.004082857421878, 40.692838125 ], [ -74.004205220703113, 40.6928325 ], [ -74.00433269824218, 40.692818085937503 ], [ -74.004465290039064, 40.6927948828125 ], [ -74.004602996093752, 40.692762890625005 ], [ -74.004745816406242, 40.692722109374998 ], [ -74.004893750976549, 40.692672539062499 ], [ -74.005046799804688, 40.692614179687496 ], [ -74.005204962890616, 40.692547031250001 ], [ -74.005368240234375, 40.692471093750001 ], [ -74.005536631835938, 40.692386367187495 ], [ -74.005710137695303, 40.692292851562499 ], [ -74.0058887578125, 40.692190546874997 ], [ -74.006072492187499, 40.692079453125004 ], [ -74.006261340820316, 40.691959570312498 ], [ -74.00645530371095, 40.691830898437502 ], [ -74.006654380859374, 40.6916934375 ], [ -74.006858572265628, 40.691547187499999 ], [ -74.007067877929671, 40.691392148437501 ], [ -74.00728229785156, 40.691228320312497 ], [ -74.007501832031238, 40.691055703125002 ], [ -74.007726480468762, 40.690874296874995 ], [ -74.007956243164074, 40.690684101562496 ], [ -74.008191120117203, 40.690485117187492 ], [ -74.008431111328136, 40.690277343749997 ], [ -74.008676216796871, 40.690060781249997 ], [ -74.008926436523438, 40.689835429687498 ], [ -74.009181770507823, 40.689601289062502 ], [ -74.009442218749996, 40.689358359374999 ], [ -74.00970778125, 40.689106640625006 ], [ -74.009962686523423, 40.688860463867194 ], [ -74.010206934570306, 40.688619829101569 ], [ -74.010440525390607, 40.688384736328132 ], [ -74.010663458984368, 40.688155185546883 ], [ -74.010875735351561, 40.687931176757822 ], [ -74.011077354492187, 40.687712709960941 ], [ -74.011268316406245, 40.687499785156255 ], [ -74.011448621093734, 40.687292402343758 ], [ -74.011618268554685, 40.687090561523448 ], [ -74.011777258789053, 40.686894262695319 ], [ -74.011925591796867, 40.686703505859384 ], [ -74.012063267578128, 40.686518291015631 ], [ -74.012190286132807, 40.686338618164065 ], [ -74.012306647460946, 40.686164487304694 ], [ -74.012412351562503, 40.685995898437504 ], [ -74.012507398437492, 40.685832851562509 ], [ -74.012591788085928, 40.685675346679695 ], [ -74.012665520507824, 40.685523383789068 ], [ -74.012728595703123, 40.685376962890629 ], [ -74.012781013671884, 40.685236083984385 ], [ -74.012822774414062, 40.685100747070322 ], [ -74.012853877929686, 40.684970952148447 ], [ -74.012874324218757, 40.68484669921876 ], [ -74.012884113281245, 40.684727988281253 ], [ -74.012883245117195, 40.684614819335941 ], [ -74.012871719726547, 40.684507192382817 ], [ -74.012849537109361, 40.684405107421881 ], [ -74.012816697265635, 40.684308564453126 ], [ -74.012773200195312, 40.684217563476565 ], [ -74.01271904589845, 40.684132104492186 ], [ -74.012654234375006, 40.684052187500001 ], [ -74.012578765625008, 40.683977812500004 ], [ -74.012507553710947, 40.683903924804696 ], [ -74.012440598632821, 40.683830524414063 ], [ -74.012377900390632, 40.683757611328126 ], [ -74.012319458984379, 40.683685185546878 ], [ -74.012265274414062, 40.683613247070312 ], [ -74.012215346679682, 40.683541795898442 ], [ -74.012169675781251, 40.683470832031247 ], [ -74.012128261718743, 40.683400355468748 ], [ -74.012091104492185, 40.683330366210932 ], [ -74.01205820410155, 40.683260864257804 ], [ -74.012029560546864, 40.683191849609365 ], [ -74.012005173828129, 40.683123322265622 ], [ -74.011985043945316, 40.683055282226562 ], [ -74.011969170898425, 40.682987729492183 ], [ -74.011957554687484, 40.682920664062493 ], [ -74.011950195312494, 40.682854085937507 ], [ -74.011948991210943, 40.682786158203129 ], [ -74.011953942382803, 40.682716880859381 ], [ -74.011965048828117, 40.682646253906256 ], [ -74.01198231054687, 40.682574277343754 ], [ -74.012005727539048, 40.682500951171882 ], [ -74.01203529980468, 40.682426275390632 ], [ -74.012071027343751, 40.68235025 ], [ -74.012112910156247, 40.682272875 ], [ -74.012166643554693, 40.682188639648437 ], [ -74.012232227539073, 40.682097543945311 ], [ -74.012309662109388, 40.681999587890623 ], [ -74.012398947265623, 40.681894771484373 ], [ -74.012517168945323, 40.681766562500002 ], [ -74.012664327148443, 40.681614960937495 ], [ -74.012891679687499, 40.681390370117185 ], [ -74.013353, 40.680944 ] ] } },
{ "type": "Feature", "properties": { "Id": 0, "shape_id": "143", "route_id": "SB", "agency_id": "1", "short_name": "SB", "long_name": "South Brooklyn", "route_type": "4", "color": "#FFD100", "text_color": "FFFFFF", "rt_tp_txt": "Ferry", "direction": "SB" }, "geometry": { "type": "LineString", "coordinates": [ [ -74.013358, 40.680954 ], [ -74.012825013671872, 40.681384233398447 ], [ -74.012562712890627, 40.681601056640631 ], [ -74.012393435546883, 40.681747880859383 ], [ -74.012257960937504, 40.681872509765633 ], [ -74.012156289062503, 40.681974943359378 ], [ -74.012068679687502, 40.682071116210942 ], [ -74.011995132812501, 40.682161028320316 ], [ -74.0119356484375, 40.6822446796875 ], [ -74.0118902265625, 40.682322070312509 ], [ -74.011852287109377, 40.682398511718759 ], [ -74.011821830078119, 40.68247400390625 ], [ -74.01179885546874, 40.682548546875005 ], [ -74.011783363281253, 40.682622140625007 ], [ -74.011775353515617, 40.682694785156258 ], [ -74.011774826171873, 40.682766480468757 ], [ -74.011781781249994, 40.682837226562505 ], [ -74.011796218749993, 40.682907023437501 ], [ -74.011815945312492, 40.68297764160156 ], [ -74.011840960937491, 40.683049081054691 ], [ -74.01187126562499, 40.683121341796877 ], [ -74.011906859374989, 40.683194423828127 ], [ -74.011947742187488, 40.68326832714844 ], [ -74.011993914062487, 40.683343051757809 ], [ -74.012045374999985, 40.683418597656249 ], [ -74.012102124999984, 40.683494964843753 ], [ -74.012164164062483, 40.683572153320313 ], [ -74.012231492187482, 40.683650163085943 ], [ -74.01230410937498, 40.683728994140623 ], [ -74.012382015624979, 40.68380864648438 ], [ -74.012465210937478, 40.683889120117186 ], [ -74.012553695312477, 40.68397041503907 ], [ -74.012647468749989, 40.684052531250003 ], [ -74.012746531250002, 40.68413546875 ], [ -74.012833751953124, 40.684223469726561 ], [ -74.01290913085937, 40.684316534179686 ], [ -74.012972667968739, 40.684414662109376 ], [ -74.013024363281261, 40.684517853515629 ], [ -74.013064216796877, 40.684626108398447 ], [ -74.013092228515632, 40.684739426757815 ], [ -74.013108398437495, 40.684857808593755 ], [ -74.013112726562497, 40.684981253906251 ], [ -74.013105212890622, 40.685109762695312 ], [ -74.013085857421856, 40.685243334960937 ], [ -74.013054660156243, 40.685381970703126 ], [ -74.013011621093739, 40.68552566992188 ], [ -74.012956740234372, 40.685674432617191 ], [ -74.012890017578115, 40.685828258789073 ], [ -74.012811453124996, 40.685987148437505 ], [ -74.012721046875001, 40.686151101562501 ], [ -74.012618798828129, 40.686320118164062 ], [ -74.01250470898438, 40.686494198242187 ], [ -74.012378777343756, 40.686673341796876 ], [ -74.012241003906254, 40.686857548828129 ], [ -74.012091388671877, 40.687046819335947 ], [ -74.011929931640623, 40.687241153320315 ], [ -74.011756632812506, 40.687440550781254 ], [ -74.0115714921875, 40.68764501171875 ], [ -74.011374509765631, 40.687854536132811 ], [ -74.011165685546871, 40.688069124023436 ], [ -74.010945019531249, 40.688288775390625 ], [ -74.010712511718765, 40.688513490234378 ], [ -74.01046816210939, 40.688743268554688 ], [ -74.010211970703125, 40.68897811035157 ], [ -74.009943937499997, 40.689218015625002 ], [ -74.009664062500008, 40.689462984374998 ], [ -74.009389749023441, 40.689699375 ], [ -74.009120997070312, 40.689927187499997 ], [ -74.008857806640634, 40.690146421874999 ], [ -74.008600177734365, 40.690357078125004 ], [ -74.008348110351562, 40.690559156250004 ], [ -74.008101604492197, 40.690752656249998 ], [ -74.007860660156254, 40.690937578124995 ], [ -74.007625277343749, 40.691113921875001 ], [ -74.007395456054695, 40.691281687499995 ], [ -74.00717119628905, 40.691440875 ], [ -74.006952498046871, 40.691591484374996 ], [ -74.00673936132813, 40.691733515625003 ], [ -74.006531786132825, 40.691866968749999 ], [ -74.00632977246093, 40.691991843750003 ], [ -74.0061333203125, 40.692108140625002 ], [ -74.005942429687494, 40.692215859374997 ], [ -74.005757100585924, 40.692315 ], [ -74.005577333007807, 40.692405562499999 ], [ -74.005403126953127, 40.692487546875 ], [ -74.005234482421855, 40.692560953125003 ], [ -74.005071399414049, 40.692625781250001 ], [ -74.004913877929681, 40.692682031250001 ], [ -74.00476191796875, 40.692729703125003 ], [ -74.004615519531242, 40.692768796875001 ], [ -74.004474682617172, 40.6927993125 ], [ -74.004339407226553, 40.69282125 ], [ -74.004209693359371, 40.692834609374998 ], [ -74.004085541015627, 40.692839390625004 ], [ -74.00396695019532, 40.692835593750004 ], [ -74.00385392089845, 40.69282321875 ], [ -74.003746453125004, 40.692802265625005 ], [ -74.003644546874995, 40.692772734374998 ], [ -74.003549009765621, 40.692745048828129 ], [ -74.003459841796868, 40.692719208984371 ], [ -74.003377042968737, 40.692695214843752 ], [ -74.003300613281255, 40.69267306640625 ], [ -74.003230552734379, 40.692652763671873 ], [ -74.003166861328111, 40.692634306640628 ], [ -74.003109539062493, 40.692617695312506 ], [ -74.003058585937495, 40.692602929687496 ], [ -74.003014001953119, 40.692590009765624 ], [ -74.002975787109378, 40.692578935546877 ], [ -74.002943941406258, 40.692569707031254 ], [ -74.002918464843745, 40.692562324218748 ], [ -74.002899357421882, 40.692556787109375 ], [ -74.002886619140625, 40.692553095703126 ], [ -74.00288025, 40.69255125 ], [ -74.00288025, 40.69255125 ], [ -74.002886619140625, 40.692553095703126 ], [ -74.002899357421882, 40.692556787109375 ], [ -74.002918464843745, 40.692562324218748 ], [ -74.002943941406258, 40.692569707031254 ], [ -74.002975787109378, 40.692578935546877 ], [ -74.003014001953119, 40.692590009765624 ], [ -74.003058585937495, 40.692602929687496 ], [ -74.003109539062493, 40.692617695312506 ], [ -74.003166861328111, 40.692634306640628 ], [ -74.003230552734379, 40.692652763671873 ], [ -74.003300613281255, 40.69267306640625 ], [ -74.003377042968737, 40.692695214843752 ], [ -74.003459841796868, 40.692719208984371 ], [ -74.003549009765621, 40.692745048828129 ], [ -74.003644546874995, 40.692772734374998 ], [ -74.003746453125004, 40.692802265625005 ], [ -74.003845105468756, 40.69283977734375 ], [ -74.00394050390625, 40.692885269531253 ], [ -74.004032648437502, 40.692938742187501 ], [ -74.004121539062496, 40.6930001953125 ], [ -74.004207175781247, 40.693069628906251 ], [ -74.00428955859374, 40.693147042968747 ], [ -74.004368687499991, 40.693232437500001 ], [ -74.004444562499998, 40.693325812499999 ], [ -74.004517183593748, 40.69342716796875 ], [ -74.004586550781241, 40.693536503906252 ], [ -74.00465266406249, 40.693653820312498 ], [ -74.004715523437497, 40.693779117187496 ], [ -74.004775128906246, 40.693912394531246 ], [ -74.004831480468738, 40.694053652343747 ], [ -74.004884578124987, 40.694202890625 ], [ -74.004934421875006, 40.694360109374998 ], [ -74.004981011718755, 40.694525308593747 ], [ -74.005024347656246, 40.694698488281247 ], [ -74.005064429687494, 40.694879648437492 ], [ -74.005101257812498, 40.695068789062503 ], [ -74.005134832031246, 40.695265910156252 ], [ -74.00516515234375, 40.695471011718752 ], [ -74.005192218750011, 40.695684093750003 ], [ -74.005216031250001, 40.695905156249992 ], [ -74.005236589843761, 40.696134199218747 ], [ -74.005253894531265, 40.696371222656239 ], [ -74.005267945312511, 40.696616226562497 ], [ -74.005278742187514, 40.696869210937493 ], [ -74.005286285156259, 40.697130175781247 ], [ -74.005290574218748, 40.697399121093746 ], [ -74.005291609374993, 40.697676046874996 ], [ -74.005289390625009, 40.697960953124998 ], [ -74.005288101562513, 40.698237721679689 ], [ -74.005287742187505, 40.698506352539056 ], [ -74.005288312499999, 40.698766845703119 ], [ -74.005289812499996, 40.699019201171879 ], [ -74.005292242187494, 40.699263418945314 ], [ -74.005295601562494, 40.699499499023439 ], [ -74.005299890624997, 40.699727441406253 ], [ -74.005305109375001, 40.699947246093743 ], [ -74.005311257812508, 40.700158913085929 ], [ -74.005318335937517, 40.700362442382811 ], [ -74.005326343750014, 40.700557833984377 ], [ -74.005335281249998, 40.700745087890624 ], [ -74.005345148437499, 40.700924204101568 ], [ -74.005355945312502, 40.701095182617195 ], [ -74.005367671875007, 40.701258023437504 ], [ -74.005380328125, 40.701412726562495 ], [ -74.005393914062509, 40.701559291992183 ], [ -74.005408429687506, 40.70169771972656 ], [ -74.005423875, 40.70182800976562 ], [ -74.00544025, 40.701950162109377 ], [ -74.00545755468751, 40.702064176757816 ], [ -74.005475789062501, 40.702170053710937 ], [ -74.005494953125009, 40.702267792968755 ], [ -74.00551504687499, 40.702357394531248 ], [ -74.005536070312488, 40.702438858398438 ], [ -74.005558023437501, 40.70251218457031 ], [ -74.005580906250003, 40.702577373046879 ], [ -74.005604718749993, 40.702634423828123 ], [ -74.005629460937485, 40.702683336914063 ], [ -74.005655132812478, 40.702724112304693 ], [ -74.005681734374988, 40.70275675 ], [ -74.005709265625015, 40.70278125 ], [ -74.005735076171888, 40.702804218750003 ], [ -74.005759166015636, 40.702825656250006 ], [ -74.00578153515626, 40.702845562500002 ], [ -74.005802183593758, 40.702863937500013 ], [ -74.005821111328132, 40.702880781250009 ], [ -74.00583831835938, 40.702896093750006 ], [ -74.005853804687504, 40.702909875 ], [ -74.005867570312503, 40.702922125 ], [ -74.005879615234377, 40.702932843749998 ], [ -74.005889939453127, 40.702942031250004 ], [ -74.005898542968751, 40.702949687500002 ], [ -74.005905425781251, 40.702955812500008 ], [ -74.005910587890625, 40.702960406250007 ], [ -74.005914029296875, 40.702963468750006 ], [ -74.00591575, 40.702965 ], [ -74.00591575, 40.702965 ], [ -74.005914029296875, 40.702963468750006 ], [ -74.005910587890625, 40.702960406250007 ], [ -74.005905425781251, 40.702955812500008 ], [ -74.005898542968751, 40.702949687500002 ], [ -74.005889939453127, 40.702942031250004 ], [ -74.005879615234377, 40.702932843749998 ], [ -74.005867570312503, 40.702922125 ], [ -74.005853804687504, 40.702909875 ], [ -74.00583831835938, 40.702896093750006 ], [ -74.005821111328132, 40.702880781250009 ], [ -74.005802183593758, 40.702863937500013 ], [ -74.00578153515626, 40.702845562500002 ], [ -74.005759166015636, 40.702825656250006 ], [ -74.005735076171888, 40.702804218750003 ], [ -74.005709265625015, 40.70278125 ], [ -74.005681734374988, 40.70275675 ], [ -74.005629461914054, 40.70273954980469 ], [ -74.00555244824217, 40.70272964941406 ], [ -74.005450693359364, 40.702727048828123 ], [ -74.005324197265622, 40.702731748046872 ], [ -74.00517295996093, 40.702743747070308 ], [ -74.004996981445316, 40.702763045898436 ], [ -74.004796261718752, 40.702789644531251 ], [ -74.004570800781252, 40.702823542968744 ], [ -74.004320598632816, 40.702864741210931 ], [ -74.004045655273444, 40.702913239257811 ], [ -74.003745970703136, 40.702969037109376 ], [ -74.003421544921878, 40.703032134765621 ], [ -74.003072377929698, 40.703102532226559 ], [ -74.002698469726568, 40.703180229492183 ], [ -74.002299820312501, 40.7032652265625 ], [ -74.001876429687513, 40.703357523437496 ], [ -74.001428297851575, 40.703457120117186 ], [ -74.000955424804701, 40.703564016601561 ], [ -74.000457810546891, 40.703678212890622 ], [ -73.999935455078131, 40.70379970898437 ], [ -73.999388358398448, 40.703928504882811 ], [ -73.99881652050783, 40.70406460058593 ], [ -73.998219941406262, 40.704207996093743 ], [ -73.997598621093758, 40.704358691406256 ], [ -73.996952559570332, 40.704516686523441 ], [ -73.996281756835941, 40.704681981445319 ], [ -73.995586212890629, 40.704854576171883 ], [ -73.994865927734367, 40.705034470703126 ], [ -73.994120901367182, 40.705221665039062 ], [ -73.993351133789062, 40.705416159179691 ], [ -73.992556625, 40.705617953125 ], [ -73.991737375000014, 40.705827046875001 ], [ -73.990943924804697, 40.706030671874998 ], [ -73.990176274414068, 40.706228828124992 ], [ -73.989434423828129, 40.706421515624996 ], [ -73.988718373046879, 40.706608734374996 ], [ -73.988028122070318, 40.706790484374999 ], [ -73.987363670898446, 40.706966765624998 ], [ -73.986725019531249, 40.707137578125 ], [ -73.986112167968741, 40.707302921875005 ], [ -73.985525116210937, 40.707462796875006 ], [ -73.984963864257807, 40.707617203124997 ], [ -73.984428412109366, 40.707766140624997 ], [ -73.983918759765629, 40.707909609375008 ], [ -73.983434907226567, 40.708047609375008 ], [ -73.982976854492179, 40.708180140625004 ], [ -73.982544601562495, 40.708307203125003 ], [ -73.9821381484375, 40.708428796875005 ], [ -73.981757495117179, 40.708544921875003 ], [ -73.981402641601562, 40.708655578125004 ], [ -73.98107358789062, 40.708760765625001 ], [ -73.980770333984381, 40.708860484374995 ], [ -73.980492879882817, 40.708954734374998 ], [ -73.980241225585942, 40.709043515625005 ], [ -73.980015371093742, 40.709126828125008 ], [ -73.979815316406246, 40.709204671875 ], [ -73.979641061523424, 40.709277046875002 ], [ -73.979492606445305, 40.709343953125 ], [ -73.979369951171861, 40.709405390625008 ], [ -73.979273095703121, 40.709461359375005 ], [ -73.979202040039056, 40.709511859375006 ], [ -73.979156784179679, 40.709556890625002 ], [ -73.979137328125006, 40.709596453125002 ], [ -73.979143671874994, 40.709630546875005 ], [ -73.979149619140628, 40.709662509765629 ], [ -73.979155169921881, 40.709692341796881 ], [ -73.979160324218753, 40.709720042968755 ], [ -73.979165082031258, 40.70974561328125 ], [ -73.979169443359382, 40.709769052734373 ], [ -73.979173408203124, 40.709790361328132 ], [ -73.979176976562499, 40.709809539062505 ], [ -73.979180148437507, 40.709826585937492 ], [ -73.97918292382812, 40.709841501953122 ], [ -73.979185302734379, 40.709854287109366 ], [ -73.979187285156243, 40.709864941406245 ], [ -73.979188871093754, 40.709873464843746 ], [ -73.97919006054687, 40.709879857421868 ], [ -73.979190853515632, 40.709884119140625 ], [ -73.97919125, 40.70988625 ], [ -73.97919125, 40.70988625 ], [ -73.979190853515632, 40.709884119140625 ], [ -73.97919006054687, 40.709879857421868 ], [ -73.979188871093754, 40.709873464843746 ], [ -73.979187285156243, 40.709864941406245 ], [ -73.979185302734379, 40.709854287109366 ], [ -73.97918292382812, 40.709841501953122 ], [ -73.979180148437507, 40.709826585937492 ], [ -73.979176976562499, 40.709809539062505 ], [ -73.979173408203124, 40.709790361328132 ], [ -73.979169443359382, 40.709769052734373 ], [ -73.979165082031258, 40.70974561328125 ], [ -73.979160324218753, 40.709720042968755 ], [ -73.979155169921881, 40.709692341796881 ], [ -73.979149619140628, 40.709662509765629 ], [ -73.979143671874994, 40.709630546875005 ], [ -73.979137328125006, 40.709596453125002 ], [ -73.97912491308594, 40.709565265625002 ], [ -73.979106426757809, 40.709536984375006 ], [ -73.979081869140629, 40.709511609375006 ], [ -73.979051240234355, 40.709489140625003 ], [ -73.979014540039046, 40.70946957812501 ], [ -73.978971768554672, 40.709452921875005 ], [ -73.978922925781234, 40.709439171875005 ], [ -73.97886801171876, 40.709428328125 ], [ -73.978807026367193, 40.709420390625006 ], [ -73.978739969726561, 40.709415359375008 ], [ -73.978666841796866, 40.709413234375006 ], [ -73.978587642578134, 40.709414015625008 ], [ -73.978502372070324, 40.709417703125006 ], [ -73.978411030273435, 40.709424296875007 ], [ -73.978313617187496, 40.709433796875004 ], [ -73.978210132812507, 40.709446203125005 ], [ -73.978100577148439, 40.709461515625001 ], [ -73.977984950195321, 40.709479734375002 ], [ -73.977863251953124, 40.709500859375005 ], [ -73.977735482421878, 40.709524890624998 ], [ -73.977601641601552, 40.709551828125001 ], [ -73.977461729492177, 40.709581671875007 ], [ -73.977315746093751, 40.709614421875003 ], [ -73.977163691406247, 40.709650078125009 ], [ -73.977005565429693, 40.709688640625004 ], [ -73.97684136816406, 40.709730109375002 ], [ -73.976671099609376, 40.709774484375004 ], [ -73.976494759765629, 40.709821765625009 ], [ -73.976312348632803, 40.709871953125003 ], [ -73.976123866210941, 40.709925046875007 ], [ -73.9759293125, 40.709981046875001 ], [ -73.975728687500009, 40.710039953125005 ], [ -73.975528128906248, 40.710112225585938 ], [ -73.975327636718745, 40.710197864257815 ], [ -73.975127210937501, 40.710296869140628 ], [ -73.974926851562486, 40.710409240234377 ], [ -73.974726558593744, 40.710534977539062 ], [ -73.974526332031246, 40.710674081054691 ], [ -73.974326171874992, 40.710826550781249 ], [ -73.974126078124996, 40.71099238671875 ], [ -73.973926050781245, 40.711171588867188 ], [ -73.973726089843737, 40.711364157226569 ], [ -73.973526195312488, 40.711570091796879 ], [ -73.973326367187497, 40.711789392578119 ], [ -73.973126605468735, 40.712022059570309 ], [ -73.972926910156247, 40.712268092773435 ], [ -73.972727281249988, 40.712527492187498 ], [ -73.972527718750001, 40.712800257812503 ], [ -73.972328222656245, 40.713086389648439 ], [ -73.972128792968761, 40.713385887695317 ], [ -73.971929429687506, 40.713698751953132 ], [ -73.971730132812496, 40.714024982421876 ], [ -73.971530902343744, 40.714364579101556 ], [ -73.971331738281251, 40.714717541992187 ], [ -73.971132640625001, 40.715083871093746 ], [ -73.970933609374995, 40.71546356640625 ], [ -73.970734644531248, 40.715856627929689 ], [ -73.970535746093745, 40.716263055664065 ], [ -73.9703369140625, 40.716682849609377 ], [ -73.970138148437499, 40.717116009765626 ], [ -73.969939449218742, 40.717562536132817 ], [ -73.969740816406244, 40.718022428710938 ], [ -73.969542249999989, 40.718495687500003 ], [ -73.96934375, 40.718982312500003 ], [ -73.969153076171878, 40.719468504882812 ], [ -73.968970228515616, 40.719954264648443 ], [ -73.968795207031235, 40.720439591796875 ], [ -73.968628011718749, 40.72092448632813 ], [ -73.968468642578131, 40.721408948242185 ], [ -73.968317099609379, 40.721892977539071 ], [ -73.968173382812495, 40.722376574218757 ], [ -73.968037492187506, 40.722859738281244 ], [ -73.967909427734369, 40.72334246972656 ], [ -73.967789189453129, 40.723824768554678 ], [ -73.967676777343755, 40.724306634765625 ], [ -73.967572191406248, 40.724788068359373 ], [ -73.967475431640622, 40.725269069335937 ], [ -73.967386498046864, 40.725749637695316 ], [ -73.967305390624986, 40.726229773437495 ], [ -73.96723210937499, 40.726709476562505 ], [ -73.967166654296875, 40.727188747070315 ], [ -73.967109025390613, 40.72766758496094 ], [ -73.967059222656246, 40.728145990234374 ], [ -73.967017246093747, 40.728623962890623 ], [ -73.966983095703114, 40.729101502929687 ], [ -73.966956771484377, 40.72957861035156 ], [ -73.966938273437492, 40.730055285156247 ], [ -73.966927601562489, 40.73053152734375 ], [ -73.966924755859367, 40.731007336914061 ], [ -73.966929736328098, 40.731482713867187 ], [ -73.966942542968724, 40.731957658203122 ], [ -73.966963175781245, 40.732432169921871 ], [ -73.96699163476562, 40.732906249023436 ], [ -73.967027919921861, 40.733379895507809 ], [ -73.967072031249984, 40.733853109374998 ], [ -73.967123968750002, 40.734325890624994 ], [ -73.967177382812508, 40.734786018554679 ], [ -73.967232273437503, 40.73523349316406 ], [ -73.967288640625, 40.735668314453122 ], [ -73.967346484375, 40.736090482421872 ], [ -73.967405804687502, 40.736499997070311 ], [ -73.967466601562506, 40.736896858398431 ], [ -73.967528875, 40.737281066406247 ], [ -73.967592625, 40.737652621093744 ], [ -73.967657851562507, 40.73801152246093 ], [ -73.967724554687493, 40.738357770507811 ], [ -73.967792734374996, 40.738691365234374 ], [ -73.967862390624987, 40.739012306640618 ], [ -73.967933523437495, 40.739320594726557 ], [ -73.968006132812505, 40.739616229492185 ], [ -73.968080218750003, 40.739899210937494 ], [ -73.96815578124999, 40.740169539062499 ], [ -73.968235919921852, 40.740429334960936 ], [ -73.968320634765604, 40.740678598632812 ], [ -73.968409925781231, 40.740917330078126 ], [ -73.968503792968733, 40.741145529296872 ], [ -73.96860223632811, 40.741363196289058 ], [ -73.968705255859362, 40.741570331054689 ], [ -73.96881285156249, 40.741766933593752 ], [ -73.968925023437492, 40.741953003906247 ], [ -73.969051070312503, 40.742134905273439 ], [ -73.969190992187492, 40.742312637695314 ], [ -73.969344789062504, 40.742486201171872 ], [ -73.969512460937509, 40.742655595703127 ], [ -73.969721904296875, 40.742839911132812 ], [ -73.969973119140633, 40.743039147460941 ], [ -73.970349794921873, 40.743310574218754 ], [ -73.971103, 40.743826 ] ] } },
{ "type": "Feature", "properties": { "Id": 0, "shape_id": "144", "route_id": "RS", "agency_id": "1", "short_name": "RS", "long_name": "Rockaway-Soundview", "route_type": "4", "color": "#AD1AAC", "text_color": "FFFFFF", "rt_tp_txt": "Ferry", "direction": "NB" }, "geometry": { "type": "LineString", "coordinates": [ [ -73.8372911, 40.8054549 ], [ -73.837407379296877, 40.805144742773436 ], [ -73.837475176269535, 40.80498892050781 ], [ -73.837533250683606, 40.804884047460931 ], [ -73.837594522460947, 40.804795661718742 ], [ -73.837658991601572, 40.804723763281245 ], [ -73.8377309647461, 40.804656864843743 ], [ -73.837810441894533, 40.804594966406242 ], [ -73.837897423046869, 40.80453806796875 ], [ -73.837991908203136, 40.804486169531245 ], [ -73.838095332910171, 40.804435441992183 ], [ -73.838207697167974, 40.80438588535155 ], [ -73.838329000976557, 40.804337499609368 ], [ -73.838459244335922, 40.804290284765621 ], [ -73.838598427246083, 40.80424424082031 ], [ -73.838746549707039, 40.804199367773435 ], [ -73.838903611718763, 40.804155665624997 ], [ -73.839069613281254, 40.804113134374994 ], [ -73.839245032910156, 40.804070497656241 ], [ -73.839429870605471, 40.804027755468745 ], [ -73.839624126367198, 40.803984907812499 ], [ -73.839827800195309, 40.803941954687495 ], [ -73.840040892089846, 40.803898896093749 ], [ -73.84026340205078, 40.803855732031252 ], [ -73.840495330078127, 40.803812462499998 ], [ -73.840736676171872, 40.803769087500001 ], [ -73.840987440332029, 40.803725607031254 ], [ -73.841247622558598, 40.803682021093749 ], [ -73.841517222851564, 40.803638329687502 ], [ -73.841796241210929, 40.803594532812504 ], [ -73.842084677636706, 40.803550630468749 ], [ -73.842382532128909, 40.803506622656251 ], [ -73.842689804687495, 40.803462509375002 ], [ -73.843006495312508, 40.803418290624997 ], [ -73.843314045214854, 40.80337688828125 ], [ -73.843612454394531, 40.803338302343754 ], [ -73.84390172285157, 40.803302532812502 ], [ -73.84418185058594, 40.803269579687502 ], [ -73.844452837597657, 40.803239442968753 ], [ -73.844714683886735, 40.803212122656248 ], [ -73.844967389453132, 40.803187618750002 ], [ -73.845210954296874, 40.80316593125 ], [ -73.845445378417963, 40.803147060156249 ], [ -73.845670661816399, 40.803131005468757 ], [ -73.845886804492181, 40.803117767187501 ], [ -73.84609380644531, 40.803107345312505 ], [ -73.846291667675786, 40.803099739843759 ], [ -73.846480388183608, 40.803094950781258 ], [ -73.846659967968762, 40.803092978125008 ], [ -73.846830407031248, 40.803093821875009 ], [ -73.846991705371096, 40.803097482031262 ], [ -73.84714386298829, 40.803103958593766 ], [ -73.847286879882816, 40.803113251562515 ], [ -73.847420756054689, 40.803125360937507 ], [ -73.847545491503908, 40.803140286718758 ], [ -73.847661086230474, 40.80315802890626 ], [ -73.847767540234386, 40.803178587500007 ], [ -73.847864853515631, 40.803201962500005 ], [ -73.847953026074222, 40.803228153906254 ], [ -73.84803205791016, 40.803257161718754 ], [ -73.84810194902343, 40.803288985937499 ], [ -73.848162699414075, 40.803323626562502 ], [ -73.848214309082039, 40.803361083593749 ], [ -73.848256778027348, 40.803401357031248 ], [ -73.848290106250005, 40.803444446875005 ], [ -73.848314293750008, 40.803490353125 ], [ -73.84833696953126, 40.803533390234378 ], [ -73.848358133593763, 40.803573558203134 ], [ -73.848377785937515, 40.803610857031259 ], [ -73.848395926562517, 40.803645286718748 ], [ -73.848412555468769, 40.803676847265621 ], [ -73.848427672656271, 40.803705538671878 ], [ -73.848441278125009, 40.803731360937498 ], [ -73.848453371874996, 40.803754314062495 ], [ -73.848463953906247, 40.803774398046869 ], [ -73.848473024218748, 40.80379161289062 ], [ -73.848480582812499, 40.803805958593749 ], [ -73.8484866296875, 40.803817435156247 ], [ -73.84849116484375, 40.803826042578123 ], [ -73.848494188281251, 40.803831780859376 ], [ -73.8484957, 40.80383465 ], [ -73.8484957, 40.80383465 ], [ -73.848494188281251, 40.803831780859376 ], [ -73.84849116484375, 40.803826042578123 ], [ -73.8484866296875, 40.803817435156247 ], [ -73.848480582812499, 40.803805958593749 ], [ -73.848473024218748, 40.80379161289062 ], [ -73.848463953906247, 40.803774398046869 ], [ -73.848453371874996, 40.803754314062495 ], [ -73.848441278125009, 40.803731360937498 ], [ -73.848427672656271, 40.803705538671878 ], [ -73.848412555468769, 40.803676847265621 ], [ -73.848395926562517, 40.803645286718748 ], [ -73.848377785937515, 40.803610857031259 ], [ -73.848358133593763, 40.803573558203134 ], [ -73.84833696953126, 40.803533390234378 ], [ -73.848314293750008, 40.803490353125 ], [ -73.848290106250005, 40.803444446875005 ], [ -73.8482907625, 40.803395026953126 ], [ -73.848316262499992, 40.803342093359376 ], [ -73.848366606249996, 40.803285646093755 ], [ -73.848441793750013, 40.803225685156249 ], [ -73.848541825000012, 40.803162210546873 ], [ -73.84866670000001, 40.803095222265625 ], [ -73.848816418750005, 40.803024720312507 ], [ -73.848990981250012, 40.802950704687504 ], [ -73.849190387500002, 40.80287317539063 ], [ -73.849414637500004, 40.802792132421885 ], [ -73.849663731250004, 40.802707575781255 ], [ -73.849937668750002, 40.802619505468755 ], [ -73.85023645, 40.802527921484383 ], [ -73.850560075, 40.802432823828127 ], [ -73.850908543749995, 40.802334212500007 ], [ -73.851281856250012, 40.802232087500009 ], [ -73.851680012500012, 40.802126448828133 ], [ -73.85210301250001, 40.802017296484379 ], [ -73.852550856250019, 40.801904630468755 ], [ -73.853023543749998, 40.801788450781252 ], [ -73.853521075, 40.801668757421879 ], [ -73.85404345, 40.801545550390628 ], [ -73.854590668750006, 40.801418829687499 ], [ -73.855162731250005, 40.801288595312506 ], [ -73.8557596375, 40.801154847265629 ], [ -73.856381387499994, 40.801017585546873 ], [ -73.857027981249999, 40.800876810156254 ], [ -73.857699418750002, 40.800732521093749 ], [ -73.8583957, 40.800584718359374 ], [ -73.859116825, 40.800433401953129 ], [ -73.859862793749997, 40.800278571874998 ], [ -73.860633606250005, 40.800120228125003 ], [ -73.861391445117192, 40.799968659765625 ], [ -73.862136310351559, 40.799823866796878 ], [ -73.86286820195312, 40.799685849218747 ], [ -73.863587119921874, 40.799554607031254 ], [ -73.864293064257808, 40.799430140234378 ], [ -73.864986034960936, 40.799312448828125 ], [ -73.865666032031243, 40.799201532812496 ], [ -73.866333055468729, 40.799097392187498 ], [ -73.866987105273409, 40.799000026953117 ], [ -73.867628181445298, 40.798909437109366 ], [ -73.868256283984351, 40.798825622656246 ], [ -73.868871412890613, 40.798748583593742 ], [ -73.869473568164054, 40.798678319921869 ], [ -73.870062749804674, 40.798614831640627 ], [ -73.870638957812488, 40.798558118750002 ], [ -73.871202192187482, 40.798508181249993 ], [ -73.87175245292967, 40.798465019140622 ], [ -73.872289740039051, 40.798428632421874 ], [ -73.872814053515611, 40.798399021093751 ], [ -73.873325393359366, 40.798376185156251 ], [ -73.8738237595703, 40.798360124609374 ], [ -73.874309152148427, 40.798350839453121 ], [ -73.874781571093749, 40.798348329687492 ], [ -73.875241016406235, 40.798352595312501 ], [ -73.87568748808593, 40.798363636328126 ], [ -73.876120986132804, 40.798381452734368 ], [ -73.876541510546872, 40.798406044531248 ], [ -73.876949061328119, 40.798437411718744 ], [ -73.87734363847656, 40.798475554296871 ], [ -73.877725241992181, 40.798520472265622 ], [ -73.878093871874995, 40.798572165624996 ], [ -73.878449528125003, 40.798630634375002 ], [ -73.878800643359384, 40.798688122656245 ], [ -73.879147217578137, 40.798744630468747 ], [ -73.879489250781262, 40.798800157812501 ], [ -73.87982674296876, 40.7988547046875 ], [ -73.88015969414063, 40.798908271093751 ], [ -73.880488104296887, 40.798960857031254 ], [ -73.880811973437503, 40.799012462500002 ], [ -73.881131301562505, 40.799063087500002 ], [ -73.881446088671879, 40.799112732031254 ], [ -73.881756334765626, 40.799161396093751 ], [ -73.882062039843746, 40.7992090796875 ], [ -73.882363203906252, 40.799255782812502 ], [ -73.882659826953116, 40.799301505468748 ], [ -73.882951908984367, 40.799346247656246 ], [ -73.88323945, 40.799390009375003 ], [ -73.88352245, 40.799432790624998 ], [ -73.883800908984384, 40.799474591406252 ], [ -73.884074826953139, 40.799515411718744 ], [ -73.884344203906252, 40.799555251562495 ], [ -73.884609039843752, 40.799594110937505 ], [ -73.884869334765625, 40.799631989843753 ], [ -73.88512508867187, 40.799668888281246 ], [ -73.885376301562502, 40.799704806249999 ], [ -73.885622973437492, 40.799739743749996 ], [ -73.885865104296869, 40.799773700781245 ], [ -73.886102694140618, 40.799806677343746 ], [ -73.88633574296874, 40.799838673437492 ], [ -73.886564250781248, 40.799869689062497 ], [ -73.886788217578129, 40.799899724218747 ], [ -73.887007643359368, 40.799928778906249 ], [ -73.887222528124994, 40.799956853124996 ], [ -73.887432871875006, 40.799983946875003 ], [ -73.887646246874993, 40.80000743417969 ], [ -73.887862653125012, 40.80002731503906 ], [ -73.888082090625005, 40.800043589453125 ], [ -73.888304559375001, 40.800056257421886 ], [ -73.888530059375, 40.800065318945322 ], [ -73.888758590625002, 40.800070774023446 ], [ -73.888990153125008, 40.800072622656259 ], [ -73.889224746875016, 40.800070864843747 ], [ -73.889462371874998, 40.800065500585937 ], [ -73.889703028124998, 40.800056529882809 ], [ -73.889946715625001, 40.800043952734377 ], [ -73.890193434374993, 40.80002776914062 ], [ -73.890443184375002, 40.800007979101558 ], [ -73.890695965625, 40.799984582617185 ], [ -73.890951778125, 40.799957579687501 ], [ -73.891210621875004, 40.799926970312498 ], [ -73.891472496875011, 40.799892754492191 ], [ -73.891737403125006, 40.799854932226566 ], [ -73.892005340625005, 40.799813503515622 ], [ -73.892276309375006, 40.799768468359375 ], [ -73.892550309374997, 40.799719826757809 ], [ -73.892827340625004, 40.799667578710931 ], [ -73.893107403125001, 40.799611724218742 ], [ -73.893390496875, 40.79955226328125 ], [ -73.893676621875002, 40.799489195898431 ], [ -73.893965778124993, 40.799422522070309 ], [ -73.894257965625002, 40.799352241796868 ], [ -73.894553184374999, 40.79927835507813 ], [ -73.894851434374999, 40.799200861914066 ], [ -73.895152715625002, 40.799119762304692 ], [ -73.895457028124994, 40.799035056250005 ], [ -73.895764371874989, 40.798946743749994 ], [ -73.896072523339825, 40.798856506445304 ], [ -73.89638148251953, 40.798764344335936 ], [ -73.896691249414062, 40.798670257421875 ], [ -73.897001824023448, 40.798574245703122 ], [ -73.897313206347661, 40.798476309179691 ], [ -73.897625396386715, 40.798376447851567 ], [ -73.897938394140624, 40.79827466171875 ], [ -73.898252199609374, 40.798170950781255 ], [ -73.898566812792964, 40.798065315039068 ], [ -73.89888223369141, 40.797957754492188 ], [ -73.899198462304696, 40.79784826914063 ], [ -73.899515498632809, 40.797736858984379 ], [ -73.899833342675777, 40.797623524023443 ], [ -73.900151994433571, 40.797508264257814 ], [ -73.900471453906235, 40.7973910796875 ], [ -73.900791721093739, 40.797271970312501 ], [ -73.901112795996085, 40.797150936132809 ], [ -73.901434678613271, 40.797027977148431 ], [ -73.901757368945312, 40.796903093359376 ], [ -73.902080866992179, 40.79677628476562 ], [ -73.902405172753902, 40.796647551367187 ], [ -73.902730286230451, 40.796516893164068 ], [ -73.903056207421855, 40.796384310156256 ], [ -73.903382936328114, 40.796249802343752 ], [ -73.903710472949214, 40.796113369726562 ], [ -73.904038817285155, 40.795975012304687 ], [ -73.904367969335937, 40.795834730078127 ], [ -73.904697929101559, 40.795692523046881 ], [ -73.905028696582022, 40.795548391210943 ], [ -73.90536027177734, 40.795402334570312 ], [ -73.905692654687499, 40.795254353124996 ], [ -73.906025845312499, 40.795104446875001 ], [ -73.906363795605472, 40.794946517187498 ], [ -73.906706505566405, 40.794780564062499 ], [ -73.907053975195311, 40.794606587499999 ], [ -73.90740620449219, 40.794424587499996 ], [ -73.907763193457043, 40.794234564062492 ], [ -73.908124942089842, 40.794036517187493 ], [ -73.908491450390628, 40.793830446874992 ], [ -73.908862718359373, 40.793616353124989 ], [ -73.909238745996092, 40.793394235937484 ], [ -73.909619533300784, 40.793164095312491 ], [ -73.910005080273436, 40.792925931249989 ], [ -73.910395386914075, 40.792679743749993 ], [ -73.91079045322266, 40.792425532812494 ], [ -73.911190279199218, 40.792163298437494 ], [ -73.91159486484375, 40.791893040624998 ], [ -73.912004210156255, 40.791614759374994 ], [ -73.912418315136733, 40.791328454687502 ], [ -73.912837179785157, 40.791034126562494 ], [ -73.913260804101569, 40.790731775 ], [ -73.913689188085939, 40.7904214 ], [ -73.914122331738284, 40.7901030015625 ], [ -73.914560235058588, 40.789776579687498 ], [ -73.915002898046865, 40.789442134374994 ], [ -73.91545032070313, 40.789099665625002 ], [ -73.915902503027354, 40.788749173437495 ], [ -73.916359445019538, 40.788390657812499 ], [ -73.916821146679695, 40.788024118749995 ], [ -73.917287608007797, 40.787649556249995 ], [ -73.917758829003901, 40.787266970312494 ], [ -73.91823480966795, 40.786876360937498 ], [ -73.91871555, 40.786477728125 ], [ -73.91920105, 40.786071071875 ], [ -73.919684043164068, 40.785675245703132 ], [ -73.920164529492197, 40.785290249609375 ], [ -73.920642508984386, 40.784916083593757 ], [ -73.92111798164062, 40.784552747656264 ], [ -73.921590947460942, 40.784200241796889 ], [ -73.922061406445309, 40.783858566015631 ], [ -73.922529358593749, 40.783527720312506 ], [ -73.922994803906249, 40.783207704687513 ], [ -73.923457742382809, 40.782898519140637 ], [ -73.923918174023441, 40.78260016367188 ], [ -73.92437609882812, 40.782312638281255 ], [ -73.924831516796885, 40.782035942968761 ], [ -73.925284427929697, 40.781770077734386 ], [ -73.925734832226567, 40.781515042578128 ], [ -73.926182729687497, 40.781270837500003 ], [ -73.9266281203125, 40.781037462500009 ], [ -73.927071004101549, 40.780814917578134 ], [ -73.927511381054671, 40.780603202734376 ], [ -73.927949251171867, 40.78040231796875 ], [ -73.928384614453122, 40.780212263281257 ], [ -73.928817470898423, 40.780033038671881 ], [ -73.929247820507811, 40.779864644140623 ], [ -73.929675663281245, 40.779707079687498 ], [ -73.930100999218752, 40.779560345312504 ], [ -73.930523828320318, 40.779424441015628 ], [ -73.930944150585944, 40.77929936679687 ], [ -73.931361966015629, 40.779185122656244 ], [ -73.931777274609374, 40.77908170859375 ], [ -73.932190076367192, 40.778989124609375 ], [ -73.932600371289055, 40.778907370703124 ], [ -73.933008159374992, 40.778836446875005 ], [ -73.933413440625003, 40.778776353124996 ], [ -73.933808462109369, 40.77871777597656 ], [ -73.934193223828117, 40.778660715429695 ], [ -73.93456772578125, 40.778605171484379 ], [ -73.934931967968751, 40.778551144140629 ], [ -73.935285950390622, 40.778498633398442 ], [ -73.935629673046861, 40.778447639257813 ], [ -73.935963135937484, 40.778398161718748 ], [ -73.936286339062505, 40.778350200781254 ], [ -73.936599282421881, 40.778303756445311 ], [ -73.936901966015625, 40.778258828710939 ], [ -73.937194389843754, 40.778215417578124 ], [ -73.937476553906251, 40.778173523046874 ], [ -73.937748458203117, 40.778133145117188 ], [ -73.938010102734381, 40.778094283789059 ], [ -73.9382614875, 40.778056939062502 ], [ -73.938502612500002, 40.778021110937495 ], [ -73.938733477734388, 40.777986799414059 ], [ -73.938954083203129, 40.777954004492187 ], [ -73.939164428906253, 40.777922726171873 ], [ -73.93936451484376, 40.777892964453123 ], [ -73.939554341015622, 40.777864719335938 ], [ -73.939733907421868, 40.777837990820309 ], [ -73.939903214062497, 40.777812778906245 ], [ -73.940062260937509, 40.777789083593753 ], [ -73.940211048046876, 40.77776690488281 ], [ -73.940349575390627, 40.777746242773439 ], [ -73.940477842968761, 40.777727097265625 ], [ -73.94059585078125, 40.777709468359376 ], [ -73.940703598828122, 40.777693356054691 ], [ -73.940801087109378, 40.777678760351563 ], [ -73.940888315625003, 40.777665681249999 ], [ -73.940965284374997, 40.77765411875 ], [ -73.941037442578136, 40.777643278906247 ], [ -73.941104790234377, 40.777633161718747 ], [ -73.941167327343749, 40.777623767187499 ], [ -73.941225053906237, 40.777615095312498 ], [ -73.94127796992187, 40.777607146093757 ], [ -73.94132607539062, 40.777599919531255 ], [ -73.941369370312486, 40.777593415625006 ], [ -73.941407854687498, 40.777587634374996 ], [ -73.941441528515611, 40.777582575781253 ], [ -73.941470391796869, 40.777578239843749 ], [ -73.941494444531244, 40.777574626562505 ], [ -73.941513686718736, 40.777571735937499 ], [ -73.941528118359372, 40.777569567968754 ], [ -73.941537739453111, 40.777568122656248 ], [ -73.94154255, 40.7775674 ], [ -73.94154255, 40.7775674 ], [ -73.941537739453111, 40.777568122656248 ], [ -73.941528118359372, 40.777569567968754 ], [ -73.941513686718736, 40.777571735937499 ], [ -73.941494444531244, 40.777574626562505 ], [ -73.941470391796869, 40.777578239843749 ], [ -73.941441528515611, 40.777582575781253 ], [ -73.941407854687498, 40.777587634374996 ], [ -73.941369370312486, 40.777593415625006 ], [ -73.94132607539062, 40.777599919531255 ], [ -73.94127796992187, 40.777607146093757 ], [ -73.941225053906237, 40.777615095312498 ], [ -73.941167327343749, 40.777623767187499 ], [ -73.941104790234377, 40.777633161718747 ], [ -73.941037442578136, 40.777643278906247 ], [ -73.940965284374997, 40.77765411875 ], [ -73.940888315625003, 40.777665681249999 ], [ -73.940829931835935, 40.777657567968753 ], [ -73.940790133007809, 40.777629778906253 ], [ -73.940768919140623, 40.777582314062499 ], [ -73.940766290234379, 40.7775151734375 ], [ -73.940782246289075, 40.777428357031248 ], [ -73.940816787304698, 40.777321864843749 ], [ -73.940869913281261, 40.777195696874998 ], [ -73.940941624218766, 40.777049853124993 ], [ -73.941031920117211, 40.776884333593742 ], [ -73.941140800976569, 40.776699138281245 ], [ -73.941268266796882, 40.776494267187502 ], [ -73.941414317578136, 40.776269720312499 ], [ -73.941578953320317, 40.776025497656249 ], [ -73.941762174023452, 40.775761599218754 ], [ -73.9419639796875, 40.775478025 ], [ -73.942184370312503, 40.775174775 ], [ -73.942423345898433, 40.774851849218749 ], [ -73.942680906445304, 40.774509247656241 ], [ -73.942957051953115, 40.774146970312493 ], [ -73.943251782421882, 40.773765017187493 ], [ -73.943565097851575, 40.77336338828124 ], [ -73.943896998242195, 40.772942083593747 ], [ -73.944247483593756, 40.772501103124995 ], [ -73.944616553906258, 40.772040446874996 ], [ -73.9450042091797, 40.771560114843751 ], [ -73.945410449414084, 40.771060107031246 ], [ -73.945835274609379, 40.770540423437502 ], [ -73.94627868476563, 40.770001064062505 ], [ -73.946740679882808, 40.769442028906255 ], [ -73.947221259960941, 40.768863317968751 ], [ -73.947720425, 40.768264931250002 ], [ -73.948238175, 40.767646868749999 ], [ -73.948751700488287, 40.76703367832031 ], [ -73.949261001464848, 40.766425359960941 ], [ -73.949766077929695, 40.765821913671878 ], [ -73.950266929882815, 40.765223339453122 ], [ -73.950763557324223, 40.764629637304687 ], [ -73.951255960253917, 40.764040807226564 ], [ -73.951744138671884, 40.763456849218748 ], [ -73.952228092578125, 40.762877763281246 ], [ -73.952707821972666, 40.762303549414057 ], [ -73.953183326855466, 40.761734207617188 ], [ -73.953654607226568, 40.761169737890626 ], [ -73.954121663085942, 40.760610140234377 ], [ -73.954584494433604, 40.760055414648441 ], [ -73.955043101269538, 40.759505561132812 ], [ -73.95549748359376, 40.758960579687503 ], [ -73.955947641406254, 40.758420470312501 ], [ -73.956393574707036, 40.757885233007812 ], [ -73.95683528349609, 40.757354867773444 ], [ -73.957272767773432, 40.756829374609381 ], [ -73.957706027539061, 40.756308753515626 ], [ -73.958135062792962, 40.755793004492183 ], [ -73.958559873535165, 40.755282127539061 ], [ -73.958980459765627, 40.754776122656246 ], [ -73.959396821484376, 40.754274989843758 ], [ -73.959808958691411, 40.753778729101569 ], [ -73.960216871386706, 40.753287340429694 ], [ -73.960620559570316, 40.752800823828132 ], [ -73.961020023242185, 40.752319179296876 ], [ -73.961415262402355, 40.751842406835941 ], [ -73.961806277050783, 40.751370506445312 ], [ -73.962193067187513, 40.750903478124997 ], [ -73.962575632812502, 40.750441321875002 ], [ -73.962948403417982, 40.749994227148434 ], [ -73.963311379003912, 40.749562193945309 ], [ -73.963664559570319, 40.749145222265625 ], [ -73.964007945117203, 40.748743312109369 ], [ -73.964341535644536, 40.748356463476554 ], [ -73.964665331152361, 40.747984676367182 ], [ -73.964979331640635, 40.747627950781251 ], [ -73.965283537109372, 40.747286286718747 ], [ -73.965577947558586, 40.746959684179686 ], [ -73.965862562988292, 40.746648143164066 ], [ -73.966137383398433, 40.746351663671874 ], [ -73.966402408789065, 40.746070245703123 ], [ -73.966657639160147, 40.745803889257814 ], [ -73.96690307451172, 40.745552594335933 ], [ -73.967138714843756, 40.745316360937501 ], [ -73.967364560156241, 40.745095189062503 ], [ -73.967580610449204, 40.744889078710941 ], [ -73.967786865722644, 40.744698029882812 ], [ -73.967983325976547, 40.744522042578126 ], [ -73.968169991210942, 40.744361116796874 ], [ -73.968346861425772, 40.744215252539064 ], [ -73.968513936621093, 40.744084449804689 ], [ -73.968671216796864, 40.743968708593748 ], [ -73.968818701953126, 40.743868028906249 ], [ -73.968956392089837, 40.743782410742185 ], [ -73.969084287207039, 40.743711854101562 ], [ -73.969202387304691, 40.743656358984374 ], [ -73.969310692382805, 40.743615925390621 ], [ -73.969409202441398, 40.74359055332031 ], [ -73.969497917480467, 40.743580242773433 ], [ -73.9695768375, 40.743584993749998 ], [ -73.969645962499982, 40.743604806250005 ], [ -73.969710767187479, 40.743623380468755 ], [ -73.969771251562491, 40.743640716406254 ], [ -73.969827415624991, 40.743656814062504 ], [ -73.969879259374977, 40.743671673437504 ], [ -73.969926782812479, 40.743685294531254 ], [ -73.969969985937496, 40.743697677343754 ], [ -73.97000886875, 40.743708821875003 ], [ -73.970043431249991, 40.743718728125003 ], [ -73.970073673437483, 40.743727396093753 ], [ -73.97009959531249, 40.743734825781253 ], [ -73.970121196874985, 40.743741017187503 ], [ -73.970138478124994, 40.743745970312503 ], [ -73.970151439062491, 40.743749685156253 ], [ -73.970160079687489, 40.743752161718753 ], [ -73.970164399999987, 40.7437534 ], [ -73.970164399999987, 40.7437534 ], [ -73.970160079687489, 40.743752161718753 ], [ -73.970151439062491, 40.743749685156253 ], [ -73.970138478124994, 40.743745970312503 ], [ -73.970121196874985, 40.743741017187503 ], [ -73.97009959531249, 40.743734825781253 ], [ -73.970073673437483, 40.743727396093753 ], [ -73.970043431249991, 40.743718728125003 ], [ -73.97000886875, 40.743708821875003 ], [ -73.969969985937496, 40.743697677343754 ], [ -73.969926782812479, 40.743685294531254 ], [ -73.969879259374977, 40.743671673437504 ], [ -73.969827415624991, 40.743656814062504 ], [ -73.969771251562491, 40.743640716406254 ], [ -73.969710767187479, 40.743623380468755 ], [ -73.969645962499982, 40.743604806250005 ], [ -73.9695768375, 40.743584993749998 ], [ -73.969511406835935, 40.743554596289059 ], [ -73.9694496705078, 40.743513613867187 ], [ -73.969391628515609, 40.743462046484375 ], [ -73.969337280859378, 40.743399894140623 ], [ -73.969286627539063, 40.743327156835932 ], [ -73.969239668554678, 40.743243834570308 ], [ -73.969196403906238, 40.743149927343751 ], [ -73.969156833593743, 40.743045435156247 ], [ -73.969120957617179, 40.742930358007811 ], [ -73.969088775976559, 40.742804695898442 ], [ -73.969060288671869, 40.742668448828127 ], [ -73.96903549570311, 40.742521616796878 ], [ -73.96901439707031, 40.74236419980469 ], [ -73.968996992773427, 40.742196197851563 ], [ -73.968983282812502, 40.742017610937502 ], [ -73.968973267187494, 40.741828439062502 ], [ -73.968966945898444, 40.741628682226569 ], [ -73.968964318945311, 40.741418340429689 ], [ -73.968965386328122, 40.741197413671877 ], [ -73.968970148046878, 40.740965901953125 ], [ -73.968978604101565, 40.740723805273433 ], [ -73.968990754492197, 40.740471123632815 ], [ -73.969006599218758, 40.740207857031251 ], [ -73.969026138281251, 40.739934005468754 ], [ -73.969049371679688, 40.739649568945318 ], [ -73.969076299414056, 40.739354547460941 ], [ -73.969106921484368, 40.739048941015625 ], [ -73.969141237890639, 40.738732749609369 ], [ -73.969179248632827, 40.73840597324218 ], [ -73.969220953710945, 40.738068611914059 ], [ -73.969266353125008, 40.737720665624998 ], [ -73.969315446875001, 40.737362134375005 ], [ -73.969365772070319, 40.737014977148441 ], [ -73.969417328710932, 40.736679193945321 ], [ -73.969470116796884, 40.736354784765631 ], [ -73.969524136328147, 40.736041749609377 ], [ -73.969579387304705, 40.735740088476561 ], [ -73.969635869726574, 40.735449801367196 ], [ -73.969693583593767, 40.735170888281253 ], [ -73.969752528906241, 40.734903349218754 ], [ -73.969812705664054, 40.734647184179686 ], [ -73.969874113867178, 40.734402393164068 ], [ -73.969936753515611, 40.73416897617188 ], [ -73.970000624609384, 40.733946933203129 ], [ -73.970065727148437, 40.733736264257814 ], [ -73.970132061132816, 40.733536969335944 ], [ -73.970199626562504, 40.733349048437503 ], [ -73.970268423437489, 40.733172501562507 ], [ -73.970338451757812, 40.733007328710947 ], [ -73.97040971152343, 40.732853529882817 ], [ -73.970482202734374, 40.732711105078131 ], [ -73.970555925390613, 40.732580054296875 ], [ -73.970630879492177, 40.732460377539063 ], [ -73.970707065039051, 40.732352074804687 ], [ -73.970784482031249, 40.732255146093749 ], [ -73.970863130468743, 40.732169591406262 ], [ -73.970943010351561, 40.732095410742197 ], [ -73.97102412167969, 40.732032604101569 ], [ -73.971106464453129, 40.731981171484378 ], [ -73.971190038671864, 40.731941112890638 ], [ -73.971274844335937, 40.731912428320321 ], [ -73.971360881445321, 40.731895117773441 ], [ -73.97144815, 40.731889181249997 ], [ -73.97153665, 40.731894618750005 ], [ -73.971619618749997, 40.731899716406247 ], [ -73.97169705624998, 40.731904474218751 ], [ -73.971768962499993, 40.731908892187498 ], [ -73.971835337499982, 40.7319129703125 ], [ -73.971896181249988, 40.731916708593751 ], [ -73.971951493749984, 40.73192010703125 ], [ -73.972001274999982, 40.731923165624998 ], [ -73.972045524999984, 40.731925884374995 ], [ -73.97208424374999, 40.731928263281247 ], [ -73.972117431249984, 40.731930302343741 ], [ -73.972145087499982, 40.731932001562498 ], [ -73.972167212499997, 40.731933360937504 ], [ -73.972183806250001, 40.731934380468751 ], [ -73.972194868749995, 40.731935060156246 ], [ -73.9722004, 40.7319354 ], [ -73.9722004, 40.7319354 ], [ -73.972194868749995, 40.731935060156246 ], [ -73.972183806250001, 40.731934380468751 ], [ -73.972167212499997, 40.731933360937504 ], [ -73.972145087499982, 40.731932001562498 ], [ -73.972117431249984, 40.731930302343741 ], [ -73.97208424374999, 40.731928263281247 ], [ -73.972045524999984, 40.731925884374995 ], [ -73.972001274999982, 40.731923165624998 ], [ -73.971951493749984, 40.73192010703125 ], [ -73.971896181249988, 40.731916708593751 ], [ -73.971835337499982, 40.7319129703125 ], [ -73.971768962499993, 40.731908892187498 ], [ -73.97169705624998, 40.731904474218751 ], [ -73.971619618749997, 40.731899716406247 ], [ -73.97153665, 40.731894618750005 ], [ -73.97144815, 40.731889181249997 ], [ -73.971362145117183, 40.731873843359381 ], [ -73.971278635351567, 40.731848605078127 ], [ -73.971197620703123, 40.731813466406258 ], [ -73.971119101171865, 40.731768427343752 ], [ -73.971043076757809, 40.73171348789063 ], [ -73.970969547460939, 40.731648648046878 ], [ -73.970898513281242, 40.731573907812503 ], [ -73.970829974218759, 40.731489267187506 ], [ -73.970763930273435, 40.731394726171878 ], [ -73.970700381445312, 40.731290284765628 ], [ -73.970639327734361, 40.731175942968754 ], [ -73.970580769140625, 40.731051700781251 ], [ -73.970524705664062, 40.730917558203124 ], [ -73.970471137304685, 40.730773515234375 ], [ -73.970420064062495, 40.730619571875003 ], [ -73.970371485937505, 40.730455728125001 ], [ -73.970325402929689, 40.730281983984383 ], [ -73.970281815039073, 40.730098339453129 ], [ -73.970240722265629, 40.729904794531251 ], [ -73.970202124609386, 40.729701349218757 ], [ -73.970166022070316, 40.729488003515627 ], [ -73.970132414648447, 40.72926475742188 ], [ -73.97010130234375, 40.729031610937504 ], [ -73.970072685156254, 40.728788564062498 ], [ -73.97004656308593, 40.728535616796876 ], [ -73.970022936132807, 40.728272769140624 ], [ -73.970001804296871, 40.728000021093749 ], [ -73.969983167578121, 40.727717372656251 ], [ -73.969967025976558, 40.727424823828123 ], [ -73.969953379492182, 40.727122374609372 ], [ -73.969942228124992, 40.726810025 ], [ -73.969933571875004, 40.726487775 ], [ -73.969928233984376, 40.726166673437504 ], [ -73.969926214453125, 40.725846720312504 ], [ -73.969927513281249, 40.725527915625001 ], [ -73.969932130468749, 40.725210259375004 ], [ -73.969940066015624, 40.724893751562504 ], [ -73.969951319921876, 40.724578392187503 ], [ -73.969965892187503, 40.724264181250007 ], [ -73.969983782812491, 40.723951118749994 ], [ -73.97000499179687, 40.723639204687494 ], [ -73.970029519140624, 40.723328439062499 ], [ -73.970057364843754, 40.723018821874994 ], [ -73.970088528906246, 40.722710353125002 ], [ -73.970123011328127, 40.722403032812501 ], [ -73.97016081210937, 40.722096860937498 ], [ -73.970201931250003, 40.7217918375 ], [ -73.970246368750011, 40.721487962499999 ], [ -73.970294124609381, 40.721185235937497 ], [ -73.970345198828142, 40.7208836578125 ], [ -73.970399591406263, 40.720583228125001 ], [ -73.97045730234376, 40.720283946874993 ], [ -73.970518331640648, 40.719985814062497 ], [ -73.970582679296882, 40.719688829687492 ], [ -73.970650345312507, 40.719392993749992 ], [ -73.970721329687521, 40.719098306250004 ], [ -73.970795632421897, 40.718804767187507 ], [ -73.970873253515634, 40.718512376562501 ], [ -73.970954192968762, 40.718221134375 ], [ -73.971038450781265, 40.717931040625004 ], [ -73.971126026953129, 40.717642095312499 ], [ -73.971216921484398, 40.717354298437499 ], [ -73.971311134375014, 40.71706765 ], [ -73.971408665625006, 40.71678215 ], [ -73.971505613867194, 40.716503408789066 ], [ -73.971601979101564, 40.716231426367187 ], [ -73.97169776132813, 40.715966202734378 ], [ -73.971792960546878, 40.715707737890632 ], [ -73.971887576757808, 40.715456031835942 ], [ -73.971981609960935, 40.715211084570321 ], [ -73.972075060156243, 40.714972896093755 ], [ -73.972167927343747, 40.714741466406259 ], [ -73.972260211523434, 40.714516795507819 ], [ -73.972351912695302, 40.714298883398442 ], [ -73.972443030859381, 40.714087730078134 ], [ -73.972533566015628, 40.713883335546882 ], [ -73.97262351816407, 40.713685699804699 ], [ -73.972712887304695, 40.713494822851573 ], [ -73.972801673437502, 40.713310704687508 ], [ -73.972889876562505, 40.713133345312507 ], [ -73.972977496679675, 40.712962744726568 ], [ -73.973064533789056, 40.712798902929691 ], [ -73.973150987890619, 40.712641819921878 ], [ -73.973236858984393, 40.712491495703127 ], [ -73.97332214707032, 40.712347930273438 ], [ -73.973406852148457, 40.712211123632812 ], [ -73.973490974218763, 40.712081075781249 ], [ -73.97357451328125, 40.711957786718749 ], [ -73.973657469335933, 40.711841256445311 ], [ -73.973739842382813, 40.711731484960936 ], [ -73.973821632421874, 40.711628472265623 ], [ -73.973902839453132, 40.711532218359373 ], [ -73.973983463476571, 40.711442723242186 ], [ -73.974063504492193, 40.711359986914061 ], [ -73.974142962499997, 40.711284009374999 ], [ -73.974221837500011, 40.711214790625 ], [ -73.974303354101565, 40.711145740820314 ], [ -73.974387512304688, 40.71107685996094 ], [ -73.974474312109379, 40.711008148046879 ], [ -73.974563753515625, 40.710939605078131 ], [ -73.974655836523439, 40.710871231054696 ], [ -73.974750561132822, 40.710803025976567 ], [ -73.974847927343745, 40.71073498984375 ], [ -73.974947935156251, 40.710667122656254 ], [ -73.975050584570312, 40.710599424414063 ], [ -73.975155875585926, 40.710531895117185 ], [ -73.975263808203124, 40.710464534765627 ], [ -73.975374382421862, 40.710397343359375 ], [ -73.975487598242168, 40.710330320898436 ], [ -73.975603455664057, 40.710263467382816 ], [ -73.975721954687501, 40.710196782812503 ], [ -73.975843095312499, 40.710130267187509 ], [ -73.975966877539065, 40.710063920507821 ], [ -73.9760933013672, 40.709997742773446 ], [ -73.97622236679689, 40.709931733984384 ], [ -73.976354073828134, 40.709865894140634 ], [ -73.976488422460946, 40.709800223242198 ], [ -73.976625412695313, 40.709734721289067 ], [ -73.976765044531248, 40.709669388281256 ], [ -73.976907317968752, 40.709604224218751 ], [ -73.977052233007811, 40.709539229101566 ], [ -73.977199789648438, 40.709474402929693 ], [ -73.977349987890619, 40.709409745703127 ], [ -73.977502827734384, 40.709345257421887 ], [ -73.977658309179688, 40.709280938085946 ], [ -73.977816432226561, 40.709216787695318 ], [ -73.977977196875003, 40.709152806250003 ], [ -73.978140603124999, 40.709088993750001 ], [ -73.978308827734367, 40.709026481054686 ], [ -73.978481870703121, 40.708965268164057 ], [ -73.978659732031247, 40.708905355078116 ], [ -73.978842411718745, 40.708846741796876 ], [ -73.979029909765615, 40.708789428320308 ], [ -73.979222226171885, 40.708733414648435 ], [ -73.979419360937499, 40.708678700781249 ], [ -73.979621314062513, 40.708625286718743 ], [ -73.979828085546885, 40.70857317246093 ], [ -73.980039675390628, 40.708522358007812 ], [ -73.980256083593758, 40.708472843359374 ], [ -73.98047731015626, 40.708424628515623 ], [ -73.980703355078134, 40.708377713476565 ], [ -73.98093421835938, 40.708332098242188 ], [ -73.981169900000012, 40.708287782812498 ], [ -73.9814104, 40.708244767187502 ], [ -73.981655718359377, 40.708203051367185 ], [ -73.981905855078139, 40.708162635351556 ], [ -73.982160810156259, 40.708123519140621 ], [ -73.982420583593751, 40.708085702734373 ], [ -73.982685175390628, 40.708049186132811 ], [ -73.982954585546878, 40.708013969335937 ], [ -73.9832288140625, 40.70798005234375 ], [ -73.983507860937507, 40.70794743515625 ], [ -73.983791726171887, 40.707916117773436 ], [ -73.984080409765625, 40.70788610019531 ], [ -73.984373911718748, 40.707857382421871 ], [ -73.984672232031244, 40.707829964453119 ], [ -73.984975370703125, 40.707803846289053 ], [ -73.985283327734365, 40.707779027929689 ], [ -73.985596103125005, 40.707755509374998 ], [ -73.985913696875002, 40.707733290625001 ], [ -73.986235444921888, 40.707706871679683 ], [ -73.986561347265635, 40.707676252539066 ], [ -73.986891403906256, 40.707641433203129 ], [ -73.987225614843766, 40.707602413671871 ], [ -73.987563980078136, 40.707559193945315 ], [ -73.987906499609394, 40.707511774023438 ], [ -73.988253173437514, 40.707460153906254 ], [ -73.988604001562507, 40.707404333593743 ], [ -73.988958983984375, 40.707344313085933 ], [ -73.989318120703118, 40.70728009238281 ], [ -73.989681411718749, 40.707211671484373 ], [ -73.99004885703124, 40.707139050390623 ], [ -73.990420456640621, 40.70706222910156 ], [ -73.990796210546875, 40.706981207617183 ], [ -73.991176118749991, 40.706895985937493 ], [ -73.991560181250009, 40.706806564062504 ], [ -73.991948398046887, 40.706712941992187 ], [ -73.992340769140625, 40.706615119726564 ], [ -73.992737294531253, 40.706513097265621 ], [ -73.993137974218754, 40.706406874609378 ], [ -73.993542808203131, 40.706296451757815 ], [ -73.993951796484367, 40.706181828710932 ], [ -73.994364939062507, 40.706063005468749 ], [ -73.994782235937492, 40.705939982031246 ], [ -73.995203687109381, 40.705812758398437 ], [ -73.995629292578116, 40.705681334570315 ], [ -73.996059052343753, 40.705545710546872 ], [ -73.996492966406265, 40.705405886328123 ], [ -73.996931034765637, 40.70526186191406 ], [ -73.99737325742187, 40.705113637304684 ], [ -73.997819634374991, 40.704961212499995 ], [ -73.998270165625001, 40.7048045875 ], [ -73.99870748105468, 40.704653621679682 ], [ -73.999131580664042, 40.704508315039064 ], [ -73.9995424644531, 40.704368667578123 ], [ -73.99994013242187, 40.704234679296874 ], [ -74.000324584570308, 40.70410635019531 ], [ -74.000695820898414, 40.703983680273438 ], [ -74.001053841406232, 40.703866669531251 ], [ -74.001398646093733, 40.703755317968742 ], [ -74.001730234960917, 40.703649625585932 ], [ -74.002048608007811, 40.703549592382807 ], [ -74.002353765234375, 40.703455218359366 ], [ -74.002645706640607, 40.703366503515625 ], [ -74.00292443222655, 40.703283447851561 ], [ -74.003189941992176, 40.703206051367182 ], [ -74.003442235937484, 40.703134314062495 ], [ -74.003681314062504, 40.703068235937501 ], [ -74.003907176367193, 40.703007816992191 ], [ -74.00411982285155, 40.702953057226559 ], [ -74.004319253515618, 40.702903956640625 ], [ -74.004505468359369, 40.70286051523437 ], [ -74.004678467382803, 40.702822733007807 ], [ -74.004838250585948, 40.702790609960942 ], [ -74.004984817968761, 40.702764146093756 ], [ -74.005118169531244, 40.702743341406247 ], [ -74.005238305273437, 40.702728195898437 ], [ -74.005345225195313, 40.702718709570313 ], [ -74.005438929296872, 40.702714882421873 ], [ -74.005519417578142, 40.702716714453132 ], [ -74.005586690039081, 40.702724205664069 ], [ -74.005640746679688, 40.702737356054683 ], [ -74.005681587500007, 40.702756165624997 ], [ -74.005709212500008, 40.702780634375003 ], [ -74.005735110937508, 40.702803573828128 ], [ -74.005759282812505, 40.702824983984378 ], [ -74.005781728125015, 40.702844864843755 ], [ -74.005802446875009, 40.70286321640625 ], [ -74.005821439062515, 40.702880038671879 ], [ -74.005838704687505, 40.702895331640633 ], [ -74.005854243750008, 40.702909095312506 ], [ -74.005868056250023, 40.702921329687499 ], [ -74.005880142187522, 40.702932034765624 ], [ -74.005890501562504, 40.702941210546875 ], [ -74.005899134374999, 40.702948857031245 ], [ -74.005906040625007, 40.702954974218756 ], [ -74.005911220312512, 40.702959562109378 ], [ -74.005914673437502, 40.702962620703126 ], [ -74.0059164, 40.70296415 ], [ -74.0059164, 40.70296415 ], [ -74.005914673437502, 40.702962620703126 ], [ -74.005911220312512, 40.702959562109378 ], [ -74.005906040625007, 40.702954974218756 ], [ -74.005899134374999, 40.702948857031245 ], [ -74.005890501562504, 40.702941210546875 ], [ -74.005880142187522, 40.702932034765624 ], [ -74.005868056250023, 40.702921329687499 ], [ -74.005854243750008, 40.702909095312506 ], [ -74.005838704687505, 40.702895331640633 ], [ -74.005821439062515, 40.702880038671879 ], [ -74.005802446875009, 40.70286321640625 ], [ -74.005781728125015, 40.702844864843755 ], [ -74.005759282812505, 40.702824983984378 ], [ -74.005735110937508, 40.702803573828128 ], [ -74.005709212500008, 40.702780634375003 ], [ -74.005681587500007, 40.702756165624997 ], [ -74.005653776953125, 40.702730364843745 ], [ -74.00562578085939, 40.702703232031254 ], [ -74.00559759921876, 40.702674767187503 ], [ -74.005569232031263, 40.702644970312498 ], [ -74.005540679296885, 40.702613841406247 ], [ -74.005511941015627, 40.70258138046875 ], [ -74.005483017187501, 40.7025475875 ], [ -74.005453907812495, 40.702512462500003 ], [ -74.005424612890621, 40.702476005468753 ], [ -74.005395132421867, 40.70243821640625 ], [ -74.005365466406246, 40.702399095312501 ], [ -74.005335614843744, 40.702358642187498 ], [ -74.005305577734376, 40.702316857031249 ], [ -74.005275355078126, 40.702273739843747 ], [ -74.005244946874996, 40.702229290624999 ], [ -74.005214353124998, 40.702183509374997 ], [ -74.00518357382812, 40.702136396093749 ], [ -74.005152608984361, 40.702087950781248 ], [ -74.005121458593749, 40.702038173437501 ], [ -74.005090122656242, 40.701987064062493 ], [ -74.005058601171868, 40.701934622656246 ], [ -74.005026894140627, 40.701880849218746 ], [ -74.004995001562492, 40.701825743749993 ], [ -74.004962923437503, 40.70176930625 ], [ -74.004930659765634, 40.701711536718747 ], [ -74.00489821054687, 40.701652435156248 ], [ -74.004865575781253, 40.701592001562496 ], [ -74.00483275546874, 40.701530235937497 ], [ -74.004799749609361, 40.701467138281245 ], [ -74.00476655820313, 40.701402708593747 ], [ -74.004733181250003, 40.701336946874996 ], [ -74.004699618749996, 40.701269853124998 ], [ -74.004673135351567, 40.701195015234376 ], [ -74.004653731054688, 40.701112433203122 ], [ -74.004641405859388, 40.70102210703125 ], [ -74.004636159765624, 40.700924036718746 ], [ -74.004637992773439, 40.700818222265617 ], [ -74.004646904882819, 40.700704663671871 ], [ -74.004662896093748, 40.700583360937493 ], [ -74.004685966406257, 40.700454314062505 ], [ -74.004716115820315, 40.700317523046877 ], [ -74.004753344335938, 40.700172987890632 ], [ -74.004797651953126, 40.700020708593755 ], [ -74.004849038671878, 40.699860685156253 ], [ -74.004907504492195, 40.699692917578126 ], [ -74.004973049414076, 40.699517405859375 ], [ -74.005045673437508, 40.69933415 ], [ -74.005125376562489, 40.69914315 ], [ -74.00521215878905, 40.698944405859372 ], [ -74.005306020117189, 40.698737917578121 ], [ -74.005406960546878, 40.698523685156246 ], [ -74.005514980078118, 40.698301708593746 ], [ -74.005630078710922, 40.698071987890621 ], [ -74.005752256445305, 40.697834523046872 ], [ -74.005881513281238, 40.697589314062498 ], [ -74.00601784921875, 40.697336360937499 ], [ -74.006161264257813, 40.697075663671875 ], [ -74.006311758398439, 40.696807222265626 ], [ -74.006469331640631, 40.696531036718753 ], [ -74.006633983984358, 40.696247107031255 ], [ -74.006805715429678, 40.695955433203132 ], [ -74.006984525976549, 40.695656015234377 ], [ -74.007170415624998, 40.695348853125004 ], [ -74.007363384374997, 40.695033946874993 ], [ -74.007561175488291, 40.694717339453121 ], [ -74.007763788964837, 40.694399030859373 ], [ -74.007971224804692, 40.694079021093749 ], [ -74.008183483007826, 40.693757310156251 ], [ -74.008400563574227, 40.693433898046877 ], [ -74.008622466503908, 40.693108784765627 ], [ -74.008849191796884, 40.692781970312502 ], [ -74.009080739453125, 40.692453454687502 ], [ -74.009317109472647, 40.692123237890627 ], [ -74.009558301855463, 40.691791319921876 ], [ -74.00980431660156, 40.69145770078125 ], [ -74.010055153710937, 40.691122380468755 ], [ -74.010310813183594, 40.690785358984378 ], [ -74.010571295019531, 40.690446636328126 ], [ -74.010836599218749, 40.690106212499998 ], [ -74.011106725781246, 40.689764087500002 ], [ -74.011381674707025, 40.689420261328124 ], [ -74.011661445996083, 40.689074733984377 ], [ -74.011946039648421, 40.688727505468748 ], [ -74.012235455664069, 40.688378575781243 ], [ -74.012529694042968, 40.68802794492187 ], [ -74.012828754785161, 40.687675612890629 ], [ -74.013132637890635, 40.687321579687506 ], [ -74.013441343359375, 40.6869658453125 ], [ -74.013754871191409, 40.686608409765626 ], [ -74.014073221386738, 40.686249273046883 ], [ -74.014396393945333, 40.685888435156258 ], [ -74.014724388867194, 40.68552589609375 ], [ -74.015057206152349, 40.685161655859375 ], [ -74.015394845800799, 40.684795714453131 ], [ -74.015737307812515, 40.684428071875004 ], [ -74.016084592187497, 40.684058728124995 ], [ -74.016423587402343, 40.683682964453119 ], [ -74.016754293457041, 40.683300780859376 ], [ -74.017076710351574, 40.682912177343752 ], [ -74.01739083808593, 40.682517153906247 ], [ -74.017696676660151, 40.682115710546867 ], [ -74.017994226074222, 40.681707847265614 ], [ -74.01828348632813, 40.681293564062493 ], [ -74.018564457421874, 40.680872860937505 ], [ -74.018837139355469, 40.680445737890629 ], [ -74.0191015321289, 40.680012194921879 ], [ -74.019357635742182, 40.679572232031255 ], [ -74.019605450195314, 40.67912584921875 ], [ -74.019844975488283, 40.678673046484377 ], [ -74.020076211621102, 40.678213823828123 ], [ -74.020299158593744, 40.677748181249996 ], [ -74.02051381640625, 40.677276118750001 ], [ -74.020720185058593, 40.676797636328125 ], [ -74.020918264550772, 40.676312733984368 ], [ -74.021108054882802, 40.675821411718744 ], [ -74.021289556054683, 40.675323669531245 ], [ -74.021462768066414, 40.674819507421866 ], [ -74.021627690917967, 40.674308925390619 ], [ -74.021784324609371, 40.673791923437498 ], [ -74.021932669140625, 40.673268501562497 ], [ -74.022072724511702, 40.672738659765628 ], [ -74.022204490722658, 40.672202398046878 ], [ -74.022327967773435, 40.671659716406253 ], [ -74.022443155664064, 40.671110614843748 ], [ -74.022550054394543, 40.670555093359376 ], [ -74.022648663964844, 40.669993151953122 ], [ -74.022738984374996, 40.669424790625001 ], [ -74.022821015624999, 40.668850009374992 ], [ -74.022909103515616, 40.668282536718742 ], [ -74.023003248046862, 40.667722372656243 ], [ -74.023103449218738, 40.667169517187489 ], [ -74.023209707031242, 40.6666239703125 ], [ -74.023322021484361, 40.666085732031249 ], [ -74.023440392578124, 40.665554802343749 ], [ -74.023564820312501, 40.665031181250001 ], [ -74.023695304687493, 40.664514868750004 ], [ -74.023831845703114, 40.664005864843759 ], [ -74.023974443359378, 40.663504169531251 ], [ -74.024123097656243, 40.663009782812502 ], [ -74.024277808593752, 40.662522704687504 ], [ -74.024438576171875, 40.662042935156251 ], [ -74.024605400390627, 40.661570474218756 ], [ -74.024778281249993, 40.661105321874999 ], [ -74.024957218750004, 40.660647478125 ], [ -74.025142212890628, 40.660196942968746 ], [ -74.025333263671868, 40.659753716406243 ], [ -74.025530371093751, 40.659317798437492 ], [ -74.025733535156249, 40.658889189062499 ], [ -74.025942755859376, 40.658467888281251 ], [ -74.026158033203117, 40.658053896093747 ], [ -74.026379367187502, 40.657647212499995 ], [ -74.026606757812488, 40.657247837499995 ], [ -74.026840205078116, 40.656855771093745 ], [ -74.027079708984374, 40.656471013281248 ], [ -74.027325269531246, 40.656093564062502 ], [ -74.027576886718748, 40.655723423437493 ], [ -74.027834560546879, 40.65536059140625 ], [ -74.028098291015624, 40.655005067968744 ], [ -74.028368078124998, 40.654656853124997 ], [ -74.028643921875002, 40.654315946875002 ], [ -74.028904807617181, 40.653983002539064 ], [ -74.029150735351564, 40.653658020117184 ], [ -74.029381705078123, 40.65334099960937 ], [ -74.029597716796872, 40.653031941015627 ], [ -74.02979877050781, 40.652730844335935 ], [ -74.029984866210938, 40.652437709570314 ], [ -74.030156003906257, 40.652152536718752 ], [ -74.030312183593765, 40.651875325781241 ], [ -74.030453405273448, 40.651606076757801 ], [ -74.030579668945308, 40.651344789648434 ], [ -74.030690974609371, 40.651091464453117 ], [ -74.030787322265624, 40.650846101171872 ], [ -74.030868711914053, 40.650608699804685 ], [ -74.030935143554686, 40.650379260351556 ], [ -74.030986617187509, 40.650157782812499 ], [ -74.031023132812507, 40.649944267187493 ], [ -74.031044690429709, 40.649738713476559 ], [ -74.031051290039088, 40.64954112167969 ], [ -74.031042931640641, 40.649351491796878 ], [ -74.031019615234399, 40.649169823828117 ], [ -74.030981340820333, 40.648996117773436 ], [ -74.030928108398442, 40.648830373632805 ], [ -74.030859917968755, 40.648672591406246 ], [ -74.030776769531272, 40.648522771093745 ], [ -74.030678663085951, 40.648380912695309 ], [ -74.030565598632833, 40.648247016210931 ], [ -74.030437576171892, 40.648121081640618 ], [ -74.03029459570314, 40.648003108984376 ], [ -74.030136657226578, 40.647893098242186 ], [ -74.029963760742191, 40.64779104941406 ], [ -74.029775906250009, 40.6476969625 ], [ -74.029573093750002, 40.647610837499997 ], [ -74.02938295703126, 40.647530095312497 ], [ -74.029205496093738, 40.647454735937494 ], [ -74.029040710937494, 40.647384759374994 ], [ -74.0288886015625, 40.647320165624997 ], [ -74.028749167968755, 40.647260954687496 ], [ -74.02862241015626, 40.647207126562506 ], [ -74.028508328125014, 40.647158681250005 ], [ -74.028406921874989, 40.647115618749993 ], [ -74.028318191406242, 40.647077939062498 ], [ -74.028242136718745, 40.647045642187493 ], [ -74.028178757812498, 40.647018728124998 ], [ -74.0281280546875, 40.646997196874999 ], [ -74.028090027343751, 40.646981048437496 ], [ -74.028064675781252, 40.646970282812504 ], [ -74.028052, 40.6469649 ], [ -74.028052, 40.6469649 ], [ -74.028064675781252, 40.646970282812504 ], [ -74.028090027343751, 40.646981048437496 ], [ -74.0281280546875, 40.646997196874999 ], [ -74.028178757812498, 40.647018728124998 ], [ -74.028242136718745, 40.647045642187493 ], [ -74.028318191406242, 40.647077939062498 ], [ -74.028406921874989, 40.647115618749993 ], [ -74.028508328125014, 40.647158681250005 ], [ -74.02862241015626, 40.647207126562506 ], [ -74.028749167968755, 40.647260954687496 ], [ -74.0288886015625, 40.647320165624997 ], [ -74.029040710937494, 40.647384759374994 ], [ -74.029205496093738, 40.647454735937494 ], [ -74.02938295703126, 40.647530095312497 ], [ -74.029573093750002, 40.647610837499997 ], [ -74.029775906250009, 40.6476969625 ], [ -74.029979111328132, 40.647772351171874 ], [ -74.030182708984384, 40.647837003515619 ], [ -74.030386699218766, 40.64789091953125 ], [ -74.03059108203125, 40.647934099218745 ], [ -74.030795857421879, 40.647966542578125 ], [ -74.031001025390637, 40.647988249609369 ], [ -74.031206585937511, 40.647999220312499 ], [ -74.031412539062515, 40.647999454687493 ], [ -74.031618884765635, 40.647988952734373 ], [ -74.031825623046899, 40.647967714453124 ], [ -74.032032753906265, 40.647935739843746 ], [ -74.03224027734376, 40.647893028906253 ], [ -74.032448193359386, 40.647839581640625 ], [ -74.032656501953142, 40.647775398046875 ], [ -74.032865203125013, 40.647700478125003 ], [ -74.033074296875, 40.647614821874996 ], [ -74.033283783203132, 40.647518429296873 ], [ -74.033493662109379, 40.647411300390623 ], [ -74.033703933593742, 40.647293435156243 ], [ -74.033914597656249, 40.647164833593749 ], [ -74.034125654296872, 40.647025495703119 ], [ -74.034337103515611, 40.646875421484374 ], [ -74.034548945312494, 40.646714610937494 ], [ -74.034761179687507, 40.646543064062499 ], [ -74.034973806640636, 40.646360780859368 ], [ -74.035186826171866, 40.646167761328122 ], [ -74.035400238281255, 40.645964005468748 ], [ -74.035614042968746, 40.645749513281245 ], [ -74.03582824023438, 40.645524284765621 ], [ -74.036042830078131, 40.645288319921868 ], [ -74.036257812499997, 40.645041618749993 ], [ -74.036473187500007, 40.644784181249996 ], [ -74.036683983398433, 40.644532037695313 ], [ -74.03689020019533, 40.644285188085931 ], [ -74.037091837890642, 40.644043632421869 ], [ -74.03728889648437, 40.643807370703115 ], [ -74.037481375976569, 40.643576402929682 ], [ -74.037669276367183, 40.643350729101563 ], [ -74.037852597656254, 40.643130349218751 ], [ -74.038031339843755, 40.642915263281239 ], [ -74.038205502929685, 40.642705471289055 ], [ -74.038375086914073, 40.642500973242178 ], [ -74.038540091796875, 40.642301769140623 ], [ -74.038700517578121, 40.642107858984367 ], [ -74.038856364257811, 40.641919242773433 ], [ -74.039007631835943, 40.641735920507813 ], [ -74.039154320312505, 40.641557892187492 ], [ -74.039296429687496, 40.641385157812493 ], [ -74.039433959960945, 40.641217717382801 ], [ -74.039566911132809, 40.64105557089843 ], [ -74.039695283203116, 40.640898718359367 ], [ -74.039819076171881, 40.64074715976561 ], [ -74.039938290039061, 40.640600895117174 ], [ -74.040052924804698, 40.640459924414053 ], [ -74.040162980468764, 40.640324247656238 ], [ -74.040268457031246, 40.640193864843745 ], [ -74.040369354492185, 40.640068775976559 ], [ -74.040465672851568, 40.63994898105468 ], [ -74.040557412109379, 40.639834480078122 ], [ -74.040644572265634, 40.639725273046871 ], [ -74.040727153320319, 40.639621359960934 ], [ -74.040805155273446, 40.639522740820311 ], [ -74.040878578125003, 40.639429415624996 ], [ -74.040947421874989, 40.639341384374994 ], [ -74.041016428710918, 40.639245986914055 ], [ -74.041085598632804, 40.639143223242179 ], [ -74.041154931640619, 40.639033093359366 ], [ -74.041224427734363, 40.638915597265616 ], [ -74.041294086914064, 40.638790734960928 ], [ -74.04136390917968, 40.638658506445303 ], [ -74.041433894531238, 40.638518911718741 ], [ -74.041504042968754, 40.638371950781242 ], [ -74.041574354492184, 40.638217623632805 ], [ -74.041644829101571, 40.638055930273431 ], [ -74.041715466796887, 40.63788687070312 ], [ -74.041786267578118, 40.637710444921872 ], [ -74.041857231445306, 40.637526652929687 ], [ -74.041928358398451, 40.637335494726564 ], [ -74.041999648437496, 40.637136970312497 ], [ -74.042071101562499, 40.6369310796875 ], [ -74.04214271777343, 40.636717822851558 ], [ -74.04221449707029, 40.636497199804687 ], [ -74.042286439453108, 40.636269210546871 ], [ -74.042358544921882, 40.636033855078125 ], [ -74.042430813476557, 40.635791133398435 ], [ -74.042503245117189, 40.635541045507814 ], [ -74.042575839843749, 40.63528359140625 ], [ -74.042648597656239, 40.635018771093755 ], [ -74.042721518554686, 40.634746584570316 ], [ -74.042794602539061, 40.634467031835939 ], [ -74.042867849609365, 40.634180112890633 ], [ -74.042941259765627, 40.633885827734375 ], [ -74.043014833007817, 40.633584176367187 ], [ -74.043088569335936, 40.633275158789068 ], [ -74.043162468750012, 40.632958775 ], [ -74.043236531249988, 40.632635025 ], [ -74.043308349609362, 40.632317438085934 ], [ -74.043377923828132, 40.632006014257811 ], [ -74.043445253906242, 40.631700753515631 ], [ -74.043510339843749, 40.631401655859378 ], [ -74.043573181640625, 40.631108721289067 ], [ -74.043633779296869, 40.630821949804698 ], [ -74.043692132812509, 40.630541341406257 ], [ -74.04374824218749, 40.630266896093758 ], [ -74.043802107421868, 40.629998613867194 ], [ -74.043853728515614, 40.629736494726572 ], [ -74.043903105468743, 40.629480538671885 ], [ -74.043950238281255, 40.629230745703133 ], [ -74.043995126953121, 40.628987115820323 ], [ -74.044037771484369, 40.628749649023447 ], [ -74.044078171875, 40.628518345312507 ], [ -74.044116328125, 40.628293204687502 ], [ -74.044152240234382, 40.628074227148446 ], [ -74.044185908203133, 40.627861412695317 ], [ -74.044217332031252, 40.627654761328131 ], [ -74.044246511718768, 40.62745427304688 ], [ -74.044273447265638, 40.62725994785157 ], [ -74.044298138671877, 40.627071785742189 ], [ -74.044320585937513, 40.626889786718756 ], [ -74.044340789062502, 40.626713950781259 ], [ -74.044358748046875, 40.626544277929696 ], [ -74.04437446289063, 40.626380768164069 ], [ -74.044387933593754, 40.626223421484383 ], [ -74.044399160156246, 40.626072237890625 ], [ -74.044408142578121, 40.625927217382817 ], [ -74.044414880859364, 40.625788359960943 ], [ -74.044419375, 40.625655665625004 ], [ -74.044421625, 40.625529134375 ], [ -74.044423881835939, 40.625404721289058 ], [ -74.044426145507828, 40.625282426367193 ], [ -74.044428416015634, 40.625162249609374 ], [ -74.044430693359374, 40.625044191015625 ], [ -74.04443297753906, 40.624928250585938 ], [ -74.044435268554693, 40.624814428320306 ], [ -74.044437566406259, 40.62470272421875 ], [ -74.044439871093743, 40.624593138281249 ], [ -74.044442182617189, 40.624485670507809 ], [ -74.044444500976553, 40.624380320898439 ], [ -74.044446826171878, 40.624277089453123 ], [ -74.044449158203122, 40.624175976171877 ], [ -74.044451497070327, 40.624076981054692 ], [ -74.044453842773436, 40.623980104101562 ], [ -74.044456195312506, 40.623885345312502 ], [ -74.044458554687509, 40.623792704687496 ], [ -74.044460920898445, 40.623702182226559 ], [ -74.044463293945313, 40.623613777929684 ], [ -74.044465673828128, 40.623527491796871 ], [ -74.04446806054689, 40.623443323828127 ], [ -74.044470454101571, 40.623361274023438 ], [ -74.044472854492184, 40.623281342382818 ], [ -74.044475261718745, 40.623203528906252 ], [ -74.044477675781238, 40.623127833593749 ], [ -74.044480096679678, 40.623054256445307 ], [ -74.044482524414036, 40.622982797460935 ], [ -74.044484958984356, 40.622913456640617 ], [ -74.044487400390608, 40.622846233984369 ], [ -74.044489848632793, 40.622781129492182 ], [ -74.044492303710939, 40.622718143164064 ], [ -74.044494765624989, 40.622657275 ], [ -74.044497234375001, 40.622598525 ], [ -74.044497074218754, 40.622532318945311 ], [ -74.044494285156247, 40.622458656835938 ], [ -74.044488867187511, 40.622377538671877 ], [ -74.044480820312486, 40.622288964453126 ], [ -74.044470144531232, 40.622192934179687 ], [ -74.044456839843747, 40.622089447851565 ], [ -74.044440906249989, 40.621978505468746 ], [ -74.044422343749986, 40.621860107031253 ], [ -74.044401152343738, 40.621734252539063 ], [ -74.044377332031232, 40.621600941992185 ], [ -74.044350882812481, 40.621460175390624 ], [ -74.044321804687485, 40.621311952734374 ], [ -74.04429009765623, 40.621156274023434 ], [ -74.044255761718745, 40.620993139257813 ], [ -74.044218796875001, 40.620822548437502 ], [ -74.044179203124983, 40.620644501562495 ], [ -74.044136980468735, 40.620458998632813 ], [ -74.044092128906243, 40.620266039648435 ], [ -74.044044648437492, 40.620065624609374 ], [ -74.043994539062496, 40.619857753515625 ], [ -74.043941800781255, 40.619642426367186 ], [ -74.043886433593741, 40.619419643164065 ], [ -74.043828437499997, 40.619189403906248 ], [ -74.043767812499993, 40.618951708593748 ], [ -74.043704558593745, 40.61870655722656 ], [ -74.043638675781239, 40.618453949804682 ], [ -74.043570164062487, 40.618193886328122 ], [ -74.043499023437491, 40.617926366796873 ], [ -74.043425253906236, 40.617651391210934 ], [ -74.043348855468736, 40.617368959570314 ], [ -74.043269828124991, 40.617079071874997 ], [ -74.043188171875002, 40.616781728124998 ], [ -74.043106136718748, 40.616486830664059 ], [ -74.043023722656244, 40.616194379492185 ], [ -74.042940929687504, 40.615904374609372 ], [ -74.042857757812499, 40.615616816015617 ], [ -74.042774207031243, 40.615331703710936 ], [ -74.042690277343752, 40.615049037695307 ], [ -74.042605968749996, 40.614768817968745 ], [ -74.042521281250004, 40.614491044531249 ], [ -74.042436214843747, 40.614215717382805 ], [ -74.042350769531254, 40.613942836523435 ], [ -74.042264945312496, 40.613672401953124 ], [ -74.042178742187502, 40.613404413671873 ], [ -74.042092160156244, 40.613138871679681 ], [ -74.04200519921875, 40.612875775976562 ], [ -74.041917859375005, 40.612615126562496 ], [ -74.041830140624995, 40.612356923437495 ], [ -74.04174204296875, 40.612101166601562 ], [ -74.041653566406239, 40.611847856054681 ], [ -74.041564710937493, 40.611596991796873 ], [ -74.041475476562496, 40.611348573828124 ], [ -74.041385863281249, 40.611102602148435 ], [ -74.041295871093752, 40.610859076757805 ], [ -74.0412055, 40.610617997656249 ], [ -74.04111475, 40.610379364843745 ], [ -74.041023621093757, 40.610143178320307 ], [ -74.040932113281258, 40.609909438085936 ], [ -74.040840226562509, 40.609678144140616 ], [ -74.040747960937509, 40.609449296484371 ], [ -74.040655316406259, 40.609222895117185 ], [ -74.040562292968758, 40.608998940039058 ], [ -74.040468890625007, 40.608777431249997 ], [ -74.040375109375006, 40.608558368750003 ], [ -74.040260195214842, 40.608312766210943 ], [ -74.040124148144542, 40.608040623632817 ], [ -74.039966968164066, 40.607741941015632 ], [ -74.039788655273441, 40.607416718359389 ], [ -74.039589209472666, 40.607064955664072 ], [ -74.039368630761714, 40.606686652929696 ], [ -74.039126919140628, 40.606281810156261 ], [ -74.038864074609378, 40.605850427343753 ], [ -74.038580097167966, 40.605392504492194 ], [ -74.038274986816418, 40.604908041601568 ], [ -74.037948743554693, 40.604397038671877 ], [ -74.03760136738282, 40.603859495703134 ], [ -74.037232858300797, 40.603295412695317 ], [ -74.036843216308597, 40.602704789648442 ], [ -74.036432441406248, 40.602087626562508 ], [ -74.03600053359375, 40.6014439234375 ], [ -74.035547492871075, 40.600773680273441 ], [ -74.035073319238279, 40.600076897070316 ], [ -74.034578012695306, 40.599353573828125 ], [ -74.034061573242184, 40.598603710546882 ], [ -74.033524000878913, 40.597827307226567 ], [ -74.032965295605464, 40.597024363867192 ], [ -74.032385457421867, 40.596194880468758 ], [ -74.031784486328121, 40.595338857031251 ], [ -74.031162382324197, 40.594456293554693 ], [ -74.030519145410153, 40.593547190039068 ], [ -74.029854775585932, 40.592611546484378 ], [ -74.029169272851561, 40.591649362890635 ], [ -74.028462637207042, 40.59066063925782 ], [ -74.027734868652345, 40.589645375585938 ], [ -74.0269859671875, 40.588603571874998 ], [ -74.026215932812505, 40.587535228125006 ], [ -74.025460462988278, 40.586494984960936 ], [ -74.024719557714846, 40.585482842382817 ], [ -74.023993216992196, 40.58449880039062 ], [ -74.023281440820313, 40.583542858984373 ], [ -74.022584229199225, 40.582615018164056 ], [ -74.021901582128905, 40.581715277929682 ], [ -74.02123349960938, 40.580843638281252 ], [ -74.020579981640637, 40.580000099218751 ], [ -74.019941028222675, 40.579184660742193 ], [ -74.01931663935548, 40.578397322851565 ], [ -74.018706815039067, 40.57763808554688 ], [ -74.01811155527345, 40.576906948828125 ], [ -74.017530860058599, 40.57620391269532 ], [ -74.01696472939453, 40.575528977148437 ], [ -74.016413163281257, 40.574882142187505 ], [ -74.015876161718765, 40.574263407812495 ], [ -74.01535372470704, 40.573672774023436 ], [ -74.014845852246111, 40.573110240820313 ], [ -74.014352544335949, 40.572575808203126 ], [ -74.013873800976569, 40.572069476171876 ], [ -74.013409622167984, 40.571591244726562 ], [ -74.012960007910166, 40.571141113867185 ], [ -74.01252495820313, 40.570719083593744 ], [ -74.01210447304689, 40.570325153906253 ], [ -74.011698552441416, 40.569959324804685 ], [ -74.011307196386724, 40.569621596289068 ], [ -74.010930404882828, 40.569311968359372 ], [ -74.010568177929684, 40.569030441015627 ], [ -74.010220515527351, 40.568777014257812 ], [ -74.009887417675785, 40.56855168808594 ], [ -74.009568884375, 40.568354462500004 ], [ -74.00926491562501, 40.568185337500005 ], [ -74.008898066894531, 40.568020684179693 ], [ -74.008468338183604, 40.56786050253907 ], [ -74.007975729492202, 40.567704792578134 ], [ -74.007420240820309, 40.567553554296886 ], [ -74.006801872167969, 40.567406787695326 ], [ -74.006120623535168, 40.567264492773447 ], [ -74.005376494921876, 40.567126669531255 ], [ -74.004569486328137, 40.566993317968759 ], [ -74.003699597753908, 40.566864438085943 ], [ -74.002766829199231, 40.566740029882816 ], [ -74.001771180664065, 40.566620093359383 ], [ -74.000712652148451, 40.566504628515631 ], [ -73.999591243652347, 40.566393635351567 ], [ -73.998406955175781, 40.566287113867197 ], [ -73.997159786718754, 40.566185064062509 ], [ -73.995849738281237, 40.566087485937501 ], [ -73.994476809863272, 40.565994379492189 ], [ -73.993041001464832, 40.565905744726571 ], [ -73.991542313085915, 40.565821581640634 ], [ -73.989980744726552, 40.565741890234378 ], [ -73.988356296386712, 40.565666670507809 ], [ -73.986668968066397, 40.565595922460943 ], [ -73.98491875976562, 40.565529646093751 ], [ -73.983105671484381, 40.565467841406253 ], [ -73.981229703222652, 40.565410508398443 ], [ -73.979290854980476, 40.565357647070314 ], [ -73.977289126757825, 40.565309257421873 ], [ -73.975224518554711, 40.56526533945312 ], [ -73.973097030371108, 40.565225893164055 ], [ -73.970906662207042, 40.565190918554677 ], [ -73.968653414062516, 40.565160415624995 ], [ -73.966337285937499, 40.565134384375007 ], [ -73.964032116796872, 40.565122068945321 ], [ -73.961737906640636, 40.565123469335944 ], [ -73.959454655468761, 40.565138585546883 ], [ -73.957182363281248, 40.565167417578131 ], [ -73.954921030078111, 40.565209965429688 ], [ -73.952670655859379, 40.565266229101567 ], [ -73.950431240624994, 40.565336208593749 ], [ -73.948202784374999, 40.565419903906246 ], [ -73.94598528710938, 40.56551731503906 ], [ -73.943778748828123, 40.565628441992189 ], [ -73.941583169531242, 40.565753284765627 ], [ -73.939398549218737, 40.565891843359374 ], [ -73.937224887890608, 40.566044117773444 ], [ -73.935062185546855, 40.566210108007816 ], [ -73.932910442187492, 40.566389814062504 ], [ -73.930769657812505, 40.5665832359375 ], [ -73.928639832421879, 40.566790373632813 ], [ -73.92652096601563, 40.567011227148441 ], [ -73.924413058593757, 40.567245796484379 ], [ -73.922316110156245, 40.567494081640625 ], [ -73.92023012070311, 40.567756082617194 ], [ -73.918155090234364, 40.568031799414065 ], [ -73.916091018749995, 40.568321232031252 ], [ -73.914037906250002, 40.568624380468748 ], [ -73.911995752734384, 40.56894124472656 ], [ -73.909964558203114, 40.569271824804687 ], [ -73.907944322656249, 40.569616120703124 ], [ -73.905935046093745, 40.569974132421876 ], [ -73.903936728515617, 40.570345859960938 ], [ -73.90194936992188, 40.570731303320308 ], [ -73.899972970312504, 40.571130462499994 ], [ -73.89800752968749, 40.571543337500003 ], [ -73.896090179980462, 40.57194903378906 ], [ -73.894220921191405, 40.572347551367187 ], [ -73.892399753320305, 40.572738890234376 ], [ -73.890626676367177, 40.57312305039062 ], [ -73.88890169033202, 40.573500031835934 ], [ -73.887224795214834, 40.573869834570317 ], [ -73.88559599101562, 40.574232458593755 ], [ -73.884015277734377, 40.574587903906249 ], [ -73.882482655371092, 40.574936170507812 ], [ -73.880998123925792, 40.575277258398444 ], [ -73.879561683398435, 40.575611167578131 ], [ -73.87817333378905, 40.575937898046874 ], [ -73.87683307509765, 40.576257449804686 ], [ -73.875540907324222, 40.576569822851567 ], [ -73.874296830468751, 40.576875017187504 ], [ -73.873100844531251, 40.577173032812496 ], [ -73.871952949511723, 40.577463869726557 ], [ -73.870853145410152, 40.577747527929688 ], [ -73.869801432226552, 40.578024007421874 ], [ -73.868797809960938, 40.578293308203122 ], [ -73.867842278613296, 40.57855543027344 ], [ -73.866934838183596, 40.578810373632805 ], [ -73.866075488671882, 40.579058138281248 ], [ -73.865264230078125, 40.579298724218745 ], [ -73.86450106240234, 40.579532131445312 ], [ -73.863785985644526, 40.579758359960934 ], [ -73.863118999804684, 40.579977409765618 ], [ -73.862500104882812, 40.580189280859372 ], [ -73.861929300878913, 40.580393973242181 ], [ -73.86140658779297, 40.580591486914059 ], [ -73.860931965624999, 40.580781821875 ], [ -73.860505434375, 40.580964978124996 ], [ -73.86007076240233, 40.581143591406246 ], [ -73.859627949707033, 40.581317661718749 ], [ -73.859176996289051, 40.5814871890625 ], [ -73.858717902148413, 40.581652173437504 ], [ -73.858250667285134, 40.581812614843749 ], [ -73.857775291699213, 40.581968513281247 ], [ -73.857291775390621, 40.582119868749999 ], [ -73.856800118359359, 40.58226668124999 ], [ -73.856300320605456, 40.582408950781243 ], [ -73.855792382128911, 40.582546677343743 ], [ -73.855276302929695, 40.582679860937489 ], [ -73.85475208300781, 40.582808501562496 ], [ -73.854219722363268, 40.582932599218744 ], [ -73.853679220996099, 40.583052153906245 ], [ -73.853130578906246, 40.583167165624999 ], [ -73.852573796093751, 40.583277634374994 ], [ -73.852008872558599, 40.58338356015625 ], [ -73.851435808300778, 40.583484942968752 ], [ -73.8508546033203, 40.583581782812502 ], [ -73.850265257617195, 40.583674079687505 ], [ -73.849667771191406, 40.583761833593755 ], [ -73.849062144042975, 40.583845044531252 ], [ -73.848448376171888, 40.583923712500003 ], [ -73.84782646757813, 40.583997837500007 ], [ -73.847196418261717, 40.584067419531252 ], [ -73.846558228222648, 40.584132458593757 ], [ -73.845911897460937, 40.584192954687502 ], [ -73.84525742597657, 40.584248907812508 ], [ -73.844594813769532, 40.584300317968754 ], [ -73.843924060839839, 40.584347185156261 ], [ -73.84324516718749, 40.584389509375008 ], [ -73.842558132812513, 40.584427290624994 ], [ -73.841892255761735, 40.584463124609371 ], [ -73.841247536035155, 40.584497011328118 ], [ -73.840623973632816, 40.584528950781248 ], [ -73.84002156855469, 40.584558942968741 ], [ -73.839440320800776, 40.584586987890617 ], [ -73.838880230371103, 40.58461308554687 ], [ -73.838341297265629, 40.584637235937493 ], [ -73.837823521484381, 40.584659439062499 ], [ -73.83732690302736, 40.584679694921874 ], [ -73.836851441894538, 40.584698003515626 ], [ -73.836397138085943, 40.584714364843748 ], [ -73.835963991601574, 40.584728778906246 ], [ -73.835552002441403, 40.584741245703128 ], [ -73.83516117060546, 40.584751765234373 ], [ -73.834791496093743, 40.584760337500001 ], [ -73.834442978906253, 40.584766962499998 ], [ -73.834115306542969, 40.584770873632806 ], [ -73.833808479003892, 40.584772070898438 ], [ -73.833522496289049, 40.584770554296874 ], [ -73.833257358398441, 40.584766323828127 ], [ -73.83301306533204, 40.584759379492191 ], [ -73.832789617089844, 40.584749721289064 ], [ -73.832587013671869, 40.584737349218756 ], [ -73.832405255078129, 40.58472226328125 ], [ -73.83224340380859, 40.584702163671878 ], [ -73.832101459863281, 40.584677050390624 ], [ -73.831979423242188, 40.584646923437504 ], [ -73.831877293945311, 40.584611782812502 ], [ -73.83179225947265, 40.584564729101572 ], [ -73.831724319824218, 40.584505762304687 ], [ -73.831665037500002, 40.584414184179693 ], [ -73.8315891, 40.5842279 ] ] } },
{ "type": "Feature", "properties": { "Id": 0, "shape_id": "145", "route_id": "RS", "agency_id": "1", "short_name": "RS", "long_name": "Rockaway-Soundview", "route_type": "4", "color": "#AD1AAC", "text_color": "FFFFFF", "rt_tp_txt": "Ferry", "direction": "SB" }, "geometry": { "type": "LineString", "coordinates": [ [ -73.8315911, 40.5842279 ], [ -73.831667037499997, 40.584414184179693 ], [ -73.831726319824213, 40.584505762304687 ], [ -73.831794259472645, 40.584564729101572 ], [ -73.831879293945306, 40.584611782812502 ], [ -73.831981423242183, 40.584646923437504 ], [ -73.832103459863276, 40.584677050390624 ], [ -73.832245403808585, 40.584702163671878 ], [ -73.832407255078124, 40.58472226328125 ], [ -73.832589013671864, 40.584737349218756 ], [ -73.832791617089839, 40.584749721289064 ], [ -73.833015065332035, 40.584759379492191 ], [ -73.833259358398436, 40.584766323828127 ], [ -73.833524496289044, 40.584770554296874 ], [ -73.833810479003887, 40.584772070898438 ], [ -73.834117306542964, 40.584770873632806 ], [ -73.834444978906248, 40.584766962499998 ], [ -73.834793496093738, 40.584760337500001 ], [ -73.835163170605455, 40.584751765234373 ], [ -73.835554002441398, 40.584741245703128 ], [ -73.835965991601569, 40.584728778906246 ], [ -73.836399138085937, 40.584714364843748 ], [ -73.836853441894533, 40.584698003515626 ], [ -73.837328903027355, 40.584679694921874 ], [ -73.837825521484376, 40.584659439062499 ], [ -73.838343297265624, 40.584637235937493 ], [ -73.838882230371098, 40.58461308554687 ], [ -73.839442320800771, 40.584586987890617 ], [ -73.840023568554685, 40.584558942968741 ], [ -73.840625973632811, 40.584528950781248 ], [ -73.84124953603515, 40.584497011328118 ], [ -73.84189425576173, 40.584463124609371 ], [ -73.842560132812508, 40.584427290624994 ], [ -73.843247167187485, 40.584389509375008 ], [ -73.843926060839834, 40.584347185156261 ], [ -73.844596813769527, 40.584300317968754 ], [ -73.845259425976565, 40.584248907812508 ], [ -73.845913897460932, 40.584192954687502 ], [ -73.846560228222643, 40.584132458593757 ], [ -73.847198418261712, 40.584067419531252 ], [ -73.847828467578125, 40.583997837500007 ], [ -73.848450376171883, 40.583923712500003 ], [ -73.84906414404297, 40.583845044531252 ], [ -73.849669771191401, 40.583761833593755 ], [ -73.85026725761719, 40.583674079687505 ], [ -73.850856603320295, 40.583581782812502 ], [ -73.851437808300773, 40.583484942968752 ], [ -73.852010872558594, 40.58338356015625 ], [ -73.852575796093745, 40.583277634374994 ], [ -73.853132578906241, 40.583167165624999 ], [ -73.853681220996094, 40.583052153906245 ], [ -73.854221722363263, 40.582932599218744 ], [ -73.854754083007805, 40.582808501562496 ], [ -73.85527830292969, 40.582679860937489 ], [ -73.855794382128906, 40.582546677343743 ], [ -73.856302320605451, 40.582408950781243 ], [ -73.856802118359354, 40.58226668124999 ], [ -73.857293775390616, 40.582119868749999 ], [ -73.857777291699207, 40.581968513281247 ], [ -73.858252667285129, 40.581812614843749 ], [ -73.858719902148408, 40.581652173437504 ], [ -73.859178996289046, 40.5814871890625 ], [ -73.859629949707028, 40.581317661718749 ], [ -73.860072762402325, 40.581143591406246 ], [ -73.860507434374995, 40.580964978124996 ], [ -73.860933965624994, 40.580781821875 ], [ -73.861408589746091, 40.580591486914059 ], [ -73.861931306738285, 40.580393973242181 ], [ -73.862502116601561, 40.580189280859372 ], [ -73.863121019335935, 40.579977409765618 ], [ -73.863788014941406, 40.579758359960934 ], [ -73.86450310341796, 40.579532131445312 ], [ -73.865266284765625, 40.579298724218745 ], [ -73.866077558984372, 40.579058138281248 ], [ -73.866936926074217, 40.578810373632805 ], [ -73.867844386035159, 40.57855543027344 ], [ -73.868799938867184, 40.578293308203122 ], [ -73.86980358457032, 40.578024007421874 ], [ -73.870855323144539, 40.577747527929688 ], [ -73.871955154589841, 40.577463869726557 ], [ -73.87310307890624, 40.577173032812496 ], [ -73.87429909609375, 40.576875017187504 ], [ -73.875543206152344, 40.576569822851567 ], [ -73.87683540908202, 40.576257449804686 ], [ -73.878175704882807, 40.575937898046874 ], [ -73.879564093554677, 40.575611167578131 ], [ -73.881000575097659, 40.575277258398444 ], [ -73.882485149511709, 40.574936170507812 ], [ -73.88401781679687, 40.574587903906249 ], [ -73.885598576953115, 40.574232458593755 ], [ -73.887227429980456, 40.573869834570317 ], [ -73.888904375878894, 40.573500031835934 ], [ -73.890629414648416, 40.57312305039062 ], [ -73.892402546289063, 40.572738890234376 ], [ -73.894223770800778, 40.572347551367187 ], [ -73.896093088183591, 40.57194903378906 ], [ -73.8980104984375, 40.571543337500003 ], [ -73.899976001562493, 40.571130462499994 ], [ -73.901952459765624, 40.570731303320308 ], [ -73.90393987304688, 40.570345859960938 ], [ -73.905938241406261, 40.569974132421876 ], [ -73.907947564843738, 40.569616120703124 ], [ -73.909967843359368, 40.569271824804687 ], [ -73.911999076953123, 40.56894124472656 ], [ -73.914041265625002, 40.568624380468748 ], [ -73.916094409375006, 40.568321232031252 ], [ -73.918158508203135, 40.568031799414065 ], [ -73.920233562109388, 40.567756082617194 ], [ -73.922319571093766, 40.567494081640625 ], [ -73.924416535156269, 40.567245796484379 ], [ -73.926524454296896, 40.567011227148441 ], [ -73.928643328515648, 40.566790373632813 ], [ -73.93077315781251, 40.5665832359375 ], [ -73.932913942187497, 40.566389814062504 ], [ -73.935065681640623, 40.566210108007816 ], [ -73.937228376171873, 40.566044117773444 ], [ -73.939402025781249, 40.565891843359374 ], [ -73.941586630468748, 40.565753284765627 ], [ -73.943782190234373, 40.565628441992189 ], [ -73.945988705078122, 40.56551731503906 ], [ -73.948206175, 40.565419903906246 ], [ -73.9504346, 40.565336208593749 ], [ -73.952673980078146, 40.565266229101567 ], [ -73.954924315234393, 40.565209965429688 ], [ -73.957185605468766, 40.565167417578131 ], [ -73.959457850781263, 40.565138585546883 ], [ -73.961741051171884, 40.565123469335944 ], [ -73.964035206640631, 40.565122068945321 ], [ -73.966340317187502, 40.565134384375007 ], [ -73.968656382812497, 40.565160415624995 ], [ -73.970909570410157, 40.565190918554677 ], [ -73.973099879980452, 40.565225893164055 ], [ -73.975227311523426, 40.56526533945312 ], [ -73.977291865039049, 40.565309257421873 ], [ -73.979293540527323, 40.565357647070314 ], [ -73.981232337988274, 40.565410508398443 ], [ -73.983108257421861, 40.565467841406253 ], [ -73.984921298828112, 40.565529646093751 ], [ -73.986671462207028, 40.565595922460943 ], [ -73.988358747558578, 40.565666670507809 ], [ -73.989983154882808, 40.565741890234378 ], [ -73.991544684179686, 40.565821581640634 ], [ -73.993043335449215, 40.565905744726571 ], [ -73.994479108691408, 40.565994379492189 ], [ -73.995852003906251, 40.566087485937501 ], [ -73.997162021093743, 40.566185064062509 ], [ -73.9984091602539, 40.566287113867197 ], [ -73.99959342138672, 40.566393635351567 ], [ -74.000714804492191, 40.566504628515631 ], [ -74.001773309570311, 40.566620093359383 ], [ -74.002768936621095, 40.566740029882816 ], [ -74.003701685644529, 40.566864438085943 ], [ -74.004571556640627, 40.566993317968759 ], [ -74.005378549609375, 40.567126669531255 ], [ -74.006122664550787, 40.567264492773447 ], [ -74.006803901464849, 40.567406787695326 ], [ -74.007422260351561, 40.567553554296886 ], [ -74.007977741210951, 40.567704792578134 ], [ -74.008470344042976, 40.56786050253907 ], [ -74.008900068847652, 40.568020684179693 ], [ -74.009266915625005, 40.568185337500005 ], [ -74.009570884374995, 40.568354462500004 ], [ -74.009889415722654, 40.568551685156251 ], [ -74.010222509667955, 40.568777005468753 ], [ -74.010570166210925, 40.569030423437503 ], [ -74.010932385351566, 40.569311939062501 ], [ -74.011309167089848, 40.569621552343754 ], [ -74.011700511425772, 40.569959263281248 ], [ -74.012106418359366, 40.570325071874997 ], [ -74.01252688789063, 40.570718978125001 ], [ -74.012961920019535, 40.571140982031253 ], [ -74.013411514746082, 40.571591083593745 ], [ -74.013875672070299, 40.5720692828125 ], [ -74.014354391992185, 40.572575579687495 ], [ -74.014847674511714, 40.573109974218752 ], [ -74.015355519628912, 40.573672466406251 ], [ -74.015877927343752, 40.574263056249997 ], [ -74.016414897656247, 40.574881743749998 ], [ -74.016966430566413, 40.575528528906247 ], [ -74.01753252607422, 40.576203411718744 ], [ -74.018113184179697, 40.576906392187496 ], [ -74.018708404882801, 40.577637470312496 ], [ -74.01931818818359, 40.578396646093744 ], [ -74.019942534082034, 40.579183919531246 ], [ -74.020581442578134, 40.579999290624997 ], [ -74.021234913671876, 40.580842759374995 ], [ -74.021902947363287, 40.581714325781249 ], [ -74.02258554365234, 40.58261398984375 ], [ -74.023282702539063, 40.5835417515625 ], [ -74.023994424023442, 40.584497610937497 ], [ -74.024720708105477, 40.585481567968749 ], [ -74.025461554785167, 40.586493622656256 ], [ -74.026216964062513, 40.587533775 ], [ -74.026986935937487, 40.588602025 ], [ -74.027735778808591, 40.589643740820307 ], [ -74.028463492675769, 40.590658922460932 ], [ -74.02917007753905, 40.591647569921868 ], [ -74.029855533398432, 40.592609683203129 ], [ -74.030519860253889, 40.593545262304694 ], [ -74.031163058105463, 40.594454307226563 ], [ -74.031785126953125, 40.59533681796875 ], [ -74.03238606679686, 40.596192794531255 ], [ -74.032965877636713, 40.597022236914064 ], [ -74.033524559472639, 40.597825145117191 ], [ -74.034062112304667, 40.59860151914063 ], [ -74.034578536132813, 40.599351358984379 ], [ -74.035073830957032, 40.600074664648446 ], [ -74.035547996777325, 40.600771436132817 ], [ -74.036001033593749, 40.601441673437499 ], [ -74.036432941406247, 40.602085376562499 ], [ -74.036843720214847, 40.60270254550781 ], [ -74.03723337001955, 40.603293180273432 ], [ -74.037601890820326, 40.603857280859373 ], [ -74.037949282617177, 40.604394847265624 ], [ -74.038275545410158, 40.604905879492186 ], [ -74.038580679199214, 40.605390377539059 ], [ -74.038864683984372, 40.605848341406244 ], [ -74.039127559765632, 40.606279771093753 ], [ -74.039369306542966, 40.606684666601566 ], [ -74.039589924316417, 40.607063027929684 ], [ -74.039789413085941, 40.607414855078119 ], [ -74.039967772851568, 40.607740148046872 ], [ -74.040125003613284, 40.60803890683593 ], [ -74.040261105371101, 40.608311131445305 ], [ -74.040376078125007, 40.608556821874998 ], [ -74.040469921875001, 40.608775978124996 ], [ -74.040563384765619, 40.608997577734371 ], [ -74.040656466796889, 40.609221620703124 ], [ -74.040749167968755, 40.609448107031241 ], [ -74.040841488281259, 40.60967703671875 ], [ -74.040933427734387, 40.609908409765623 ], [ -74.041024986328125, 40.610142226171874 ], [ -74.041116164062501, 40.610378485937495 ], [ -74.041206960937515, 40.610617189062495 ], [ -74.041297376953139, 40.610858335546872 ], [ -74.041387412109373, 40.611101925390621 ], [ -74.041477066406259, 40.611347958593747 ], [ -74.041566339843754, 40.611596435156251 ], [ -74.041655232421874, 40.611847355078126 ], [ -74.041743744140632, 40.612100718359379 ], [ -74.041831875, 40.612356525 ], [ -74.041919625, 40.612614775 ], [ -74.042006994140635, 40.612875468359363 ], [ -74.042093982421875, 40.61313860507812 ], [ -74.042180589843753, 40.613404185156242 ], [ -74.04226681640624, 40.613672208593748 ], [ -74.042352662109366, 40.613942675390618 ], [ -74.042438126953115, 40.614215585546873 ], [ -74.042523210937489, 40.614490939062492 ], [ -74.042607914062501, 40.614768735937503 ], [ -74.042692236328122, 40.615048976171877 ], [ -74.042776177734382, 40.61533165976563 ], [ -74.042859738281251, 40.615616786718746 ], [ -74.042942917968745, 40.615904357031248 ], [ -74.043025716796876, 40.61619437070312 ], [ -74.043108134765617, 40.61648682773437 ], [ -74.043190171874997, 40.616781728124998 ], [ -74.043271828125, 40.617079071874997 ], [ -74.04335078417968, 40.617372911718753 ], [ -74.043427040039063, 40.617663247656246 ], [ -74.043500595703122, 40.617950079687496 ], [ -74.043571451171871, 40.618233407812504 ], [ -74.043639606445311, 40.618513232031248 ], [ -74.04370506152344, 40.618789552343749 ], [ -74.043767816406245, 40.619062368749994 ], [ -74.043827871093754, 40.619331681250003 ], [ -74.043885225585939, 40.619597489843748 ], [ -74.043939879882799, 40.619859794531244 ], [ -74.043991833984364, 40.620118595312491 ], [ -74.044041087890633, 40.620373892187501 ], [ -74.044087641601564, 40.620625685156249 ], [ -74.044131495117185, 40.620873974218746 ], [ -74.044172648437495, 40.621118759374994 ], [ -74.044211101562496, 40.621360040624992 ], [ -74.044246854492187, 40.621597817968741 ], [ -74.044279907226553, 40.62183209140624 ], [ -74.044310259765624, 40.62206286093749 ], [ -74.04433791210937, 40.62229012656249 ], [ -74.044362864257806, 40.62251388828124 ], [ -74.044385116210947, 40.622734146093741 ], [ -74.044404667968749, 40.6229509 ], [ -74.044421519531255, 40.62316415 ], [ -74.044435670898437, 40.623373896093746 ], [ -74.044447122070324, 40.623580138281248 ], [ -74.044455873046886, 40.623782876562501 ], [ -74.044461923828138, 40.62398211093749 ], [ -74.04446527441408, 40.624177841406244 ], [ -74.044465924804683, 40.624370067968748 ], [ -74.044463875, 40.624558790625002 ], [ -74.044459125, 40.624744009374993 ], [ -74.044452208007826, 40.624933558203125 ], [ -74.044443124023445, 40.62512743710937 ], [ -74.044431873046875, 40.625325646093749 ], [ -74.04441845507813, 40.625528185156249 ], [ -74.044402870117182, 40.625735054296875 ], [ -74.044385118164058, 40.625946253515622 ], [ -74.04436519921876, 40.626161782812495 ], [ -74.044343113281258, 40.626381642187503 ], [ -74.044318860351581, 40.626605831640632 ], [ -74.0442924404297, 40.62683435117188 ], [ -74.044263853515645, 40.627067200781255 ], [ -74.044233099609386, 40.627304380468743 ], [ -74.044200178710952, 40.627545890234373 ], [ -74.044165090820314, 40.627791730078116 ], [ -74.044127835937502, 40.6280419 ], [ -74.044088414062514, 40.6282964 ], [ -74.044046825195323, 40.628555230078128 ], [ -74.044003069335943, 40.628818390234372 ], [ -74.043957146484388, 40.629085880468743 ], [ -74.043909056640615, 40.629357700781249 ], [ -74.043858799804681, 40.629633851171874 ], [ -74.043806375976558, 40.62991433164062 ], [ -74.043751785156246, 40.630199142187493 ], [ -74.043695027343745, 40.630488282812493 ], [ -74.043636102539054, 40.63078175351562 ], [ -74.043575010742174, 40.631079554296875 ], [ -74.043511751953105, 40.631381685156249 ], [ -74.043446326171875, 40.631688146093744 ], [ -74.043378733398441, 40.631998937109373 ], [ -74.043308973632804, 40.632314058203129 ], [ -74.043237046874992, 40.632633509374998 ], [ -74.043162953125005, 40.632957290625001 ], [ -74.043089023437503, 40.63327370566406 ], [ -74.043015257812513, 40.633582754492188 ], [ -74.042941656250008, 40.633884437109373 ], [ -74.042868218750016, 40.634178753515627 ], [ -74.042794945312508, 40.634465703710937 ], [ -74.042721835937513, 40.634745287695317 ], [ -74.042648890625003, 40.635017505468753 ], [ -74.042576109375005, 40.635282357031258 ], [ -74.042503492187492, 40.635539842382819 ], [ -74.042431039062492, 40.635789961523443 ], [ -74.04235875, 40.636032714453137 ], [ -74.042286624999988, 40.636268101171879 ], [ -74.042214664062485, 40.636496121679691 ], [ -74.042142867187493, 40.636716775976566 ], [ -74.042071234375001, 40.636930064062497 ], [ -74.041999765624993, 40.637135985937505 ], [ -74.041928460937498, 40.637334541601561 ], [ -74.041857320312502, 40.63752573105468 ], [ -74.04178634374999, 40.637709554296869 ], [ -74.041715531249991, 40.637886011328121 ], [ -74.041644882812491, 40.638055102148428 ], [ -74.04157439843749, 40.638216826757812 ], [ -74.041504078125001, 40.638371185156245 ], [ -74.041433921874983, 40.638518177343741 ], [ -74.041363929687492, 40.638657803320307 ], [ -74.041294101562499, 40.638790063085935 ], [ -74.041224437500006, 40.638914956640619 ], [ -74.041154937499982, 40.63903248398438 ], [ -74.041085601562486, 40.63914264511719 ], [ -74.041016429687488, 40.639245440039062 ], [ -74.040947421874989, 40.639340868749997 ], [ -74.040878578125003, 40.639428931249995 ], [ -74.040805157226572, 40.639522286718744 ], [ -74.040727159179696, 40.639620935156245 ], [ -74.040644583984388, 40.639724876562497 ], [ -74.040557431640636, 40.639834110937485 ], [ -74.040465702148452, 40.63994863828124 ], [ -74.04036939550781, 40.640068458593738 ], [ -74.04026851171875, 40.640193571874988 ], [ -74.040163050781246, 40.640323978124997 ], [ -74.04005301269531, 40.640459677343742 ], [ -74.039938397460929, 40.640600669531246 ], [ -74.039819205078132, 40.640746954687494 ], [ -74.039695435546875, 40.640898532812493 ], [ -74.039567088867187, 40.641055403906243 ], [ -74.039434165039069, 40.641217567968745 ], [ -74.039296664062505, 40.641385025 ], [ -74.039154585937496, 40.641557775 ], [ -74.039007930664056, 40.641735817968737 ], [ -74.038856698242185, 40.641919153906244 ], [ -74.038700888671869, 40.642107782812488 ], [ -74.038540501953122, 40.642301704687497 ], [ -74.03837553808593, 40.642500919531244 ], [ -74.038205997070307, 40.642705427343742 ], [ -74.038031878906239, 40.642915228124991 ], [ -74.037853183593754, 40.643130321874992 ], [ -74.037669911132809, 40.643350708593744 ], [ -74.037482061523434, 40.64357638828124 ], [ -74.037289634765628, 40.643807360937487 ], [ -74.037092630859362, 40.644043626562492 ], [ -74.03689104980468, 40.644285185156249 ], [ -74.036684891601567, 40.644532036718743 ], [ -74.036474156249994, 40.644784181249996 ], [ -74.036258843750005, 40.645041618749993 ], [ -74.036043921875006, 40.645288319921868 ], [ -74.035829390624997, 40.645524284765621 ], [ -74.03561525, 40.645749513281245 ], [ -74.0354015, 40.645964005468748 ], [ -74.035188140624996, 40.646167761328122 ], [ -74.034975171875004, 40.646360780859368 ], [ -74.034762593750003, 40.646543064062499 ], [ -74.034550406249991, 40.646714610937494 ], [ -74.034338609374998, 40.646875421484374 ], [ -74.034127203124996, 40.647025495703119 ], [ -74.033916187499997, 40.647164833593749 ], [ -74.033705562500003, 40.647293435156243 ], [ -74.033495328125014, 40.647411300390623 ], [ -74.033285484375, 40.647518429296873 ], [ -74.033076031250005, 40.647614821874996 ], [ -74.03286696875, 40.647700478125003 ], [ -74.032658296874999, 40.647775398046875 ], [ -74.032450015625002, 40.647839581640625 ], [ -74.03224212500001, 40.647893028906253 ], [ -74.032034625000023, 40.647935739843746 ], [ -74.031827515625025, 40.647967714453124 ], [ -74.031620796875018, 40.647988952734373 ], [ -74.031414468750015, 40.647999454687493 ], [ -74.031208531250002, 40.647999220312499 ], [ -74.031002984375007, 40.647988249609369 ], [ -74.030797828125003, 40.647966542578125 ], [ -74.030593062500003, 40.647934099218745 ], [ -74.030388687500007, 40.64789091953125 ], [ -74.030184703125002, 40.647837003515619 ], [ -74.029981109375001, 40.647772351171874 ], [ -74.029777906250004, 40.6476969625 ], [ -74.029575093749997, 40.647610837499997 ], [ -74.029384957031255, 40.647530095312497 ], [ -74.029207496093733, 40.647454735937494 ], [ -74.029042710937489, 40.647384759374994 ], [ -74.028890601562495, 40.647320165624997 ], [ -74.02875116796875, 40.647260954687496 ], [ -74.028624410156254, 40.647207126562506 ], [ -74.028510328125009, 40.647158681250005 ], [ -74.028408921874984, 40.647115618749993 ], [ -74.028320191406237, 40.647077939062498 ], [ -74.02824413671874, 40.647045642187493 ], [ -74.028180757812493, 40.647018728124998 ], [ -74.028130054687495, 40.646997196874999 ], [ -74.028092027343746, 40.646981048437496 ], [ -74.028066675781247, 40.646970282812504 ], [ -74.028054, 40.6469649 ], [ -74.028054, 40.6469649 ], [ -74.028066675781247, 40.646970282812504 ], [ -74.028092027343746, 40.646981048437496 ], [ -74.028130054687495, 40.646997196874999 ], [ -74.028180757812493, 40.647018728124998 ], [ -74.02824413671874, 40.647045642187493 ], [ -74.028320191406237, 40.647077939062498 ], [ -74.028408921874984, 40.647115618749993 ], [ -74.028510328125009, 40.647158681250005 ], [ -74.028624410156254, 40.647207126562506 ], [ -74.02875116796875, 40.647260954687496 ], [ -74.028890601562495, 40.647320165624997 ], [ -74.029042710937489, 40.647384759374994 ], [ -74.029207496093733, 40.647454735937494 ], [ -74.029384957031255, 40.647530095312497 ], [ -74.029575093749997, 40.647610837499997 ], [ -74.029777906250004, 40.6476969625 ], [ -74.029965758789075, 40.64779104941406 ], [ -74.030138651367196, 40.647893098242186 ], [ -74.030296583984381, 40.648003108984376 ], [ -74.03043955664063, 40.648121081640618 ], [ -74.030567569335943, 40.648247016210931 ], [ -74.030680622070321, 40.648380912695309 ], [ -74.030778714843763, 40.648522771093745 ], [ -74.030861847656269, 40.648672591406246 ], [ -74.030930020507839, 40.648830373632805 ], [ -74.030983233398445, 40.648996117773436 ], [ -74.031021486328143, 40.649169823828117 ], [ -74.031044779296877, 40.649351491796878 ], [ -74.031053112304704, 40.64954112167969 ], [ -74.031046485351567, 40.649738713476559 ], [ -74.031024898437508, 40.649944267187493 ], [ -74.030988351562499, 40.650157782812499 ], [ -74.030936844726554, 40.650379260351556 ], [ -74.030870377929688, 40.650608699804685 ], [ -74.030788951171871, 40.650846101171872 ], [ -74.030692564453133, 40.651091464453117 ], [ -74.030581217773445, 40.651344789648434 ], [ -74.030454911132821, 40.651606076757801 ], [ -74.030313644531248, 40.651875325781241 ], [ -74.030157417968752, 40.652152536718752 ], [ -74.029986231445307, 40.652437709570314 ], [ -74.029800084960925, 40.652730844335935 ], [ -74.029598978515622, 40.653031941015627 ], [ -74.029382912109369, 40.65334099960937 ], [ -74.029151885742181, 40.653658020117184 ], [ -74.02890589941407, 40.653983002539064 ], [ -74.028644953124996, 40.654315946875002 ], [ -74.028369046875, 40.654656853124997 ], [ -74.028099201171869, 40.655005067968744 ], [ -74.02783541601562, 40.65536059140625 ], [ -74.02757769140625, 40.655723423437493 ], [ -74.027326027343733, 40.656093564062502 ], [ -74.02708042382811, 40.656471013281248 ], [ -74.026840880859368, 40.656855771093745 ], [ -74.026607398437491, 40.657247837499995 ], [ -74.026379976562495, 40.657647212499995 ], [ -74.02615861523438, 40.658053896093747 ], [ -74.025943314453116, 40.658467888281251 ], [ -74.025734074218747, 40.658889189062499 ], [ -74.025530894531244, 40.659317798437492 ], [ -74.025333775390621, 40.659753716406243 ], [ -74.025142716796864, 40.660196942968746 ], [ -74.024957718750002, 40.660647478125 ], [ -74.024778781249992, 40.661105321874999 ], [ -74.024605904296862, 40.661570474218756 ], [ -74.024439087890613, 40.662042935156251 ], [ -74.024278332031244, 40.662522704687504 ], [ -74.024123636718741, 40.663009782812502 ], [ -74.023975001953119, 40.663504169531251 ], [ -74.023832427734376, 40.664005864843759 ], [ -74.0236959140625, 40.664514868750004 ], [ -74.023565460937505, 40.665031181250001 ], [ -74.023441068359375, 40.665554802343749 ], [ -74.02332273632814, 40.666085732031249 ], [ -74.023210464843757, 40.6666239703125 ], [ -74.023104253906254, 40.667169517187489 ], [ -74.023004103515632, 40.667722372656243 ], [ -74.022910013671861, 40.668282536718742 ], [ -74.022821984374986, 40.668850009374992 ], [ -74.022740015625004, 40.669424790625001 ], [ -74.022649753808594, 40.669993151953122 ], [ -74.022551198925768, 40.670555093359376 ], [ -74.022444350976542, 40.671110614843748 ], [ -74.02232920996093, 40.671659716406253 ], [ -74.022205775878902, 40.672202398046878 ], [ -74.022074048730474, 40.672738659765628 ], [ -74.021934028515616, 40.673268501562497 ], [ -74.021785715234373, 40.673791923437498 ], [ -74.021629108886714, 40.674308925390619 ], [ -74.02146420947264, 40.674819507421866 ], [ -74.02129101699218, 40.675323669531245 ], [ -74.021109531445305, 40.675821411718744 ], [ -74.020919752832015, 40.676312733984368 ], [ -74.020721681152338, 40.676797636328125 ], [ -74.020515316406247, 40.677276118750001 ], [ -74.02030065859374, 40.677748181249996 ], [ -74.020077707714847, 40.678213823828123 ], [ -74.019846463769525, 40.678673046484377 ], [ -74.019606926757803, 40.67912584921875 ], [ -74.019359096679693, 40.679572232031255 ], [ -74.019102973535155, 40.680012194921879 ], [ -74.018838557324216, 40.680445737890629 ], [ -74.018565848046876, 40.680872860937505 ], [ -74.018284845703121, 40.681293564062493 ], [ -74.017995550292966, 40.681707847265614 ], [ -74.01769796181641, 40.682115710546867 ], [ -74.017392080273439, 40.682517153906247 ], [ -74.017077905664067, 40.682912177343752 ], [ -74.01675543798828, 40.683300780859376 ], [ -74.016424677246107, 40.683682964453119 ], [ -74.016085623437505, 40.684058728124995 ], [ -74.015738276562502, 40.684428071875004 ], [ -74.015395754003904, 40.684795714453131 ], [ -74.015058055761713, 40.685161655859375 ], [ -74.014725181835928, 40.68552589609375 ], [ -74.014397132226577, 40.685888435156258 ], [ -74.014073906933604, 40.686249273046883 ], [ -74.013755505957036, 40.686608409765626 ], [ -74.013441929296874, 40.6869658453125 ], [ -74.013133176953133, 40.687321579687506 ], [ -74.012829248925783, 40.687675612890629 ], [ -74.012530145214853, 40.68802794492187 ], [ -74.012235865820315, 40.688378575781243 ], [ -74.011946410742183, 40.688727505468748 ], [ -74.011661779980471, 40.689074733984377 ], [ -74.011381973535151, 40.689420261328124 ], [ -74.011106991406251, 40.689764087500002 ], [ -74.010836833593757, 40.690106212499998 ], [ -74.010571500097655, 40.690446636328126 ], [ -74.010310990917972, 40.690785358984378 ], [ -74.010055306054682, 40.691122380468755 ], [ -74.009804445507825, 40.69145770078125 ], [ -74.009558409277346, 40.691791319921876 ], [ -74.009317197363288, 40.692123237890627 ], [ -74.009080809765635, 40.692453454687502 ], [ -74.008849246484374, 40.692781970312502 ], [ -74.008622507519533, 40.693108784765627 ], [ -74.008400592871112, 40.693433898046877 ], [ -74.008183502539083, 40.693757310156251 ], [ -74.007971236523446, 40.694079021093749 ], [ -74.007763794824228, 40.694399030859373 ], [ -74.007561177441403, 40.694717339453121 ], [ -74.007363384374997, 40.695033946874993 ], [ -74.007170415624998, 40.695348853125004 ], [ -74.006984527929689, 40.695656015234377 ], [ -74.006805721289055, 40.695955433203132 ], [ -74.006633995703112, 40.696247107031255 ], [ -74.006469351171859, 40.696531036718753 ], [ -74.006311787695296, 40.696807222265626 ], [ -74.006161305273423, 40.697075663671875 ], [ -74.00601790390624, 40.697336360937499 ], [ -74.005881583593748, 40.697589314062498 ], [ -74.005752344335946, 40.697834523046872 ], [ -74.005630186132805, 40.698071987890621 ], [ -74.005515108984369, 40.698301708593746 ], [ -74.005407112890623, 40.698523685156246 ], [ -74.005306197851553, 40.698737917578121 ], [ -74.005212363867187, 40.698944405859372 ], [ -74.005125610937498, 40.69914315 ], [ -74.005045939062498, 40.69933415 ], [ -74.004973348242189, 40.699517405859375 ], [ -74.004907838476555, 40.699692917578126 ], [ -74.004849409765626, 40.699860685156253 ], [ -74.004798062109373, 40.700020708593755 ], [ -74.00475379550781, 40.700172987890632 ], [ -74.004716609960951, 40.700317523046877 ], [ -74.004686505468754, 40.700454314062505 ], [ -74.004663482031248, 40.700583360937493 ], [ -74.004647539648431, 40.700704663671871 ], [ -74.004638678320305, 40.700818222265617 ], [ -74.004636898046869, 40.700924036718746 ], [ -74.004642198828122, 40.70102210703125 ], [ -74.004654580664067, 40.701112433203122 ], [ -74.004674043554701, 40.701195015234376 ], [ -74.004700587499997, 40.701269853124998 ], [ -74.004734212499997, 40.701336946874996 ], [ -74.004767649023421, 40.701402708593747 ], [ -74.004800897070311, 40.701467138281245 ], [ -74.00483395664061, 40.701530235937497 ], [ -74.004866827734361, 40.701592001562496 ], [ -74.004899510351549, 40.701652435156248 ], [ -74.004932004492161, 40.701711536718747 ], [ -74.004964310156225, 40.70176930625 ], [ -74.004996427343741, 40.701825743749993 ], [ -74.00502835605468, 40.701880849218746 ], [ -74.005060096289043, 40.701934622656246 ], [ -74.005091648046857, 40.701987064062493 ], [ -74.005123011328124, 40.702038173437501 ], [ -74.005154186132813, 40.702087950781248 ], [ -74.005185172460926, 40.702136396093749 ], [ -74.005215970312491, 40.702183509374997 ], [ -74.005246579687508, 40.702229290624999 ], [ -74.005277000585949, 40.702273739843747 ], [ -74.005307233007812, 40.702316857031249 ], [ -74.005337276953128, 40.702358642187498 ], [ -74.005367132421881, 40.702399095312501 ], [ -74.005396799414058, 40.70243821640625 ], [ -74.005426277929686, 40.702476005468753 ], [ -74.005455567968752, 40.702512462500003 ], [ -74.005484669531242, 40.7025475875 ], [ -74.005513582617183, 40.70258138046875 ], [ -74.005542307226563, 40.702613841406247 ], [ -74.005570843359365, 40.702644970312498 ], [ -74.005599191015619, 40.702674767187503 ], [ -74.005627350195311, 40.702703232031254 ], [ -74.005655320898427, 40.702730364843745 ], [ -74.005683103124994, 40.702756165624997 ], [ -74.005710696874999, 40.702780634375003 ], [ -74.005736566015628, 40.702803573828128 ], [ -74.005760710546866, 40.702824983984378 ], [ -74.005783130468757, 40.702844864843755 ], [ -74.005803825781243, 40.70286321640625 ], [ -74.005822796484381, 40.702880038671879 ], [ -74.005840042578114, 40.702895331640633 ], [ -74.0058555640625, 40.702909095312506 ], [ -74.00586936093751, 40.702921329687499 ], [ -74.005881433203129, 40.702932034765624 ], [ -74.005891780859372, 40.702941210546875 ], [ -74.005900403906253, 40.702948857031245 ], [ -74.005907302343743, 40.702954974218756 ], [ -74.005912476171872, 40.702959562109378 ], [ -74.005915925390624, 40.702962620703126 ], [ -74.00591765, 40.70296415 ], [ -74.00591765, 40.70296415 ], [ -74.005915925390624, 40.702962620703126 ], [ -74.005912476171872, 40.702959562109378 ], [ -74.005907302343743, 40.702954974218756 ], [ -74.005900403906253, 40.702948857031245 ], [ -74.005891780859372, 40.702941210546875 ], [ -74.005881433203129, 40.702932034765624 ], [ -74.00586936093751, 40.702921329687499 ], [ -74.0058555640625, 40.702909095312506 ], [ -74.005840042578114, 40.702895331640633 ], [ -74.005822796484381, 40.702880038671879 ], [ -74.005803825781243, 40.70286321640625 ], [ -74.005783130468757, 40.702844864843755 ], [ -74.005760710546866, 40.702824983984378 ], [ -74.005736566015628, 40.702803573828128 ], [ -74.005710696874999, 40.702780634375003 ], [ -74.005683103124994, 40.702756165624997 ], [ -74.005642222265621, 40.702737369726563 ], [ -74.005588054296879, 40.702724246679693 ], [ -74.005520599218755, 40.702716796484381 ], [ -74.005439857031234, 40.702715019140626 ], [ -74.005345827734374, 40.702718914648436 ], [ -74.005238511328116, 40.70272848300781 ], [ -74.00511790781249, 40.702743724218749 ], [ -74.004984017187496, 40.702764638281252 ], [ -74.004836839453105, 40.702791225195313 ], [ -74.004676374609375, 40.702823484960945 ], [ -74.004502622656247, 40.702861417578127 ], [ -74.004315583593723, 40.702905023046874 ], [ -74.004115257421859, 40.702954301367186 ], [ -74.003901644140598, 40.703009252539061 ], [ -74.003674743749983, 40.703069876562502 ], [ -74.003434556249985, 40.7031361734375 ], [ -74.003181081640605, 40.703208143164062 ], [ -74.002914319921871, 40.703285785742189 ], [ -74.00263427109374, 40.703369101171873 ], [ -74.002340935156241, 40.703458089453129 ], [ -74.002034312109373, 40.703552750585942 ], [ -74.001714401953109, 40.703653084570313 ], [ -74.00138120468749, 40.703759091406255 ], [ -74.001034720312489, 40.703870771093747 ], [ -74.000674948828106, 40.703988123632811 ], [ -74.000301890234368, 40.704111149023433 ], [ -73.999915544531234, 40.704239847265626 ], [ -73.999515911718731, 40.704374218359369 ], [ -73.99910299179686, 40.704514262304684 ], [ -73.998676784765621, 40.704659979101564 ], [ -73.998237290624999, 40.704811368750001 ], [ -73.997784509374995, 40.704968431249995 ], [ -73.997336021093759, 40.705121266210938 ], [ -73.996891825781248, 40.705269873632808 ], [ -73.996451923437505, 40.705414253515627 ], [ -73.996016314062501, 40.705554405859374 ], [ -73.995584997656266, 40.705690330664069 ], [ -73.995157974218756, 40.705822027929685 ], [ -73.99473524375, 40.705949497656249 ], [ -73.994316806249998, 40.706072739843748 ], [ -73.993902661718749, 40.706191754492181 ], [ -73.993492810156255, 40.706306541601563 ], [ -73.9930872515625, 40.706417101171873 ], [ -73.992685985937499, 40.706523433203124 ], [ -73.992289013281251, 40.706625537695309 ], [ -73.991896333593758, 40.706723414648437 ], [ -73.991507946875004, 40.706817064062498 ], [ -73.991123853125004, 40.706906485937495 ], [ -73.990744052343757, 40.706991680273433 ], [ -73.99036854453125, 40.707072647070312 ], [ -73.989997329687498, 40.707149386328126 ], [ -73.989630407812498, 40.707221898046868 ], [ -73.989267778906253, 40.707290182226558 ], [ -73.988909442968747, 40.707354238867183 ], [ -73.9885554, 40.707414067968742 ], [ -73.98820565, 40.70746966953125 ], [ -73.987860192968753, 40.707521043554685 ], [ -73.987519028906263, 40.707568190039055 ], [ -73.987182157812498, 40.707611108984366 ], [ -73.986849579687501, 40.707649800390627 ], [ -73.986521294531244, 40.707684264257807 ], [ -73.986197302343754, 40.707714500585936 ], [ -73.985877603125004, 40.707740509375 ], [ -73.985562196874994, 40.707762290624999 ], [ -73.985251483007801, 40.707785415625004 ], [ -73.984945461523438, 40.707809884375003 ], [ -73.984644132421863, 40.707835696875001 ], [ -73.984347495703133, 40.707862853125 ], [ -73.984055551367192, 40.707891353125 ], [ -73.983768299414066, 40.707921196874999 ], [ -73.983485739843758, 40.707952384374998 ], [ -73.983207872656237, 40.707984915625005 ], [ -73.982934697851562, 40.708018790625005 ], [ -73.982666215429674, 40.708054009375005 ], [ -73.982402425390617, 40.708090571875005 ], [ -73.982143327734377, 40.708128478125005 ], [ -73.981888922460939, 40.708167728125005 ], [ -73.981639209570304, 40.708208321875006 ], [ -73.981394189062499, 40.708250259374999 ], [ -73.981153860937496, 40.708293540625 ], [ -73.980918225195325, 40.708338165624994 ], [ -73.980687281835941, 40.708384134374988 ], [ -73.980461030859374, 40.708431446874989 ], [ -73.980239472265623, 40.708480103124991 ], [ -73.980022606054689, 40.708530103124993 ], [ -73.979810432226571, 40.708581446874994 ], [ -73.979602950781256, 40.708634134374996 ], [ -73.979400161718743, 40.708688165624999 ], [ -73.979202065039061, 40.708743540625001 ], [ -73.979008660742196, 40.708800259375003 ], [ -73.978819948828132, 40.708858321874999 ], [ -73.978635929296885, 40.708917728125002 ], [ -73.978456602148441, 40.708978478124997 ], [ -73.978281967382827, 40.709040571875001 ], [ -73.978112025, 40.709104009375004 ], [ -73.977946775, 40.709168790625 ], [ -73.977784318945297, 40.709233693945315 ], [ -73.977624656835928, 40.709298719335941 ], [ -73.977467788671859, 40.709363866796878 ], [ -73.977313714453118, 40.709429136328133 ], [ -73.977162434179675, 40.709494527929692 ], [ -73.977013947851546, 40.709560041601563 ], [ -73.97686825546873, 40.709625677343752 ], [ -73.976725357031256, 40.709691435156259 ], [ -73.976585252539067, 40.70975731503907 ], [ -73.976447941992191, 40.709823316992193 ], [ -73.976313425390629, 40.709889441015633 ], [ -73.97618170273438, 40.709955687109378 ], [ -73.976052774023444, 40.710022055273441 ], [ -73.975926639257807, 40.710088545507816 ], [ -73.975803298437498, 40.710155157812501 ], [ -73.975682751562488, 40.710221892187505 ], [ -73.975564998632805, 40.710288748632813 ], [ -73.975450039648422, 40.710355727148439 ], [ -73.975337874609352, 40.710422827734376 ], [ -73.975228503515609, 40.710490050390625 ], [ -73.97512192636718, 40.710557395117192 ], [ -73.97501814316405, 40.710624861914063 ], [ -73.974917153906247, 40.710692450781252 ], [ -73.97481895859373, 40.710760161718746 ], [ -73.974723557226554, 40.710827994726557 ], [ -73.974630949804677, 40.71089594980468 ], [ -73.974541136328128, 40.710964026953121 ], [ -73.974454116796863, 40.711032226171874 ], [ -73.974369891210927, 40.71110054746093 ], [ -73.974288459570317, 40.711168990820312 ], [ -73.974209821874993, 40.711237556249998 ], [ -73.974133978124996, 40.711306243750002 ], [ -73.974057416601553, 40.711381694921883 ], [ -73.973980137304679, 40.711463909765627 ], [ -73.973902140234372, 40.711552888281254 ], [ -73.97382342539062, 40.711648630468751 ], [ -73.973743992773436, 40.711751136328125 ], [ -73.973663842382805, 40.711860405859376 ], [ -73.973582974218743, 40.711976439062504 ], [ -73.97350138828125, 40.712099235937508 ], [ -73.97341908457031, 40.712228796484382 ], [ -73.973336063085924, 40.71236512070314 ], [ -73.97325232382812, 40.712508208593761 ], [ -73.973167866796871, 40.712658060156258 ], [ -73.973082691992175, 40.712814675390632 ], [ -73.972996799414062, 40.712978054296883 ], [ -73.972910189062503, 40.713148196875011 ], [ -73.972822860937498, 40.713325103125001 ], [ -73.972734815039061, 40.713508773046883 ], [ -73.972646051367192, 40.713699206640626 ], [ -73.972556569921878, 40.713896403906254 ], [ -73.972466370703131, 40.714100364843759 ], [ -73.972375453710939, 40.714311089453133 ], [ -73.972283818945314, 40.714528577734377 ], [ -73.972191466406258, 40.714752829687505 ], [ -73.972098396093756, 40.714983845312503 ], [ -73.972004608007822, 40.715221624609384 ], [ -73.971910102148442, 40.715466167578128 ], [ -73.97181487851563, 40.715717474218749 ], [ -73.971718937109387, 40.715975544531261 ], [ -73.971622277929697, 40.716240378515636 ], [ -73.971524900976561, 40.71651197617188 ], [ -73.971426806250008, 40.716790337500001 ], [ -73.971327993749995, 40.717075462500006 ], [ -73.971232540624996, 40.71736174570313 ], [ -73.971140446874998, 40.717649187109373 ], [ -73.9710517125, 40.71793778671875 ], [ -73.970966337500002, 40.718227544531246 ], [ -73.970884321875005, 40.718518460546875 ], [ -73.970805665625008, 40.718810534765623 ], [ -73.970730368749997, 40.719103767187498 ], [ -73.970658431250001, 40.719398157812499 ], [ -73.970589853124991, 40.719693706640626 ], [ -73.970524634374996, 40.719990413671873 ], [ -73.970462775, 40.720288278906246 ], [ -73.970404275, 40.720587302343752 ], [ -73.970349134375013, 40.72088748398437 ], [ -73.970297353125005, 40.721188823828122 ], [ -73.970248931249998, 40.721491321874993 ], [ -73.970203868750005, 40.721794978125004 ], [ -73.970162165624998, 40.722099792578128 ], [ -73.970123821874992, 40.722405765234377 ], [ -73.970088837500001, 40.722712896093753 ], [ -73.970057212499995, 40.723021185156242 ], [ -73.970028946875004, 40.72333063242187 ], [ -73.970004040625, 40.723641237890618 ], [ -73.969982493749995, 40.723953001562499 ], [ -73.969964306250006, 40.724265923437493 ], [ -73.969949478125002, 40.724580003515619 ], [ -73.969938009374999, 40.724895241796872 ], [ -73.9699299, 40.725211638281245 ], [ -73.96992515, 40.725529192968743 ], [ -73.969923759375007, 40.725847905859368 ], [ -73.969925728124991, 40.726167776953119 ], [ -73.969931056250005, 40.726488806249996 ], [ -73.969939743750004, 40.72681099375 ], [ -73.969950925390634, 40.727123282812499 ], [ -73.969964601171881, 40.727425673437502 ], [ -73.969980771093759, 40.727718165624999 ], [ -73.969999435156268, 40.728000759375 ], [ -73.970020593359394, 40.728273454687503 ], [ -73.97004424570315, 40.728536251562502 ], [ -73.970070392187509, 40.72878915 ], [ -73.970099032812513, 40.72903215 ], [ -73.970130167578134, 40.729265251562502 ], [ -73.970163796484371, 40.729488454687498 ], [ -73.970199919531254, 40.729701759374997 ], [ -73.970238536718753, 40.729905165624999 ], [ -73.970279648046869, 40.730098673437496 ], [ -73.97032325351563, 40.730282282812503 ], [ -73.970369353125008, 40.730455993750006 ], [ -73.970417946875003, 40.730619806249997 ], [ -73.970469034765642, 40.730773720312499 ], [ -73.970522616796885, 40.730917735937503 ], [ -73.970578692968758, 40.731051853125003 ], [ -73.970637263281247, 40.731176071875005 ], [ -73.970698327734382, 40.731290392187503 ], [ -73.970761886328134, 40.731394814062512 ], [ -73.970827939062502, 40.731489337500008 ], [ -73.970896485937516, 40.731573962500008 ], [ -73.970967526953132, 40.73164868906251 ], [ -73.971041062109379, 40.731713517187501 ], [ -73.971117091406256, 40.731768446875009 ], [ -73.971195614843751, 40.731813478125005 ], [ -73.971276632421876, 40.731848610937504 ], [ -73.971360144140633, 40.731873845312506 ], [ -73.97144615, 40.731889181249997 ], [ -73.97153465, 40.731894618750005 ], [ -73.971617618750003, 40.731899716406247 ], [ -73.971695056249985, 40.731904474218751 ], [ -73.971766962499998, 40.731908892187498 ], [ -73.971833337499987, 40.7319129703125 ], [ -73.971894181249993, 40.731916708593751 ], [ -73.971949493749989, 40.73192010703125 ], [ -73.971999274999988, 40.731923165624998 ], [ -73.972043524999989, 40.731925884374995 ], [ -73.972082243749995, 40.731928263281247 ], [ -73.972115431249989, 40.731930302343741 ], [ -73.972143087499987, 40.731932001562498 ], [ -73.972165212500002, 40.731933360937504 ], [ -73.972181806250006, 40.731934380468751 ], [ -73.97219286875, 40.731935060156246 ], [ -73.9721984, 40.7319354 ], [ -73.9721984, 40.7319354 ], [ -73.97219286875, 40.731935060156246 ], [ -73.972181806250006, 40.731934380468751 ], [ -73.972165212500002, 40.731933360937504 ], [ -73.972143087499987, 40.731932001562498 ], [ -73.972115431249989, 40.731930302343741 ], [ -73.972082243749995, 40.731928263281247 ], [ -73.972043524999989, 40.731925884374995 ], [ -73.971999274999988, 40.731923165624998 ], [ -73.971949493749989, 40.73192010703125 ], [ -73.971894181249993, 40.731916708593751 ], [ -73.971833337499987, 40.7319129703125 ], [ -73.971766962499998, 40.731908892187498 ], [ -73.971695056249985, 40.731904474218751 ], [ -73.971617618750003, 40.731899716406247 ], [ -73.97153465, 40.731894618750005 ], [ -73.97144615, 40.731889181249997 ], [ -73.971358883398437, 40.731895117773441 ], [ -73.971272850195319, 40.731912428320321 ], [ -73.971188050390623, 40.731941112890638 ], [ -73.971104483984362, 40.731981171484378 ], [ -73.971022150976552, 40.732032604101569 ], [ -73.970941051367191, 40.732095410742197 ], [ -73.970861185156252, 40.732169591406262 ], [ -73.970782552343763, 40.732255146093749 ], [ -73.970705152929696, 40.732352074804687 ], [ -73.970628986914079, 40.732460377539063 ], [ -73.970554054296883, 40.732580054296875 ], [ -73.970480355078138, 40.732711105078131 ], [ -73.970407889257814, 40.732853529882817 ], [ -73.97033665683594, 40.733007328710947 ], [ -73.970266657812502, 40.733172501562507 ], [ -73.970197892187514, 40.733349048437503 ], [ -73.970130359960947, 40.733536969335944 ], [ -73.970064061132831, 40.733736264257814 ], [ -73.969998995703136, 40.733946933203129 ], [ -73.969935163671892, 40.73416897617188 ], [ -73.969872565039083, 40.734402393164068 ], [ -73.969811199804695, 40.734647184179686 ], [ -73.969751067968758, 40.734903349218754 ], [ -73.969692169531271, 40.735170888281253 ], [ -73.969634504492205, 40.735449801367196 ], [ -73.969578072851576, 40.735740088476561 ], [ -73.969522874609396, 40.736041749609377 ], [ -73.969468909765624, 40.736354784765631 ], [ -73.969416178320316, 40.736679193945321 ], [ -73.969364680273443, 40.737014977148441 ], [ -73.969314415625007, 40.737362134375005 ], [ -73.969265384375007, 40.737720665624998 ], [ -73.969220043554685, 40.738068611914059 ], [ -73.969178393164071, 40.73840597324218 ], [ -73.969140433203137, 40.738732749609369 ], [ -73.969106163671881, 40.739048941015625 ], [ -73.969075584570334, 40.739354547460941 ], [ -73.969048695898437, 40.739649568945318 ], [ -73.969025497656247, 40.739934005468754 ], [ -73.969005989843765, 40.740207857031251 ], [ -73.968990172460948, 40.740471123632815 ], [ -73.968978045507811, 40.740723805273433 ], [ -73.968969608984381, 40.740965901953125 ], [ -73.968964862890616, 40.741197413671877 ], [ -73.968963807226558, 40.741418340429689 ], [ -73.968966441992194, 40.741628682226569 ], [ -73.968972767187495, 40.741828439062502 ], [ -73.968982782812503, 40.742017610937502 ], [ -73.968996488867191, 40.742196197851563 ], [ -73.969013885351558, 40.74236419980469 ], [ -73.969034972265632, 40.742521616796878 ], [ -73.969059749609357, 40.742668448828127 ], [ -73.96908821738279, 40.742804695898442 ], [ -73.969120375585931, 40.742930358007811 ], [ -73.969156224218736, 40.743045435156247 ], [ -73.969195763281235, 40.743149927343751 ], [ -73.969238992773427, 40.743243834570308 ], [ -73.969285912695284, 40.743327156835932 ], [ -73.969336523046849, 40.743399894140623 ], [ -73.969390823828121, 40.743462046484375 ], [ -73.969448815039058, 40.743513613867187 ], [ -73.969510496679675, 40.743554596289059 ], [ -73.969575868749985, 40.743584993749998 ], [ -73.969644931250002, 40.743604806250005 ], [ -73.969709677343758, 40.743623380468755 ], [ -73.969770107031252, 40.743640716406254 ], [ -73.969826220312498, 40.743656814062504 ], [ -73.969878017187497, 40.743671673437504 ], [ -73.969925497656249, 40.743685294531254 ], [ -73.969968661718752, 40.743697677343754 ], [ -73.970007509374994, 40.743708821875003 ], [ -73.970042040624989, 40.743718728125003 ], [ -73.97007225546875, 40.743727396093753 ], [ -73.970098153906235, 40.743734825781253 ], [ -73.970119735937487, 40.743741017187503 ], [ -73.970137001562478, 40.743745970312503 ], [ -73.970149950781234, 40.743749685156253 ], [ -73.970158583593744, 40.743752161718753 ], [ -73.9701629, 40.7437534 ], [ -73.9701629, 40.7437534 ], [ -73.970158583593744, 40.743752161718753 ], [ -73.970149950781234, 40.743749685156253 ], [ -73.970137001562478, 40.743745970312503 ], [ -73.970119735937487, 40.743741017187503 ], [ -73.970098153906235, 40.743734825781253 ], [ -73.97007225546875, 40.743727396093753 ], [ -73.970042040624989, 40.743718728125003 ], [ -73.970007509374994, 40.743708821875003 ], [ -73.969968661718752, 40.743697677343754 ], [ -73.969925497656249, 40.743685294531254 ], [ -73.969878017187497, 40.743671673437504 ], [ -73.969826220312498, 40.743656814062504 ], [ -73.969770107031252, 40.743640716406254 ], [ -73.969709677343758, 40.743623380468755 ], [ -73.969644931250002, 40.743604806250005 ], [ -73.969575868749985, 40.743584993749998 ], [ -73.969497009277333, 40.743580242773433 ], [ -73.969408352832019, 40.74359055332031 ], [ -73.969309899414043, 40.743615925390621 ], [ -73.969201649023432, 40.743656358984374 ], [ -73.969083601660145, 40.743711854101562 ], [ -73.96895575732421, 40.743782410742185 ], [ -73.968818116015626, 40.743868028906249 ], [ -73.968670677734366, 40.743968708593748 ], [ -73.968513442480457, 40.744084449804689 ], [ -73.968346410253901, 40.744215252539064 ], [ -73.968169581054696, 40.744361116796874 ], [ -73.967982954882814, 40.744522042578126 ], [ -73.967786531738284, 40.744698029882812 ], [ -73.967580311621106, 40.744889078710941 ], [ -73.967364294531251, 40.745095189062503 ], [ -73.967138480468748, 40.745316360937501 ], [ -73.966902869433596, 40.745552594335933 ], [ -73.966657461425768, 40.745803889257814 ], [ -73.966402256445306, 40.746070245703123 ], [ -73.966137254492182, 40.746351663671874 ], [ -73.965862455566395, 40.746648143164066 ], [ -73.965577859667974, 40.746959684179686 ], [ -73.965283466796876, 40.747286286718747 ], [ -73.96497927695313, 40.747627950781251 ], [ -73.964665290136736, 40.747984676367182 ], [ -73.964341506347665, 40.748356463476554 ], [ -73.964007925585946, 40.748743312109369 ], [ -73.963664547851579, 40.749145222265625 ], [ -73.963311373144535, 40.749562193945309 ], [ -73.962948401464843, 40.749994227148434 ], [ -73.962575632812502, 40.750441321875002 ], [ -73.962193067187513, 40.750903478124997 ], [ -73.961806275097672, 40.751370506445312 ], [ -73.961415256542978, 40.751842406835941 ], [ -73.961020011523445, 40.752319179296876 ], [ -73.960620540039059, 40.752800823828132 ], [ -73.960216842089849, 40.753287340429694 ], [ -73.959808917675772, 40.753778729101569 ], [ -73.959396766796871, 40.754274989843758 ], [ -73.958980389453146, 40.754776122656246 ], [ -73.958559785644553, 40.755282127539061 ], [ -73.958134955371108, 40.755793004492183 ], [ -73.957705898632824, 40.756308753515626 ], [ -73.957272615429702, 40.756829374609381 ], [ -73.956835105761726, 40.757354867773444 ], [ -73.956393369628913, 40.757885233007812 ], [ -73.95594740703126, 40.758420470312501 ], [ -73.955497217968755, 40.758960579687503 ], [ -73.955042802441412, 40.759505561132812 ], [ -73.95458416044923, 40.760055414648441 ], [ -73.954121291992195, 40.760610140234377 ], [ -73.953654197070321, 40.761169737890626 ], [ -73.953182875683609, 40.761734207617188 ], [ -73.952707327832044, 40.762303549414057 ], [ -73.952227553515641, 40.762877763281246 ], [ -73.951743552734385, 40.763456849218748 ], [ -73.95125532548829, 40.764040807226564 ], [ -73.950762871777343, 40.764629637304687 ], [ -73.950266191601557, 40.765223339453122 ], [ -73.949765284960947, 40.765821913671878 ], [ -73.949260151855469, 40.766425359960941 ], [ -73.948750792285168, 40.76703367832031 ], [ -73.948237206250013, 40.767646868749999 ], [ -73.947719393749992, 40.768264931250002 ], [ -73.947220168164051, 40.768863317968751 ], [ -73.946739529492191, 40.769442028906255 ], [ -73.94627747773437, 40.770001064062505 ], [ -73.945834012890629, 40.770540423437502 ], [ -73.94540913496094, 40.771060107031246 ], [ -73.945002843945318, 40.771560114843751 ], [ -73.944615139843748, 40.772040446874996 ], [ -73.944246022656259, 40.772501103124995 ], [ -73.943895492382822, 40.772942083593747 ], [ -73.943563549023438, 40.77336338828124 ], [ -73.943250192578134, 40.773765017187493 ], [ -73.942955423046882, 40.774146970312493 ], [ -73.942679240429698, 40.774509247656241 ], [ -73.942421644726565, 40.774851849218749 ], [ -73.942182635937499, 40.775174775 ], [ -73.941962214062499, 40.775478025 ], [ -73.941760379101552, 40.775761599218754 ], [ -73.941577131054686, 40.776025497656249 ], [ -73.941412469921872, 40.776269720312499 ], [ -73.941266395703124, 40.776494267187502 ], [ -73.941138908398443, 40.776699138281245 ], [ -73.9410300080078, 40.776884333593742 ], [ -73.940939694531238, 40.777049853124993 ], [ -73.940867967968757, 40.777195696874998 ], [ -73.940814828320313, 40.777321864843749 ], [ -73.940780275585936, 40.777428357031248 ], [ -73.940764309765626, 40.7775151734375 ], [ -73.940766930859368, 40.777582314062499 ], [ -73.940788138867177, 40.777629778906253 ], [ -73.940827933789066, 40.777657567968753 ], [ -73.940886315624994, 40.777665681249999 ], [ -73.940963284375002, 40.77765411875 ], [ -73.941035442578126, 40.777643278906247 ], [ -73.941102790234368, 40.777633161718747 ], [ -73.941165327343754, 40.777623767187499 ], [ -73.941223053906242, 40.777615095312498 ], [ -73.941275969921875, 40.777607146093757 ], [ -73.941324075390625, 40.777599919531255 ], [ -73.941367370312491, 40.777593415625006 ], [ -73.941405854687503, 40.777587634374996 ], [ -73.941439528515616, 40.777582575781253 ], [ -73.941468391796874, 40.777578239843749 ], [ -73.941492444531249, 40.777574626562505 ], [ -73.941511686718741, 40.777571735937499 ], [ -73.941526118359377, 40.777569567968754 ], [ -73.941535739453116, 40.777568122656248 ], [ -73.94154055, 40.7775674 ], [ -73.94154055, 40.7775674 ], [ -73.941535739453116, 40.777568122656248 ], [ -73.941526118359377, 40.777569567968754 ], [ -73.941511686718741, 40.777571735937499 ], [ -73.941492444531249, 40.777574626562505 ], [ -73.941468391796874, 40.777578239843749 ], [ -73.941439528515616, 40.777582575781253 ], [ -73.941405854687503, 40.777587634374996 ], [ -73.941367370312491, 40.777593415625006 ], [ -73.941324075390625, 40.777599919531255 ], [ -73.941275969921875, 40.777607146093757 ], [ -73.941223053906242, 40.777615095312498 ], [ -73.941165327343754, 40.777623767187499 ], [ -73.941102790234368, 40.777633161718747 ], [ -73.941035442578126, 40.777643278906247 ], [ -73.940963284375002, 40.77765411875 ], [ -73.940886315624994, 40.777665681249999 ], [ -73.940799084179687, 40.777678760351563 ], [ -73.940701590039055, 40.777693356054691 ], [ -73.940593833203124, 40.777709468359376 ], [ -73.940475813671881, 40.777727097265625 ], [ -73.940347531445326, 40.777746242773439 ], [ -73.94020898652343, 40.77776690488281 ], [ -73.940060178906251, 40.777789083593753 ], [ -73.939901108593745, 40.777812778906245 ], [ -73.93973177558594, 40.777837990820309 ], [ -73.93955217988281, 40.777864719335938 ], [ -73.939362321484367, 40.777892964453123 ], [ -73.939162200390626, 40.777922726171873 ], [ -73.938951816601559, 40.777954004492187 ], [ -73.938731170117194, 40.777986799414059 ], [ -73.938500260937502, 40.778021110937495 ], [ -73.938259089062498, 40.778056939062502 ], [ -73.938007654492196, 40.778094283789059 ], [ -73.937745957226554, 40.778133145117188 ], [ -73.937473997265627, 40.778173523046874 ], [ -73.937191774609374, 40.778215417578124 ], [ -73.936899289257823, 40.778258828710939 ], [ -73.936596541210932, 40.778303756445311 ], [ -73.936283530468756, 40.778350200781254 ], [ -73.935960257031255, 40.778398161718748 ], [ -73.935626720898455, 40.778447639257813 ], [ -73.935282922070314, 40.778498633398442 ], [ -73.934928860546876, 40.778551144140629 ], [ -73.934564536328139, 40.778605171484379 ], [ -73.934189949414076, 40.778660715429695 ], [ -73.933805099804687, 40.77871777597656 ], [ -73.933409987499999, 40.778776353124996 ], [ -73.9330046125, 40.778836446875005 ], [ -73.93259659199218, 40.778907415625 ], [ -73.932185925976555, 40.778989259374995 ], [ -73.931772614453124, 40.779081978124992 ], [ -73.931356657421858, 40.779185571875004 ], [ -73.930938054882802, 40.779300040625003 ], [ -73.930516806835939, 40.779425384375003 ], [ -73.930092913281243, 40.779561603125003 ], [ -73.929666374218755, 40.779708696875005 ], [ -73.929237189648433, 40.779866665625008 ], [ -73.928805359570305, 40.780035509375011 ], [ -73.928370883984371, 40.780215228125009 ], [ -73.927933762890632, 40.780405821875 ], [ -73.927493996289058, 40.780607290624999 ], [ -73.927051584179694, 40.780819634375007 ], [ -73.926606526562495, 40.781042853125001 ], [ -73.926158823437504, 40.781276946875003 ], [ -73.925708474804679, 40.781521915625 ], [ -73.925255480664063, 40.781777759375004 ], [ -73.924799841015627, 40.782044478125002 ], [ -73.924341555859371, 40.782322071875001 ], [ -73.923880625195309, 40.782610540625001 ], [ -73.923417049023428, 40.782909884375002 ], [ -73.92295082734374, 40.783220103125004 ], [ -73.922481960156247, 40.783541196874999 ], [ -73.922010447460934, 40.783873165625003 ], [ -73.921536289257816, 40.784216009375001 ], [ -73.921059485546877, 40.784569728125007 ], [ -73.920580036328118, 40.784934321874999 ], [ -73.920097941601568, 40.785309790625 ], [ -73.919613201367184, 40.785696134375002 ], [ -73.919125815624994, 40.786093353124997 ], [ -73.918635784374999, 40.786501446875008 ], [ -73.918150800878891, 40.786901427343757 ], [ -73.917670865136714, 40.787293294531253 ], [ -73.917195977148438, 40.787677048437502 ], [ -73.91672613691405, 40.788052689062503 ], [ -73.916261344433593, 40.788420216406251 ], [ -73.915801599707024, 40.788779630468753 ], [ -73.91534690273437, 40.78913093125 ], [ -73.914897253515619, 40.789474118750007 ], [ -73.91445265205077, 40.789809192968754 ], [ -73.914013098339836, 40.790136153906253 ], [ -73.913578592382805, 40.790455001562506 ], [ -73.913149134179676, 40.790765735937498 ], [ -73.912724723730463, 40.79106835703125 ], [ -73.912305361035152, 40.791362864843748 ], [ -73.911891046093743, 40.791649259374999 ], [ -73.911481778906236, 40.791927540625004 ], [ -73.911077559472645, 40.792197708593747 ], [ -73.91067838779297, 40.792459763281251 ], [ -73.910284263867183, 40.7927137046875 ], [ -73.909895187695298, 40.792959532812503 ], [ -73.909511159277329, 40.793197247656252 ], [ -73.909132178613277, 40.793426849218747 ], [ -73.908758245703126, 40.793648337500002 ], [ -73.908389360546863, 40.793861712499996 ], [ -73.908025523144516, 40.794066974218751 ], [ -73.907666733496086, 40.794264122656244 ], [ -73.907312991601557, 40.794453157812498 ], [ -73.906964297460931, 40.794634079687498 ], [ -73.906620651074206, 40.794806888281244 ], [ -73.906282052441412, 40.79497158359375 ], [ -73.905948501562506, 40.795128165625002 ], [ -73.905619998437487, 40.795276634375 ], [ -73.905292126269529, 40.795423201757814 ], [ -73.904964885058604, 40.795567867773443 ], [ -73.904638274804697, 40.795710632421873 ], [ -73.904312295507808, 40.795851495703133 ], [ -73.903986947167965, 40.795990457617194 ], [ -73.903662229785155, 40.796127518164063 ], [ -73.903338143359377, 40.796262677343748 ], [ -73.903014687890618, 40.796395935156255 ], [ -73.902691863378905, 40.796527291601564 ], [ -73.902369669824211, 40.796656746679687 ], [ -73.902048107226562, 40.796784300390627 ], [ -73.901727175585933, 40.796909952734374 ], [ -73.901406874902349, 40.797033703710937 ], [ -73.901087205175784, 40.797155553320316 ], [ -73.900768166406252, 40.797275501562503 ], [ -73.900449758593751, 40.797393548437498 ], [ -73.900131981738284, 40.797509693945315 ], [ -73.899814835839848, 40.797623938085934 ], [ -73.899498320898445, 40.797736280859375 ], [ -73.899182436914074, 40.797846722265625 ], [ -73.898867183886722, 40.797955262304683 ], [ -73.898552561816416, 40.798061900976563 ], [ -73.898238570703128, 40.798166638281245 ], [ -73.897925210546873, 40.798269474218749 ], [ -73.897612481347664, 40.798370408789062 ], [ -73.89730038310546, 40.798469441992182 ], [ -73.896988915820302, 40.798566573828118 ], [ -73.89667807949219, 40.79866180429687 ], [ -73.896367874121097, 40.79875513339843 ], [ -73.896058299707022, 40.798846561132812 ], [ -73.895749356249993, 40.798936087499996 ], [ -73.895441043749997, 40.799023712500002 ], [ -73.895135895312492, 40.799107803320311 ], [ -73.894833910937493, 40.799188359960937 ], [ -73.894535090624998, 40.799265382421879 ], [ -73.894239434374995, 40.799338870703124 ], [ -73.893946942187497, 40.799408824804686 ], [ -73.893657614062505, 40.799475244726565 ], [ -73.893371449999989, 40.799538130468747 ], [ -73.89308845, 40.799597482031253 ], [ -73.892808614062488, 40.799653299414068 ], [ -73.892531942187475, 40.799705582617186 ], [ -73.89225843437498, 40.799754331640628 ], [ -73.891988090624992, 40.799799546484373 ], [ -73.891720910937494, 40.799841227148434 ], [ -73.891456895312487, 40.799879373632805 ], [ -73.891196043749986, 40.799913985937494 ], [ -73.89093835624999, 40.799945064062499 ], [ -73.890683832812485, 40.799972608007813 ], [ -73.890432473437485, 40.799996617773438 ], [ -73.890184278124991, 40.800017093359372 ], [ -73.889939246874988, 40.800034034765631 ], [ -73.88969737968749, 40.800047441992191 ], [ -73.889458676562498, 40.800057315039069 ], [ -73.889223137499997, 40.800063653906257 ], [ -73.888990762499972, 40.800066458593754 ], [ -73.888761551562467, 40.800065729101561 ], [ -73.888535504687482, 40.800061465429692 ], [ -73.888312621874974, 40.800053667578126 ], [ -73.888092903124985, 40.800042335546877 ], [ -73.887876348437487, 40.800027469335937 ], [ -73.887662957812495, 40.800009068945315 ], [ -73.887452731249994, 40.799987134375002 ], [ -73.887245668749983, 40.799961665624998 ], [ -73.887033863085918, 40.799935153906247 ], [ -73.886817314257797, 40.799907599218741 ], [ -73.886596022265621, 40.799879001562495 ], [ -73.886369987109362, 40.7998493609375 ], [ -73.886139208789061, 40.799818677343751 ], [ -73.885903687304676, 40.799786950781247 ], [ -73.885663422656236, 40.799754181249995 ], [ -73.885418414843741, 40.799720368750002 ], [ -73.885168663867177, 40.799685513281247 ], [ -73.884914169726557, 40.799649614843752 ], [ -73.884654932421867, 40.799612673437501 ], [ -73.884390951953122, 40.799574689062496 ], [ -73.884122228320308, 40.79953566171875 ], [ -73.883848761523424, 40.799495591406249 ], [ -73.883570551562485, 40.799454478125 ], [ -73.883287598437505, 40.799412321875003 ], [ -73.882999902148441, 40.799369122656252 ], [ -73.882707462695322, 40.799324880468752 ], [ -73.882410280078119, 40.799279595312505 ], [ -73.882108354296875, 40.799233267187503 ], [ -73.881801685351562, 40.799185896093753 ], [ -73.881490273242193, 40.799137482031256 ], [ -73.881174117968754, 40.799088025 ], [ -73.880853219531247, 40.79903752500001 ], [ -73.880527577929684, 40.798985982031262 ], [ -73.880197193164065, 40.798933396093759 ], [ -73.879862065234377, 40.798879767187515 ], [ -73.87952219414062, 40.798825095312509 ], [ -73.879177579882821, 40.798769380468755 ], [ -73.878828222460939, 40.798712622656254 ], [ -73.878474121875001, 40.798654821875004 ], [ -73.878115278124994, 40.798595978125007 ], [ -73.877743585742181, 40.798543903906257 ], [ -73.87735904472656, 40.798498599218753 ], [ -73.876961655078119, 40.798460064062503 ], [ -73.876551416796872, 40.7984282984375 ], [ -73.876128329882803, 40.798403302343758 ], [ -73.875692394335942, 40.798385075781255 ], [ -73.875243610156247, 40.798373618750006 ], [ -73.874781977343758, 40.798368931249996 ], [ -73.874307495898449, 40.798371013281248 ], [ -73.87382016582032, 40.798379864843753 ], [ -73.873319987109397, 40.798395485937505 ], [ -73.872806959765626, 40.798417876562496 ], [ -73.872281083789062, 40.798447036718748 ], [ -73.871742359179706, 40.798482966406247 ], [ -73.8711907859375, 40.798525665624993 ], [ -73.870626364062502, 40.798575134375 ], [ -73.870049093554684, 40.798631372656246 ], [ -73.869458974414044, 40.798694380468746 ], [ -73.868856006640613, 40.798764157812499 ], [ -73.868240190234374, 40.798840704687493 ], [ -73.867611525195315, 40.798924021093747 ], [ -73.866970011523435, 40.799014107031248 ], [ -73.866315649218748, 40.799110962499995 ], [ -73.865648438281241, 40.799214587500003 ], [ -73.864968378710927, 40.799324982031251 ], [ -73.864275470507806, 40.799442146093753 ], [ -73.863569713671865, 40.799566079687509 ], [ -73.862851108203117, 40.799696782812504 ], [ -73.862119654101548, 40.799834255468753 ], [ -73.861375351367187, 40.799978497656255 ], [ -73.8606182, 40.800129509375004 ], [ -73.859848199999988, 40.800287290625 ], [ -73.859103018359377, 40.80044157578125 ], [ -73.858382655078117, 40.800592364843752 ], [ -73.857687110156249, 40.8007396578125 ], [ -73.857016383593745, 40.800883454687508 ], [ -73.856370475390619, 40.801023755468755 ], [ -73.855749385546872, 40.801160560156255 ], [ -73.855153114062489, 40.801293868750008 ], [ -73.854581660937498, 40.801423681250007 ], [ -73.854035026171857, 40.801549997656259 ], [ -73.853513209765623, 40.801672817968758 ], [ -73.853016211718739, 40.801792142187509 ], [ -73.852544032031233, 40.801907970312506 ], [ -73.852096670703105, 40.802020302343756 ], [ -73.851674127734356, 40.802129138281252 ], [ -73.851276403124984, 40.802234478125001 ], [ -73.850903496874992, 40.802336321875003 ], [ -73.850555408984377, 40.802434669531252 ], [ -73.850232139453112, 40.80252952109376 ], [ -73.84993368828124, 40.802620876562507 ], [ -73.849660055468746, 40.802708735937507 ], [ -73.849411241015616, 40.802793099218761 ], [ -73.849187244921879, 40.802873966406253 ], [ -73.848988067187491, 40.802951337500005 ], [ -73.848813707812496, 40.803025212500003 ], [ -73.848664166796866, 40.803095591406247 ], [ -73.848539444140613, 40.803162474218752 ], [ -73.848439539843739, 40.803225860937502 ], [ -73.848364453906257, 40.803285751562498 ], [ -73.848314186328139, 40.803342146093755 ], [ -73.848288737109385, 40.803395044531257 ], [ -73.84828810625001, 40.803444446875005 ], [ -73.848312293749984, 40.803490353125 ], [ -73.848334969531237, 40.803533390234378 ], [ -73.84835613359374, 40.803573558203134 ], [ -73.848375785937492, 40.803610857031259 ], [ -73.848393926562494, 40.803645286718748 ], [ -73.848410555468746, 40.803676847265621 ], [ -73.848425672656248, 40.803705538671878 ], [ -73.848439278124999, 40.803731360937498 ], [ -73.848451371875001, 40.803754314062495 ], [ -73.848461953906252, 40.803774398046869 ], [ -73.848471024218753, 40.80379161289062 ], [ -73.848478582812504, 40.803805958593749 ], [ -73.848484629687505, 40.803817435156247 ], [ -73.848489164843755, 40.803826042578123 ], [ -73.848492188281256, 40.803831780859376 ], [ -73.8484937, 40.80383465 ], [ -73.8484937, 40.80383465 ], [ -73.848492188281256, 40.803831780859376 ], [ -73.848489164843755, 40.803826042578123 ], [ -73.848484629687505, 40.803817435156247 ], [ -73.848478582812504, 40.803805958593749 ], [ -73.848471024218753, 40.80379161289062 ], [ -73.848461953906252, 40.803774398046869 ], [ -73.848451371875001, 40.803754314062495 ], [ -73.848439278124999, 40.803731360937498 ], [ -73.848425672656248, 40.803705538671878 ], [ -73.848410555468746, 40.803676847265621 ], [ -73.848393926562494, 40.803645286718748 ], [ -73.848375785937492, 40.803610857031259 ], [ -73.84835613359374, 40.803573558203134 ], [ -73.848334969531237, 40.803533390234378 ], [ -73.848312293749984, 40.803490353125 ], [ -73.84828810625001, 40.803444446875005 ], [ -73.848254778027353, 40.803401357031248 ], [ -73.848212309082044, 40.803361083593749 ], [ -73.848160699414066, 40.803323626562502 ], [ -73.848099949023435, 40.803288985937499 ], [ -73.848030057910151, 40.803257161718754 ], [ -73.847951026074213, 40.803228153906254 ], [ -73.847862853515622, 40.803201962500005 ], [ -73.847765540234363, 40.803178587500007 ], [ -73.847659086230465, 40.80315802890626 ], [ -73.847543491503899, 40.803140286718758 ], [ -73.84741875605468, 40.803125360937507 ], [ -73.847284879882793, 40.803113251562515 ], [ -73.847141862988266, 40.803103958593766 ], [ -73.846989705371087, 40.803097482031262 ], [ -73.846828407031239, 40.803093821875009 ], [ -73.846657967968753, 40.803092978125008 ], [ -73.846478388183584, 40.803094950781258 ], [ -73.846289667675791, 40.803099739843759 ], [ -73.846091806445315, 40.803107345312505 ], [ -73.845884804492187, 40.803117767187501 ], [ -73.845668661816404, 40.803131005468757 ], [ -73.845443378417968, 40.803147060156249 ], [ -73.845208954296879, 40.80316593125 ], [ -73.844965389453137, 40.803187618750002 ], [ -73.84471268388674, 40.803212122656248 ], [ -73.844450837597662, 40.803239442968753 ], [ -73.844179850585945, 40.803269579687502 ], [ -73.843899722851575, 40.803302532812502 ], [ -73.843610454394536, 40.803338302343754 ], [ -73.843312045214859, 40.80337688828125 ], [ -73.843004495312499, 40.803418290624997 ], [ -73.8426878046875, 40.803462509375002 ], [ -73.842380532128885, 40.803506622656251 ], [ -73.842082677636711, 40.803550630468749 ], [ -73.84179424121092, 40.803594532812504 ], [ -73.841515222851569, 40.803638329687502 ], [ -73.841245622558603, 40.803682021093749 ], [ -73.84098544033202, 40.803725607031254 ], [ -73.840734676171877, 40.803769087500001 ], [ -73.840493330078118, 40.803812462499998 ], [ -73.840261402050785, 40.803855732031252 ], [ -73.840038892089837, 40.803898896093749 ], [ -73.8398258001953, 40.803941954687495 ], [ -73.839622126367189, 40.803984907812499 ], [ -73.839427870605476, 40.804027755468745 ], [ -73.839243032910161, 40.804070497656241 ], [ -73.839067613281259, 40.804113134374994 ], [ -73.83890161171874, 40.804155665624997 ], [ -73.83874454970703, 40.804199367773435 ], [ -73.838596427246088, 40.80424424082031 ], [ -73.838457244335927, 40.804290284765621 ], [ -73.838327000976562, 40.804337499609368 ], [ -73.838205697167979, 40.80438588535155 ], [ -73.838093332910148, 40.804435441992183 ], [ -73.837989908203127, 40.804486169531245 ], [ -73.837895423046874, 40.80453806796875 ], [ -73.837808441894538, 40.804594966406242 ], [ -73.837728964746091, 40.804656864843743 ], [ -73.837656991601563, 40.804723763281245 ], [ -73.837592522460938, 40.804795661718742 ], [ -73.837531250683597, 40.804884047460931 ], [ -73.83747317626954, 40.80498892050781 ], [ -73.837405379296882, 40.805144742773436 ], [ -73.8372891, 40.8054549 ] ] } },
{ "type": "Feature", "properties": { "Id": 0, "shape_id": "147", "route_id": "RS", "agency_id": "1", "short_name": "RS", "long_name": "Rockaway-Soundview", "route_type": "4", "color": "#AD1AAC", "text_color": "FFFFFF", "rt_tp_txt": "Ferry", "direction": "SB" }, "geometry": { "type": "LineString", "coordinates": [ [ -73.8315901, 40.5842279 ], [ -73.83166580019531, 40.584414184179693 ], [ -73.831724966308599, 40.584505762304687 ], [ -73.831792831738284, 40.584564729101572 ], [ -73.83187780761719, 40.584611782812502 ], [ -73.831979893945302, 40.584646923437504 ], [ -73.832101894433578, 40.584677050390624 ], [ -73.83224380908203, 40.584702163671878 ], [ -73.832405637890616, 40.58472226328125 ], [ -73.83258738085938, 40.584737349218756 ], [ -73.832789972558601, 40.584749721289064 ], [ -73.833013412988294, 40.584759379492191 ], [ -73.833257702148444, 40.584766323828127 ], [ -73.833522840039052, 40.584770554296874 ], [ -73.833808826660146, 40.584772070898438 ], [ -73.834115662011712, 40.584770873632806 ], [ -73.834443346093735, 40.584766962499998 ], [ -73.834791878906259, 40.584760337500001 ], [ -73.835161571972662, 40.584751765234373 ], [ -73.835552425292974, 40.584741245703128 ], [ -73.835964438867194, 40.584728778906246 ], [ -73.836397612695293, 40.584714364843748 ], [ -73.83685194677733, 40.584698003515626 ], [ -73.837327441113274, 40.584679694921874 ], [ -73.837824095703127, 40.584659439062499 ], [ -73.838341910546859, 40.584637235937493 ], [ -73.838880885644528, 40.58461308554687 ], [ -73.839441020996077, 40.584586987890617 ], [ -73.840022316601562, 40.584558942968741 ], [ -73.840624772460927, 40.584528950781248 ], [ -73.841248388574215, 40.584497011328118 ], [ -73.841893164941396, 40.584463124609371 ], [ -73.8425591015625, 40.584427290624994 ], [ -73.843246198437498, 40.584389509375008 ], [ -73.843925152636729, 40.584347185156261 ], [ -73.844595964160163, 40.584300317968754 ], [ -73.845258633007816, 40.584248907812508 ], [ -73.845913159179688, 40.584192954687502 ], [ -73.846559542675777, 40.584132458593757 ], [ -73.847197783496085, 40.584067419531252 ], [ -73.847827881640626, 40.583997837500007 ], [ -73.848449837109371, 40.583923712500003 ], [ -73.849063649902348, 40.583845044531252 ], [ -73.84966932001953, 40.583761833593755 ], [ -73.850266847460929, 40.583674079687505 ], [ -73.850856232226562, 40.583581782812502 ], [ -73.851437474316398, 40.583484942968752 ], [ -73.852010573730468, 40.58338356015625 ], [ -73.852575530468741, 40.583277634374994 ], [ -73.853132344531232, 40.583167165624999 ], [ -73.853681015917942, 40.583052153906245 ], [ -73.854221544628899, 40.582932599218744 ], [ -73.854753930664046, 40.582808501562496 ], [ -73.855278174023425, 40.582679860937489 ], [ -73.855794274707009, 40.582546677343743 ], [ -73.856302232714839, 40.582408950781243 ], [ -73.856802048046859, 40.58226668124999 ], [ -73.857293720703112, 40.582119868749999 ], [ -73.857777250683569, 40.581968513281247 ], [ -73.858252637988272, 40.581812614843749 ], [ -73.85871988261718, 40.581652173437504 ], [ -73.859178984570292, 40.5814871890625 ], [ -73.859629943847636, 40.581317661718749 ], [ -73.860072760449214, 40.581143591406246 ], [ -73.860507434374995, 40.580964978124996 ], [ -73.860933965624994, 40.580781821875 ], [ -73.86140858583984, 40.580591486914059 ], [ -73.861931295019531, 40.580393973242181 ], [ -73.862502093164068, 40.580189280859372 ], [ -73.863120980273436, 40.579977409765618 ], [ -73.863787956347664, 40.579758359960934 ], [ -73.864503021386724, 40.579532131445312 ], [ -73.86526617539063, 40.579298724218745 ], [ -73.866077418359367, 40.579058138281248 ], [ -73.866936750292965, 40.578810373632805 ], [ -73.867844171191393, 40.57855543027344 ], [ -73.868799681054682, 40.578293308203122 ], [ -73.869803279882802, 40.578024007421874 ], [ -73.870854967675768, 40.577747527929688 ], [ -73.871954744433594, 40.577463869726557 ], [ -73.873102610156252, 40.577173032812496 ], [ -73.874298564843741, 40.576875017187504 ], [ -73.87554260849609, 40.576569822851567 ], [ -73.876834741113285, 40.576257449804686 ], [ -73.878174962695311, 40.575937898046874 ], [ -73.879563273242184, 40.575611167578131 ], [ -73.880999672753902, 40.575277258398444 ], [ -73.882484161230465, 40.574936170507812 ], [ -73.884016738671875, 40.574587903906249 ], [ -73.885597405078116, 40.574232458593755 ], [ -73.887226160449217, 40.573869834570317 ], [ -73.888903004785149, 40.573500031835934 ], [ -73.890627938085942, 40.57312305039062 ], [ -73.892400960351551, 40.572738890234376 ], [ -73.894222071582021, 40.572347551367187 ], [ -73.896091271777337, 40.57194903378906 ], [ -73.898008560937498, 40.571543337500003 ], [ -73.899973939062491, 40.571130462499994 ], [ -73.901950280078125, 40.570731303320308 ], [ -73.903937583984373, 40.570345859960938 ], [ -73.905935850781248, 40.569974132421876 ], [ -73.907945080468735, 40.569616120703124 ], [ -73.909965273046865, 40.569271824804687 ], [ -73.911996428515621, 40.56894124472656 ], [ -73.914038546874991, 40.568624380468748 ], [ -73.916091628125002, 40.568321232031252 ], [ -73.918155672265613, 40.568031799414065 ], [ -73.920230679296878, 40.567756082617194 ], [ -73.922316649218743, 40.567494081640625 ], [ -73.924413582031264, 40.567245796484379 ], [ -73.926521477734383, 40.567011227148441 ], [ -73.928640336328129, 40.566790373632813 ], [ -73.930770157812503, 40.5665832359375 ], [ -73.93291094218749, 40.566389814062504 ], [ -73.935062689453105, 40.566210108007816 ], [ -73.93722539960936, 40.566044117773444 ], [ -73.939399072656244, 40.565891843359374 ], [ -73.941583708593754, 40.565753284765627 ], [ -73.943779307421877, 40.565628441992189 ], [ -73.945985869140614, 40.56551731503906 ], [ -73.948203393749992, 40.565419903906246 ], [ -73.950431881249997, 40.565336208593749 ], [ -73.952671331640616, 40.565266229101567 ], [ -73.954921744921876, 40.565209965429688 ], [ -73.957183121093749, 40.565167417578131 ], [ -73.959455460156249, 40.565138585546883 ], [ -73.961738762109377, 40.565123469335944 ], [ -73.964033026953118, 40.565122068945321 ], [ -73.9663382546875, 40.565134384375007 ], [ -73.968654445312495, 40.565160415624995 ], [ -73.970907754003903, 40.565190918554677 ], [ -73.973098180761724, 40.565225893164055 ], [ -73.975225725585943, 40.56526533945312 ], [ -73.977290388476547, 40.565309257421873 ], [ -73.979292169433592, 40.565357647070314 ], [ -73.981231068457021, 40.565410508398443 ], [ -73.983107085546877, 40.565467841406253 ], [ -73.984920220703131, 40.565529646093751 ], [ -73.986670473925784, 40.565595922460943 ], [ -73.98835784521485, 40.565666670507809 ], [ -73.989982334570314, 40.565741890234378 ], [ -73.991543941992177, 40.565821581640634 ], [ -73.993042667480466, 40.565905744726571 ], [ -73.99447851103514, 40.565994379492189 ], [ -73.995851472656241, 40.566087485937501 ], [ -73.997161552343755, 40.566185064062509 ], [ -73.998408750097667, 40.566287113867197 ], [ -73.999593065917978, 40.566393635351567 ], [ -74.000714499804701, 40.566504628515631 ], [ -74.001773051757823, 40.566620093359383 ], [ -74.002768721777358, 40.566740029882816 ], [ -74.003701509863276, 40.566864438085943 ], [ -74.004571416015622, 40.566993317968759 ], [ -74.005378440234367, 40.567126669531255 ], [ -74.006122582519524, 40.567264492773447 ], [ -74.006803842871093, 40.567406787695326 ], [ -74.007422221289062, 40.567553554296886 ], [ -74.007977717773443, 40.567704792578134 ], [ -74.008470332324222, 40.56786050253907 ], [ -74.0089000649414, 40.568020684179693 ], [ -74.009266915625005, 40.568185337500005 ], [ -74.009570884374995, 40.568354462500004 ], [ -74.00988941767578, 40.56855168808594 ], [ -74.010222515527346, 40.568777014257812 ], [ -74.010570177929679, 40.569030441015627 ], [ -74.010932404882823, 40.569311968359372 ], [ -74.011309196386719, 40.569621596289068 ], [ -74.011700552441411, 40.569959324804685 ], [ -74.012106473046885, 40.570325153906253 ], [ -74.012526958203125, 40.570719083593744 ], [ -74.012962007910161, 40.571141113867185 ], [ -74.013411622167979, 40.571591244726562 ], [ -74.013875800976564, 40.572069476171876 ], [ -74.014354544335944, 40.572575808203126 ], [ -74.014847852246106, 40.573110240820313 ], [ -74.015355724707035, 40.573672774023436 ], [ -74.01587816171876, 40.574263407812495 ], [ -74.016415163281252, 40.574882142187505 ], [ -74.016966729394525, 40.575528977148437 ], [ -74.017532860058594, 40.57620391269532 ], [ -74.018113555273445, 40.576906948828125 ], [ -74.018708815039062, 40.57763808554688 ], [ -74.019318639355475, 40.578397322851565 ], [ -74.01994302822267, 40.579184660742193 ], [ -74.020581981640632, 40.580000099218751 ], [ -74.021235499609375, 40.580843638281252 ], [ -74.0219035821289, 40.581715277929682 ], [ -74.02258622919922, 40.582615018164056 ], [ -74.023283440820308, 40.583542858984373 ], [ -74.023995216992191, 40.58449880039062 ], [ -74.024721557714841, 40.585482842382817 ], [ -74.025462462988273, 40.586494984960936 ], [ -74.0262179328125, 40.587535228125006 ], [ -74.026987967187495, 40.588603571874998 ], [ -74.02773686865234, 40.589645375585938 ], [ -74.028464637207037, 40.59066063925782 ], [ -74.029171272851556, 40.591649362890635 ], [ -74.029856775585927, 40.592611546484378 ], [ -74.030521145410148, 40.593547190039068 ], [ -74.031164382324192, 40.594456293554693 ], [ -74.031786486328116, 40.595338857031251 ], [ -74.032387457421862, 40.596194880468758 ], [ -74.032967295605459, 40.597024363867192 ], [ -74.033526000878908, 40.597827307226567 ], [ -74.034063573242179, 40.598603710546882 ], [ -74.034580012695301, 40.599353573828125 ], [ -74.035075319238274, 40.600076897070316 ], [ -74.03554949287107, 40.600773680273441 ], [ -74.036002533593745, 40.6014439234375 ], [ -74.036434441406243, 40.602087626562508 ], [ -74.036845216308592, 40.602704789648442 ], [ -74.037234858300792, 40.603295412695317 ], [ -74.037603367382815, 40.603859495703134 ], [ -74.037950743554688, 40.604397038671877 ], [ -74.038276986816413, 40.604908041601568 ], [ -74.038582097167961, 40.605392504492194 ], [ -74.038866074609373, 40.605850427343753 ], [ -74.039128919140623, 40.606281810156261 ], [ -74.039370630761709, 40.606686652929696 ], [ -74.039591209472661, 40.607064955664072 ], [ -74.039790655273436, 40.607416718359389 ], [ -74.039968968164061, 40.607741941015632 ], [ -74.040126148144537, 40.608040623632817 ], [ -74.040262195214837, 40.608312766210943 ], [ -74.040377109375001, 40.608558368750003 ], [ -74.040470890625002, 40.608777431249997 ], [ -74.040564292968753, 40.608998940039058 ], [ -74.040657316406254, 40.609222895117185 ], [ -74.040749960937504, 40.609449296484371 ], [ -74.040842226562503, 40.609678144140616 ], [ -74.040934113281253, 40.609909438085936 ], [ -74.041025621093752, 40.610143178320307 ], [ -74.04111675, 40.610379364843745 ], [ -74.0412075, 40.610617997656249 ], [ -74.041297871093747, 40.610859076757805 ], [ -74.041387863281244, 40.611102602148435 ], [ -74.041477476562491, 40.611348573828124 ], [ -74.041566710937488, 40.611596991796873 ], [ -74.041655566406234, 40.611847856054681 ], [ -74.041744042968745, 40.612101166601562 ], [ -74.04183214062499, 40.612356923437495 ], [ -74.041919859375, 40.612615126562496 ], [ -74.042007199218745, 40.612875775976562 ], [ -74.042094160156239, 40.613138871679681 ], [ -74.042180742187497, 40.613404413671873 ], [ -74.042266945312491, 40.613672401953124 ], [ -74.042352769531249, 40.613942836523435 ], [ -74.042438214843742, 40.614215717382805 ], [ -74.042523281249998, 40.614491044531249 ], [ -74.042607968749991, 40.614768817968745 ], [ -74.042692277343747, 40.615049037695307 ], [ -74.042776207031238, 40.615331703710936 ], [ -74.042859757812494, 40.615616816015617 ], [ -74.042942929687499, 40.615904374609372 ], [ -74.043025722656239, 40.616194379492185 ], [ -74.043108136718757, 40.616486830664059 ], [ -74.043190171874997, 40.616781728124998 ], [ -74.043271828125, 40.617079071874997 ], [ -74.043350785156235, 40.617372911718753 ], [ -74.043427042968744, 40.617663247656246 ], [ -74.043500601562499, 40.617950079687496 ], [ -74.0435714609375, 40.618233407812504 ], [ -74.043639621093746, 40.618513232031248 ], [ -74.043705082031238, 40.618789552343749 ], [ -74.043767843750004, 40.619062368749994 ], [ -74.043827906250002, 40.619331681250003 ], [ -74.043885269531259, 40.619597489843748 ], [ -74.043939933593748, 40.619859794531244 ], [ -74.043991898437497, 40.620118595312491 ], [ -74.044041164062506, 40.620373892187501 ], [ -74.04408773046876, 40.620625685156249 ], [ -74.044131597656246, 40.620873974218746 ], [ -74.044172765625007, 40.621118759374994 ], [ -74.044211234374998, 40.621360040624992 ], [ -74.04424700390625, 40.621597817968741 ], [ -74.044280074218761, 40.62183209140624 ], [ -74.044310445312504, 40.62206286093749 ], [ -74.044338117187507, 40.62229012656249 ], [ -74.044363089843756, 40.62251388828124 ], [ -74.044385363281251, 40.622734146093741 ], [ -74.044404937500005, 40.6229509 ], [ -74.044421812500005, 40.62316415 ], [ -74.044435988281251, 40.623373896093746 ], [ -74.044447464843756, 40.623580138281248 ], [ -74.044456242187508, 40.623782876562501 ], [ -74.044462320312505, 40.62398211093749 ], [ -74.044465699218762, 40.624177841406244 ], [ -74.04446637890625, 40.624370067968748 ], [ -74.044464359374999, 40.624558790625002 ], [ -74.044459640625007, 40.624744009374993 ], [ -74.044452752929686, 40.624933558203125 ], [ -74.044443696289065, 40.62512743710937 ], [ -74.044432470703129, 40.625325646093749 ], [ -74.044419076171877, 40.625528185156249 ], [ -74.044403512695325, 40.625735054296875 ], [ -74.044385780273444, 40.625946253515622 ], [ -74.044365878906248, 40.626161782812495 ], [ -74.044343808593752, 40.626381642187503 ], [ -74.044319569335926, 40.626605831640632 ], [ -74.044293161132799, 40.62683435117188 ], [ -74.044264583984372, 40.627067200781255 ], [ -74.044233837890616, 40.627304380468743 ], [ -74.044200922851559, 40.627545890234373 ], [ -74.044165838867187, 40.627791730078116 ], [ -74.0441285859375, 40.6280419 ], [ -74.044089164062498, 40.6282964 ], [ -74.044047573242182, 40.628555230078128 ], [ -74.044003813476564, 40.628818390234372 ], [ -74.043957884765632, 40.629085880468743 ], [ -74.043909787109385, 40.629357700781249 ], [ -74.043859520507823, 40.629633851171874 ], [ -74.043807084960946, 40.62991433164062 ], [ -74.043752480468754, 40.630199142187493 ], [ -74.043695707031247, 40.630488282812493 ], [ -74.043636764648426, 40.63078175351562 ], [ -74.043575653320318, 40.631079554296875 ], [ -74.04351237304688, 40.631381685156249 ], [ -74.043446923828128, 40.631688146093744 ], [ -74.043379305664075, 40.631998937109373 ], [ -74.043309518554693, 40.632314058203129 ], [ -74.043237562499996, 40.632633509374998 ], [ -74.043163437499999, 40.632957290625001 ], [ -74.043089477539041, 40.63327370566406 ], [ -74.043015682617181, 40.633582754492188 ], [ -74.042942052734361, 40.633884437109373 ], [ -74.042868587890609, 40.634178753515627 ], [ -74.042795288085927, 40.634465703710937 ], [ -74.042722153320312, 40.634745287695317 ], [ -74.042649183593753, 40.635017505468753 ], [ -74.042576378906247, 40.635282357031258 ], [ -74.042503739257825, 40.635539842382819 ], [ -74.042431264648442, 40.635789961523443 ], [ -74.042358955078129, 40.636032714453137 ], [ -74.042286810546869, 40.636268101171879 ], [ -74.042214831054679, 40.636496121679691 ], [ -74.042143016601557, 40.636716775976566 ], [ -74.042071367187503, 40.636930064062497 ], [ -74.04199988281249, 40.637135985937505 ], [ -74.04192856347656, 40.637334541601561 ], [ -74.04185740917967, 40.63752573105468 ], [ -74.041786419921863, 40.637709554296869 ], [ -74.04171559570311, 40.637886011328121 ], [ -74.041644936523426, 40.638055102148428 ], [ -74.041574442382796, 40.638216826757812 ], [ -74.041504113281235, 40.638371185156245 ], [ -74.041433949218742, 40.638518177343741 ], [ -74.041363950195304, 40.638657803320307 ], [ -74.041294116210935, 40.638790063085935 ], [ -74.04122444726562, 40.638914956640619 ], [ -74.041154943359359, 40.63903248398438 ], [ -74.041085604492167, 40.63914264511719 ], [ -74.041016430664058, 40.639245440039062 ], [ -74.040947421874989, 40.639340868749997 ], [ -74.040878578125003, 40.639428931249995 ], [ -74.040805157226572, 40.639522286718744 ], [ -74.040727159179696, 40.639620935156245 ], [ -74.040644583984388, 40.639724876562497 ], [ -74.040557431640636, 40.639834110937485 ], [ -74.040465702148452, 40.63994863828124 ], [ -74.04036939550781, 40.640068458593738 ], [ -74.04026851171875, 40.640193571874988 ], [ -74.040163050781246, 40.640323978124997 ], [ -74.04005301269531, 40.640459677343742 ], [ -74.039938397460929, 40.640600669531246 ], [ -74.039819205078132, 40.640746954687494 ], [ -74.039695435546875, 40.640898532812493 ], [ -74.039567088867187, 40.641055403906243 ], [ -74.039434165039069, 40.641217567968745 ], [ -74.039296664062505, 40.641385025 ], [ -74.039154585937496, 40.641557775 ], [ -74.039007930664056, 40.641735817968737 ], [ -74.038856698242185, 40.641919153906244 ], [ -74.038700888671869, 40.642107782812488 ], [ -74.038540501953122, 40.642301704687497 ], [ -74.03837553808593, 40.642500919531244 ], [ -74.038205997070307, 40.642705427343742 ], [ -74.038031878906239, 40.642915228124991 ], [ -74.037853183593754, 40.643130321874992 ], [ -74.037669911132809, 40.643350708593744 ], [ -74.037482061523434, 40.64357638828124 ], [ -74.037289634765628, 40.643807360937487 ], [ -74.037092630859362, 40.644043626562492 ], [ -74.03689104980468, 40.644285185156249 ], [ -74.036684891601567, 40.644532036718743 ], [ -74.036474156249994, 40.644784181249996 ], [ -74.036258843750005, 40.645041618749993 ], [ -74.036043922851562, 40.645288319921868 ], [ -74.035829393554693, 40.645524284765621 ], [ -74.035615255859383, 40.645749513281245 ], [ -74.03540150976562, 40.645964005468748 ], [ -74.035188155273431, 40.646167761328122 ], [ -74.034975192382817, 40.646360780859368 ], [ -74.034762621093748, 40.646543064062499 ], [ -74.034550441406253, 40.646714610937494 ], [ -74.034338653320305, 40.646875421484374 ], [ -74.034127256835944, 40.647025495703119 ], [ -74.03391625195313, 40.647164833593749 ], [ -74.033705638671876, 40.647293435156243 ], [ -74.033495416992196, 40.647411300390623 ], [ -74.033285586914062, 40.647518429296873 ], [ -74.033076148437502, 40.647614821874996 ], [ -74.032867101562502, 40.647700478125003 ], [ -74.032658446289062, 40.647775398046875 ], [ -74.032450182617197, 40.647839581640625 ], [ -74.032242310546877, 40.647893028906253 ], [ -74.032034830078132, 40.647935739843746 ], [ -74.031827741210947, 40.647967714453124 ], [ -74.031621043945307, 40.647988952734373 ], [ -74.031414738281256, 40.647999454687493 ], [ -74.031208824218751, 40.647999220312499 ], [ -74.031003301757821, 40.647988249609369 ], [ -74.030798170898436, 40.647966542578125 ], [ -74.030593431640625, 40.647934099218745 ], [ -74.030389083984375, 40.64789091953125 ], [ -74.030185127929684, 40.647837003515619 ], [ -74.029981563476568, 40.647772351171874 ], [ -74.029778390624998, 40.6476969625 ], [ -74.029575609375001, 40.647610837499997 ], [ -74.029385501953115, 40.647530095312497 ], [ -74.029208068359381, 40.647454735937494 ], [ -74.029043308593756, 40.647384759374994 ], [ -74.028891222656242, 40.647320165624997 ], [ -74.028751810546865, 40.647260954687496 ], [ -74.028625072265626, 40.647207126562506 ], [ -74.028511007812497, 40.647158681250005 ], [ -74.028409617187492, 40.647115618749993 ], [ -74.028320900390611, 40.647077939062498 ], [ -74.028244857421868, 40.647045642187493 ], [ -74.028181488281234, 40.647018728124998 ], [ -74.028130792968739, 40.646997196874999 ], [ -74.028092771484367, 40.646981048437496 ], [ -74.028067423828119, 40.646970282812504 ], [ -74.02805475, 40.6469649 ], [ -74.02805475, 40.6469649 ], [ -74.028067423828119, 40.646970282812504 ], [ -74.028092771484367, 40.646981048437496 ], [ -74.028130792968739, 40.646997196874999 ], [ -74.028181488281234, 40.647018728124998 ], [ -74.028244857421868, 40.647045642187493 ], [ -74.028320900390611, 40.647077939062498 ], [ -74.028409617187492, 40.647115618749993 ], [ -74.028511007812497, 40.647158681250005 ], [ -74.028625072265626, 40.647207126562506 ], [ -74.028751810546865, 40.647260954687496 ], [ -74.028891222656242, 40.647320165624997 ], [ -74.029043308593756, 40.647384759374994 ], [ -74.029208068359381, 40.647454735937494 ], [ -74.029385501953115, 40.647530095312497 ], [ -74.029575609375001, 40.647610837499997 ], [ -74.029778390624998, 40.6476969625 ], [ -74.029966212890628, 40.64779104941406 ], [ -74.030139076171878, 40.647893098242186 ], [ -74.030296980468748, 40.648003108984376 ], [ -74.030439925781252, 40.648121081640618 ], [ -74.030567912109376, 40.648247016210931 ], [ -74.03068093945312, 40.648380912695309 ], [ -74.030779007812498, 40.648522771093745 ], [ -74.030862117187496, 40.648672591406246 ], [ -74.030930267578128, 40.648830373632805 ], [ -74.030983458984366, 40.648996117773436 ], [ -74.031021691406252, 40.649169823828117 ], [ -74.031044964843758, 40.649351491796878 ], [ -74.031053279296884, 40.64954112167969 ], [ -74.03104663476563, 40.649738713476559 ], [ -74.03102503125001, 40.649944267187493 ], [ -74.030988468749996, 40.650157782812499 ], [ -74.03093694726563, 40.650379260351556 ], [ -74.030870466796884, 40.650608699804685 ], [ -74.030789027343758, 40.650846101171872 ], [ -74.030692628906252, 40.651091464453117 ], [ -74.03058127148438, 40.651344789648434 ], [ -74.030454955078113, 40.651606076757801 ], [ -74.030313679687495, 40.651875325781241 ], [ -74.030157445312497, 40.652152536718752 ], [ -74.029986251953119, 40.652437709570314 ], [ -74.029800099609375, 40.652730844335935 ], [ -74.029598988281251, 40.653031941015627 ], [ -74.029382917968746, 40.65334099960937 ], [ -74.029151888671876, 40.653658020117184 ], [ -74.028905900390626, 40.653983002539064 ], [ -74.028644953124996, 40.654315946875002 ], [ -74.028369046875, 40.654656853124997 ], [ -74.028099201171869, 40.655005067968744 ], [ -74.02783541601562, 40.65536059140625 ], [ -74.02757769140625, 40.655723423437493 ], [ -74.027326027343733, 40.656093564062502 ], [ -74.02708042382811, 40.656471013281248 ], [ -74.026840880859368, 40.656855771093745 ], [ -74.026607398437491, 40.657247837499995 ], [ -74.026379976562495, 40.657647212499995 ], [ -74.02615861523438, 40.658053896093747 ], [ -74.025943314453116, 40.658467888281251 ], [ -74.025734074218747, 40.658889189062499 ], [ -74.025530894531244, 40.659317798437492 ], [ -74.025333775390621, 40.659753716406243 ], [ -74.025142716796864, 40.660196942968746 ], [ -74.024957718750002, 40.660647478125 ], [ -74.024778781249992, 40.661105321874999 ], [ -74.024605904296862, 40.661570474218756 ], [ -74.024439087890613, 40.662042935156251 ], [ -74.024278332031244, 40.662522704687504 ], [ -74.024123636718741, 40.663009782812502 ], [ -74.023975001953119, 40.663504169531251 ], [ -74.023832427734376, 40.664005864843759 ], [ -74.0236959140625, 40.664514868750004 ], [ -74.023565460937505, 40.665031181250001 ], [ -74.023441068359375, 40.665554802343749 ], [ -74.02332273632814, 40.666085732031249 ], [ -74.023210464843757, 40.6666239703125 ], [ -74.023104253906254, 40.667169517187489 ], [ -74.023004103515632, 40.667722372656243 ], [ -74.022910013671861, 40.668282536718742 ], [ -74.022821984374986, 40.668850009374992 ], [ -74.022740015625004, 40.669424790625001 ], [ -74.022649753808594, 40.669993151953122 ], [ -74.022551198925768, 40.670555093359376 ], [ -74.022444350976542, 40.671110614843748 ], [ -74.02232920996093, 40.671659716406253 ], [ -74.022205775878902, 40.672202398046878 ], [ -74.022074048730474, 40.672738659765628 ], [ -74.021934028515616, 40.673268501562497 ], [ -74.021785715234373, 40.673791923437498 ], [ -74.021629108886714, 40.674308925390619 ], [ -74.02146420947264, 40.674819507421866 ], [ -74.02129101699218, 40.675323669531245 ], [ -74.021109531445305, 40.675821411718744 ], [ -74.020919752832015, 40.676312733984368 ], [ -74.020721681152338, 40.676797636328125 ], [ -74.020515316406247, 40.677276118750001 ], [ -74.02030065859374, 40.677748181249996 ], [ -74.020077707714847, 40.678213823828123 ], [ -74.019846463769525, 40.678673046484377 ], [ -74.019606926757803, 40.67912584921875 ], [ -74.019359096679693, 40.679572232031255 ], [ -74.019102973535155, 40.680012194921879 ], [ -74.018838557324216, 40.680445737890629 ], [ -74.018565848046876, 40.680872860937505 ], [ -74.018284845703121, 40.681293564062493 ], [ -74.017995550292966, 40.681707847265614 ], [ -74.01769796181641, 40.682115710546867 ], [ -74.017392080273439, 40.682517153906247 ], [ -74.017077905664067, 40.682912177343752 ], [ -74.01675543798828, 40.683300780859376 ], [ -74.016424677246107, 40.683682964453119 ], [ -74.016085623437505, 40.684058728124995 ], [ -74.015738276562502, 40.684428071875004 ], [ -74.015395754003904, 40.684795714453131 ], [ -74.015058055761713, 40.685161655859375 ], [ -74.014725181835928, 40.68552589609375 ], [ -74.014397132226577, 40.685888435156258 ], [ -74.014073906933604, 40.686249273046883 ], [ -74.013755505957036, 40.686608409765626 ], [ -74.013441929296874, 40.6869658453125 ], [ -74.013133176953133, 40.687321579687506 ], [ -74.012829248925783, 40.687675612890629 ], [ -74.012530145214853, 40.68802794492187 ], [ -74.012235865820315, 40.688378575781243 ], [ -74.011946410742183, 40.688727505468748 ], [ -74.011661779980471, 40.689074733984377 ], [ -74.011381973535151, 40.689420261328124 ], [ -74.011106991406251, 40.689764087500002 ], [ -74.010836833593757, 40.690106212499998 ], [ -74.010571500097655, 40.690446636328126 ], [ -74.010310990917972, 40.690785358984378 ], [ -74.010055306054682, 40.691122380468755 ], [ -74.009804445507825, 40.69145770078125 ], [ -74.009558409277346, 40.691791319921876 ], [ -74.009317197363288, 40.692123237890627 ], [ -74.009080809765635, 40.692453454687502 ], [ -74.008849246484374, 40.692781970312502 ], [ -74.008622507519533, 40.693108784765627 ], [ -74.008400592871112, 40.693433898046877 ], [ -74.008183502539083, 40.693757310156251 ], [ -74.007971236523446, 40.694079021093749 ], [ -74.007763794824228, 40.694399030859373 ], [ -74.007561177441403, 40.694717339453121 ], [ -74.007363384374997, 40.695033946874993 ], [ -74.007170415624998, 40.695348853125004 ], [ -74.006984527929689, 40.695656015234377 ], [ -74.006805721289055, 40.695955433203132 ], [ -74.006633995703112, 40.696247107031255 ], [ -74.006469351171859, 40.696531036718753 ], [ -74.006311787695296, 40.696807222265626 ], [ -74.006161305273423, 40.697075663671875 ], [ -74.00601790390624, 40.697336360937499 ], [ -74.005881583593748, 40.697589314062498 ], [ -74.005752344335946, 40.697834523046872 ], [ -74.005630186132805, 40.698071987890621 ], [ -74.005515108984369, 40.698301708593746 ], [ -74.005407112890623, 40.698523685156246 ], [ -74.005306197851553, 40.698737917578121 ], [ -74.005212363867187, 40.698944405859372 ], [ -74.005125610937498, 40.69914315 ], [ -74.005045939062498, 40.69933415 ], [ -74.004973348242189, 40.699517405859375 ], [ -74.004907838476555, 40.699692917578126 ], [ -74.004849409765626, 40.699860685156253 ], [ -74.004798062109373, 40.700020708593755 ], [ -74.00475379550781, 40.700172987890632 ], [ -74.004716609960951, 40.700317523046877 ], [ -74.004686505468754, 40.700454314062505 ], [ -74.004663482031248, 40.700583360937493 ], [ -74.004647539648431, 40.700704663671871 ], [ -74.004638678320305, 40.700818222265617 ], [ -74.004636898046869, 40.700924036718746 ], [ -74.004642198828122, 40.70102210703125 ], [ -74.004654580664067, 40.701112433203122 ], [ -74.004674043554701, 40.701195015234376 ], [ -74.004700587499997, 40.701269853124998 ], [ -74.004734212499997, 40.701336946874996 ], [ -74.004768185156237, 40.701403184179682 ], [ -74.004802505468746, 40.701468565039065 ], [ -74.004837173437494, 40.701533089453122 ], [ -74.004872189062482, 40.701596757421875 ], [ -74.004907552343738, 40.70165956894531 ], [ -74.004943263281234, 40.701721524023441 ], [ -74.004979321874998, 40.701782622656246 ], [ -74.005015728124988, 40.701842864843748 ], [ -74.005052482031232, 40.701902250585931 ], [ -74.00508958359373, 40.701960779882803 ], [ -74.005127032812482, 40.702018452734364 ], [ -74.005164829687487, 40.702075269140622 ], [ -74.005202974218747, 40.702131229101553 ], [ -74.005241466406233, 40.702186332617174 ], [ -74.005280306249986, 40.702240579687491 ], [ -74.00531949374998, 40.702293970312503 ], [ -74.005360427343732, 40.702347744726566 ], [ -74.005403107031228, 40.702401902929687 ], [ -74.005447532812482, 40.702456444921879 ], [ -74.005493704687495, 40.702511370703121 ], [ -74.005541622656239, 40.702566680273435 ], [ -74.005591286718754, 40.702622373632806 ], [ -74.005642696874986, 40.702678450781249 ], [ -74.00569585312499, 40.70273491171875 ], [ -74.005754950781238, 40.702795477148435 ], [ -74.005819989843729, 40.702860147070318 ], [ -74.005890970312493, 40.702928921484379 ], [ -74.005967892187499, 40.703001800390624 ], [ -74.006063341406247, 40.703089945898441 ], [ -74.006177317968763, 40.703193358007809 ], [ -74.006347579687514, 40.703345523046877 ], [ -74.0066874, 40.7036469 ] ] } },
{ "type": "Feature", "properties": { "Id": 0, "shape_id": "149", "route_id": "RS", "agency_id": "1", "short_name": "RS", "long_name": "Rockaway-Soundview", "route_type": "4", "color": "#AD1AAC", "text_color": "FFFFFF", "rt_tp_txt": "Ferry", "direction": "SB" }, "geometry": { "type": "LineString", "coordinates": [ [ -73.837299, 40.805455 ], [ -73.837415279296891, 40.80514484277343 ], [ -73.837483076171878, 40.804989020507804 ], [ -73.837541150390635, 40.804884147460932 ], [ -73.837602421875005, 40.804795761718744 ], [ -73.837666890625002, 40.804723863281247 ], [ -73.83773886328126, 40.804656964843744 ], [ -73.83781833984375, 40.80459506640625 ], [ -73.837905320312501, 40.804538167968744 ], [ -73.837999804687513, 40.804486269531253 ], [ -73.838103228515635, 40.804435541992191 ], [ -73.838215591796882, 40.804385985351558 ], [ -73.838336894531267, 40.804337599609369 ], [ -73.838467136718762, 40.804290384765622 ], [ -73.838606318359382, 40.804244340820304 ], [ -73.83875443945314, 40.804199467773429 ], [ -73.8389115, 40.804155765624998 ], [ -73.8390775, 40.804113234374995 ], [ -73.839252917968764, 40.804070597656249 ], [ -73.839437753906253, 40.804027855468746 ], [ -73.839632007812497, 40.8039850078125 ], [ -73.839835679687496, 40.803942054687496 ], [ -73.840048769531251, 40.80389899609375 ], [ -73.84027127734376, 40.803855832031246 ], [ -73.840503203124996, 40.803812562499999 ], [ -73.840744546875001, 40.803769187499995 ], [ -73.840995308593747, 40.803725707031248 ], [ -73.841255488281249, 40.803682121093743 ], [ -73.841525085937505, 40.803638429687496 ], [ -73.841804101562502, 40.803594632812505 ], [ -73.842092535156269, 40.803550730468757 ], [ -73.842390386718762, 40.803506722656252 ], [ -73.84269765625001, 40.803462609375003 ], [ -73.843014343749985, 40.803418390624998 ], [ -73.843321890624992, 40.803376988281251 ], [ -73.843620296874988, 40.803338402343748 ], [ -73.843909562499988, 40.803302632812496 ], [ -73.844189687500005, 40.803269679687496 ], [ -73.844460671874998, 40.803239542968747 ], [ -73.844722515625008, 40.803212222656249 ], [ -73.844975218749994, 40.803187718750003 ], [ -73.845218781249997, 40.803166031250001 ], [ -73.84545320312499, 40.80314716015625 ], [ -73.845678484374986, 40.803131105468751 ], [ -73.845894624999985, 40.803117867187495 ], [ -73.846101625, 40.803107445312506 ], [ -73.84629948437501, 40.803099839843753 ], [ -73.846488203125006, 40.803095050781252 ], [ -73.846667781250005, 40.803093078125002 ], [ -73.846838218750008, 40.803093921875004 ], [ -73.846999515625015, 40.803097582031256 ], [ -73.847151671875025, 40.80310405859376 ], [ -73.84729468750001, 40.803113351562509 ], [ -73.847428562500014, 40.803125460937501 ], [ -73.847553296875006, 40.803140386718752 ], [ -73.847668890625016, 40.803158128906254 ], [ -73.847775343750001, 40.803178687500001 ], [ -73.847872656250004, 40.803202062499999 ], [ -73.847960828124997, 40.803228253906248 ], [ -73.848039859374992, 40.803257261718748 ], [ -73.84810975, 40.803289085937493 ], [ -73.8481705, 40.803323726562496 ], [ -73.848222109375001, 40.803361183593744 ], [ -73.848264578124997, 40.803401457031242 ], [ -73.848297906249996, 40.803444546874999 ], [ -73.848322093749999, 40.803490453124994 ], [ -73.848344769531252, 40.803533490234372 ], [ -73.848365933593755, 40.803573658203128 ], [ -73.848385585937507, 40.803610957031253 ], [ -73.848403726562509, 40.803645386718742 ], [ -73.848420355468761, 40.803676947265615 ], [ -73.848435472656263, 40.803705638671872 ], [ -73.848449078125, 40.803731460937492 ], [ -73.848461171874987, 40.803754414062489 ], [ -73.848471753906239, 40.803774498046863 ], [ -73.84848082421874, 40.803791712890614 ], [ -73.848488382812491, 40.803806058593743 ], [ -73.848494429687491, 40.803817535156242 ], [ -73.848498964843742, 40.803826142578117 ], [ -73.848501988281242, 40.80383188085937 ], [ -73.8485035, 40.80383475 ], [ -73.8485035, 40.80383475 ], [ -73.848501988281242, 40.80383188085937 ], [ -73.848498964843742, 40.803826142578117 ], [ -73.848494429687491, 40.803817535156242 ], [ -73.848488382812491, 40.803806058593743 ], [ -73.84848082421874, 40.803791712890614 ], [ -73.848471753906239, 40.803774498046863 ], [ -73.848461171874987, 40.803754414062489 ], [ -73.848449078125, 40.803731460937492 ], [ -73.848435472656263, 40.803705638671872 ], [ -73.848420355468761, 40.803676947265615 ], [ -73.848403726562509, 40.803645386718742 ], [ -73.848385585937507, 40.803610957031253 ], [ -73.848365933593755, 40.803573658203128 ], [ -73.848344769531252, 40.803533490234372 ], [ -73.848322093749999, 40.803490453124994 ], [ -73.848297906249996, 40.803444546874999 ], [ -73.848298562499991, 40.80339512695312 ], [ -73.848324062499984, 40.80334219335937 ], [ -73.848374406249988, 40.803285746093749 ], [ -73.848449593750004, 40.803225785156243 ], [ -73.848549625, 40.803162310546867 ], [ -73.8486745, 40.803095322265619 ], [ -73.848824218749996, 40.803024820312501 ], [ -73.848998781250003, 40.802950804687498 ], [ -73.849198187499994, 40.802873275390624 ], [ -73.849422437499996, 40.802792232421879 ], [ -73.849671531249996, 40.802707675781249 ], [ -73.849945468749993, 40.802619605468749 ], [ -73.850244249999989, 40.802528021484378 ], [ -73.850567875, 40.802432923828121 ], [ -73.850916343749986, 40.802334312500001 ], [ -73.851289656250003, 40.802232187500003 ], [ -73.851687812500003, 40.802126548828127 ], [ -73.852110812500001, 40.802017396484381 ], [ -73.852558656250011, 40.801904730468756 ], [ -73.85303134374999, 40.801788550781254 ], [ -73.853528875, 40.80166885742188 ], [ -73.85405125, 40.801545650390629 ], [ -73.854598468749998, 40.8014189296875 ], [ -73.855170531249996, 40.801288695312508 ], [ -73.855767437499992, 40.80115494726563 ], [ -73.856389187499985, 40.801017685546881 ], [ -73.857035781249991, 40.800876910156255 ], [ -73.857707218750008, 40.800732621093758 ], [ -73.8584035, 40.800584818359383 ], [ -73.859124625, 40.80043350195313 ], [ -73.859870593750003, 40.800278671875006 ], [ -73.860641406249997, 40.800120328125004 ], [ -73.861399245117184, 40.799968759765626 ], [ -73.862144110351551, 40.799823966796879 ], [ -73.862876001953111, 40.799685949218748 ], [ -73.863594919921866, 40.799554707031255 ], [ -73.864300864257814, 40.799430240234379 ], [ -73.864993834960927, 40.799312548828127 ], [ -73.865673832031248, 40.799201632812505 ], [ -73.866340855468749, 40.799097492187506 ], [ -73.86699490527343, 40.799000126953132 ], [ -73.867635981445318, 40.798909537109381 ], [ -73.868264083984371, 40.798825722656261 ], [ -73.868879212890619, 40.798748683593757 ], [ -73.86948136816406, 40.798678419921885 ], [ -73.870070549804694, 40.798614931640628 ], [ -73.870646757812509, 40.798558218750003 ], [ -73.871209992187502, 40.798508281250008 ], [ -73.871760252929704, 40.79846511914063 ], [ -73.872297540039071, 40.798428732421876 ], [ -73.872821853515632, 40.798399121093752 ], [ -73.873333193359372, 40.798376285156252 ], [ -73.87383155957032, 40.798360224609375 ], [ -73.874316952148448, 40.79835093945313 ], [ -73.874789371093755, 40.798348429687508 ], [ -73.87524881640627, 40.798352695312502 ], [ -73.87569528808595, 40.798363736328128 ], [ -73.876128786132824, 40.798381552734384 ], [ -73.876549310546892, 40.798406144531256 ], [ -73.876956861328125, 40.79843751171876 ], [ -73.877351438476566, 40.79847565429688 ], [ -73.877733041992201, 40.79852057226563 ], [ -73.878101671875015, 40.798572265625005 ], [ -73.878457328124995, 40.798630734375003 ], [ -73.878808443359375, 40.798688222656253 ], [ -73.879155017578128, 40.798744730468748 ], [ -73.879497050781254, 40.798800257812502 ], [ -73.879834542968752, 40.798854804687501 ], [ -73.880167494140622, 40.798908371093752 ], [ -73.880495904296879, 40.798960957031255 ], [ -73.880819773437494, 40.799012562500003 ], [ -73.881139101562496, 40.799063187500003 ], [ -73.881453888671871, 40.799112832031255 ], [ -73.881764134765618, 40.799161496093753 ], [ -73.882069839843751, 40.799209179687502 ], [ -73.882371003906243, 40.799255882812503 ], [ -73.882667626953122, 40.799301605468749 ], [ -73.882959708984373, 40.799346347656254 ], [ -73.88324725, 40.799390109375004 ], [ -73.88353025, 40.799432890625006 ], [ -73.883808708984375, 40.79947469140626 ], [ -73.884082626953131, 40.799515511718752 ], [ -73.884352003906258, 40.799555351562503 ], [ -73.884616839843744, 40.799594210937499 ], [ -73.884877134765631, 40.799632089843747 ], [ -73.885132888671876, 40.799668988281248 ], [ -73.885384101562508, 40.79970490625 ], [ -73.885630773437498, 40.799739843750004 ], [ -73.885872904296875, 40.799773800781253 ], [ -73.886110494140624, 40.799806777343747 ], [ -73.886343542968746, 40.799838773437493 ], [ -73.886572050781254, 40.799869789062498 ], [ -73.886796017578135, 40.799899824218748 ], [ -73.887015443359374, 40.79992887890625 ], [ -73.887230328125, 40.799956953124997 ], [ -73.887440671875012, 40.799984046875004 ], [ -73.887654046875014, 40.800007534179692 ], [ -73.887870453125004, 40.800027415039061 ], [ -73.888089890625011, 40.800043689453126 ], [ -73.888312359375021, 40.800056357421887 ], [ -73.88853785937502, 40.800065418945323 ], [ -73.888766390625008, 40.800070874023447 ], [ -73.888997953124999, 40.80007272265626 ], [ -73.889232546875007, 40.800070964843748 ], [ -73.889470171875018, 40.800065600585938 ], [ -73.889710828125004, 40.80005662988281 ], [ -73.889954515625007, 40.800044052734378 ], [ -73.890201234375013, 40.800027869140621 ], [ -73.890450984375008, 40.800008079101559 ], [ -73.89070376562502, 40.799984682617186 ], [ -73.890959578125006, 40.799957679687502 ], [ -73.89121842187501, 40.799927070312499 ], [ -73.891480296875002, 40.799892854492192 ], [ -73.891745203124998, 40.799855032226567 ], [ -73.892013140624996, 40.799813603515624 ], [ -73.892284109375012, 40.799768568359376 ], [ -73.892558109375017, 40.79971992675781 ], [ -73.89283514062501, 40.799667678710932 ], [ -73.893115203125006, 40.799611824218744 ], [ -73.893398296875006, 40.799552363281251 ], [ -73.893684421875008, 40.799489295898432 ], [ -73.893973578125014, 40.79942262207031 ], [ -73.894265765625008, 40.799352341796869 ], [ -73.894560984375005, 40.799278455078131 ], [ -73.894859234375005, 40.799200961914067 ], [ -73.895160515625008, 40.799119862304693 ], [ -73.895464828125, 40.799035156250007 ], [ -73.895772171875009, 40.798946843749995 ], [ -73.896080323242188, 40.798856606445305 ], [ -73.896389282226579, 40.798764444335937 ], [ -73.89669904882814, 40.798670357421877 ], [ -73.89700962304687, 40.798574345703123 ], [ -73.897321004882812, 40.798476409179692 ], [ -73.897633194335938, 40.798376547851568 ], [ -73.897946191406248, 40.798274761718751 ], [ -73.898259996093742, 40.798171050781256 ], [ -73.898574608398434, 40.798065415039069 ], [ -73.898890028320295, 40.797957854492189 ], [ -73.899206255859369, 40.797848369140631 ], [ -73.899523291015626, 40.79773695898438 ], [ -73.899841133789067, 40.797623624023444 ], [ -73.900159784179692, 40.797508364257816 ], [ -73.900479242187501, 40.797391179687502 ], [ -73.900799507812494, 40.797272070312502 ], [ -73.90112058105467, 40.79715103613281 ], [ -73.901442461914058, 40.79702807714844 ], [ -73.901765150390617, 40.796903193359377 ], [ -73.902088646484373, 40.796776384765629 ], [ -73.902412950195313, 40.796647651367195 ], [ -73.902738061523436, 40.796516993164062 ], [ -73.903063980468744, 40.79638441015625 ], [ -73.903390707031235, 40.796249902343746 ], [ -73.903718241210925, 40.796113469726563 ], [ -73.904046583007812, 40.795975112304696 ], [ -73.904375732421883, 40.795834830078135 ], [ -73.904705689453124, 40.795692623046875 ], [ -73.905036454101563, 40.795548491210937 ], [ -73.905368026367185, 40.79540243457032 ], [ -73.905700406250006, 40.795254453125004 ], [ -73.906033593749996, 40.795104546875002 ], [ -73.906371541015631, 40.794946617187506 ], [ -73.906714248046868, 40.7947806640625 ], [ -73.907061714843749, 40.794606687500007 ], [ -73.907413941406247, 40.794424687499998 ], [ -73.90777092773439, 40.7942346640625 ], [ -73.908132673828135, 40.794036617187501 ], [ -73.90849917968751, 40.793830546875 ], [ -73.908870445312488, 40.793616453125004 ], [ -73.909246470703124, 40.793394335937506 ], [ -73.909627255859363, 40.793164195312499 ], [ -73.910012800781246, 40.792926031249998 ], [ -73.910403105468745, 40.792679843750001 ], [ -73.910798169921861, 40.792425632812495 ], [ -73.911197994140622, 40.792163398437502 ], [ -73.911602578124985, 40.791893140625 ], [ -73.912011921875006, 40.791614859375002 ], [ -73.91242602539063, 40.791328554687496 ], [ -73.912844888671884, 40.791034226562502 ], [ -73.913268511718755, 40.790731875 ], [ -73.913696894531242, 40.7904215 ], [ -73.914130037109373, 40.790103101562494 ], [ -73.914567939453121, 40.789776679687499 ], [ -73.9150106015625, 40.789442234375002 ], [ -73.915458023437495, 40.789099765624997 ], [ -73.91591020507812, 40.788749273437503 ], [ -73.916367146484362, 40.7883907578125 ], [ -73.916828847656234, 40.788024218750003 ], [ -73.917295308593737, 40.787649656249997 ], [ -73.91776652929687, 40.787267070312495 ], [ -73.918242509765605, 40.786876460937499 ], [ -73.91872325, 40.786477828125001 ], [ -73.91920875, 40.786071171874994 ], [ -73.919691743164066, 40.785675345703126 ], [ -73.920172229492181, 40.785290349609369 ], [ -73.92065020898437, 40.784916183593751 ], [ -73.921125681640632, 40.784552847656258 ], [ -73.921598647460939, 40.784200341796883 ], [ -73.922069106445306, 40.783858666015625 ], [ -73.922537058593747, 40.7835278203125 ], [ -73.923002503906247, 40.783207804687507 ], [ -73.923465442382806, 40.782898619140632 ], [ -73.923925874023439, 40.782600263671874 ], [ -73.924383798828131, 40.782312738281249 ], [ -73.924839216796869, 40.782036042968755 ], [ -73.92529212792968, 40.78177017773438 ], [ -73.925742532226565, 40.781515142578122 ], [ -73.926190429687495, 40.781270937499997 ], [ -73.926635820312498, 40.781037562500003 ], [ -73.927078704101547, 40.780815017578128 ], [ -73.927519081054683, 40.78060330273437 ], [ -73.927956951171865, 40.780402417968745 ], [ -73.92839231445312, 40.780212363281251 ], [ -73.928825170898435, 40.780033138671875 ], [ -73.929255520507809, 40.779864744140617 ], [ -73.929683363281256, 40.779707179687492 ], [ -73.930108699218735, 40.779560445312498 ], [ -73.930531528320302, 40.779424541015622 ], [ -73.930951850585927, 40.779299466796864 ], [ -73.931369666015613, 40.779185222656238 ], [ -73.931784974609371, 40.779081808593745 ], [ -73.93219777636719, 40.778989224609376 ], [ -73.932608071289053, 40.778907470703118 ], [ -73.93301585937499, 40.778836546874999 ], [ -73.933421140625001, 40.778776453124998 ], [ -73.933816162109366, 40.778717875976561 ], [ -73.934200923828129, 40.778660815429689 ], [ -73.934575425781247, 40.778605271484373 ], [ -73.934939667968749, 40.778551244140623 ], [ -73.935293650390619, 40.778498733398436 ], [ -73.935637373046873, 40.778447739257807 ], [ -73.935970835937496, 40.778398261718749 ], [ -73.936294039062489, 40.778350300781248 ], [ -73.936606982421864, 40.778303856445312 ], [ -73.936909666015623, 40.77825892871094 ], [ -73.937202089843737, 40.778215517578126 ], [ -73.937484253906248, 40.778173623046875 ], [ -73.937756158203115, 40.778133245117189 ], [ -73.938017802734379, 40.77809438378906 ], [ -73.938269187499998, 40.778057039062503 ], [ -73.938510312499986, 40.778021210937496 ], [ -73.938741177734357, 40.77798689941406 ], [ -73.938961783203112, 40.777954104492188 ], [ -73.939172128906236, 40.777922826171874 ], [ -73.939372214843743, 40.777893064453124 ], [ -73.93956204101562, 40.777864819335939 ], [ -73.939741607421865, 40.77783809082031 ], [ -73.939910914062494, 40.777812878906246 ], [ -73.940069960937493, 40.777789183593754 ], [ -73.940218748046874, 40.777767004882811 ], [ -73.940357275390625, 40.77774634277344 ], [ -73.940485542968744, 40.777727197265627 ], [ -73.940603550781248, 40.777709568359377 ], [ -73.94071129882812, 40.777693456054692 ], [ -73.940808787109376, 40.777678860351564 ], [ -73.940896015625, 40.777665781250001 ], [ -73.940972984374994, 40.777654218750001 ], [ -73.941045142578119, 40.777643378906248 ], [ -73.941112490234374, 40.777633261718748 ], [ -73.941175027343746, 40.777623867187501 ], [ -73.941232753906249, 40.777615195312499 ], [ -73.941285669921882, 40.777607246093751 ], [ -73.941333775390632, 40.777600019531249 ], [ -73.941377070312512, 40.777593515625 ], [ -73.941415554687495, 40.777587734375004 ], [ -73.941449228515637, 40.777582675781254 ], [ -73.941478091796881, 40.777578339843757 ], [ -73.941502144531256, 40.777574726562506 ], [ -73.941521386718762, 40.777571835937501 ], [ -73.94153581835937, 40.777569667968748 ], [ -73.941545439453137, 40.777568222656257 ], [ -73.94155025, 40.7775675 ], [ -73.94155025, 40.7775675 ], [ -73.941545439453137, 40.777568222656257 ], [ -73.94153581835937, 40.777569667968748 ], [ -73.941521386718762, 40.777571835937501 ], [ -73.941502144531256, 40.777574726562506 ], [ -73.941478091796881, 40.777578339843757 ], [ -73.941449228515637, 40.777582675781254 ], [ -73.941415554687495, 40.777587734375004 ], [ -73.941377070312512, 40.777593515625 ], [ -73.941333775390632, 40.777600019531249 ], [ -73.941285669921882, 40.777607246093751 ], [ -73.941232753906249, 40.777615195312499 ], [ -73.941175027343746, 40.777623867187501 ], [ -73.941112490234374, 40.777633261718748 ], [ -73.941045142578119, 40.777643378906248 ], [ -73.940972984374994, 40.777654218750001 ], [ -73.940896015625, 40.777665781250001 ], [ -73.940837631835933, 40.777657667968754 ], [ -73.940797833007821, 40.777629878906254 ], [ -73.940776619140621, 40.777582414062501 ], [ -73.940773990234362, 40.777515273437501 ], [ -73.940789946289044, 40.777428457031249 ], [ -73.940824487304667, 40.77732196484375 ], [ -73.940877613281231, 40.777195796874999 ], [ -73.940949324218735, 40.777049953125001 ], [ -73.941039620117181, 40.77688443359375 ], [ -73.941148500976567, 40.776699238281253 ], [ -73.941275966796866, 40.776494367187503 ], [ -73.94142201757812, 40.7762698203125 ], [ -73.9415866533203, 40.776025597656243 ], [ -73.941769874023436, 40.775761699218748 ], [ -73.941971679687498, 40.775478125 ], [ -73.942192070312487, 40.775174875 ], [ -73.942431045898431, 40.774851949218757 ], [ -73.942688606445302, 40.774509347656249 ], [ -73.942964751953127, 40.774147070312502 ], [ -73.943259482421865, 40.773765117187502 ], [ -73.943572797851559, 40.773363488281248 ], [ -73.943904698242193, 40.772942183593756 ], [ -73.944255183593754, 40.772501203125003 ], [ -73.944624253906241, 40.772040546874997 ], [ -73.945011909179669, 40.771560214843745 ], [ -73.945418149414053, 40.771060207031248 ], [ -73.945842974609377, 40.770540523437496 ], [ -73.946286384765614, 40.770001164062499 ], [ -73.946748379882806, 40.769442128906249 ], [ -73.947228959960938, 40.768863417968753 ], [ -73.947728125, 40.768265031250003 ], [ -73.948245875, 40.767646968749993 ], [ -73.948759400390628, 40.767033778320311 ], [ -73.94926870117186, 40.766425459960935 ], [ -73.949773777343736, 40.765822013671873 ], [ -73.950274628906257, 40.765223439453123 ], [ -73.950771255859379, 40.764629737304681 ], [ -73.951263658203118, 40.764040907226558 ], [ -73.9517518359375, 40.763456949218742 ], [ -73.952235789062499, 40.76287786328124 ], [ -73.952715517578127, 40.762303649414051 ], [ -73.953191021484386, 40.761734307617182 ], [ -73.953662300781247, 40.76116983789062 ], [ -73.954129355468751, 40.760610240234371 ], [ -73.954592185546858, 40.760055514648435 ], [ -73.955050791015623, 40.759505661132806 ], [ -73.955505171874989, 40.758960679687497 ], [ -73.955955328125, 40.758420570312495 ], [ -73.956401259765627, 40.757885333007806 ], [ -73.95684296679687, 40.757354967773438 ], [ -73.957280449218743, 40.756829474609376 ], [ -73.957713707031246, 40.75630885351562 ], [ -73.958142740234365, 40.755793104492177 ], [ -73.958567548828114, 40.755282227539055 ], [ -73.958988132812493, 40.75477622265624 ], [ -73.959404492187488, 40.754275089843752 ], [ -73.959816626953113, 40.753778829101563 ], [ -73.960224537109369, 40.753287440429688 ], [ -73.96062822265624, 40.752800923828126 ], [ -73.961027683593741, 40.75231927929687 ], [ -73.961422919921873, 40.751842506835935 ], [ -73.96181393164062, 40.751370606445306 ], [ -73.962200718749997, 40.750903578124991 ], [ -73.962583281249991, 40.750441421874996 ], [ -73.962956048828119, 40.749994327148428 ], [ -73.963319021484352, 40.749562293945303 ], [ -73.963672199218735, 40.749145322265619 ], [ -73.964015582031237, 40.748743412109363 ], [ -73.96434916992186, 40.748356563476548 ], [ -73.964672962890631, 40.747984776367176 ], [ -73.964986960937495, 40.747628050781245 ], [ -73.965291164062506, 40.747286386718741 ], [ -73.965585572265624, 40.74695978417968 ], [ -73.965870185546876, 40.74664824316406 ], [ -73.966145003906263, 40.746351763671868 ], [ -73.966410027343755, 40.746070345703117 ], [ -73.966665255859397, 40.745803989257809 ], [ -73.96691068945313, 40.745552694335927 ], [ -73.967146328125011, 40.745316460937495 ], [ -73.967372171874985, 40.745095289062498 ], [ -73.967588220703107, 40.744889178710935 ], [ -73.967794474609363, 40.744698129882806 ], [ -73.96799093359374, 40.74452214257812 ], [ -73.968177597656236, 40.744361216796868 ], [ -73.968354466796868, 40.744215352539058 ], [ -73.968521541015619, 40.744084549804683 ], [ -73.968678820312491, 40.743968808593742 ], [ -73.968826304687497, 40.743868128906243 ], [ -73.968963994140623, 40.743782510742179 ], [ -73.969091888671869, 40.743711954101556 ], [ -73.96920998828125, 40.743656458984368 ], [ -73.969318292968751, 40.743616025390615 ], [ -73.969416802734372, 40.743590653320304 ], [ -73.969505517578128, 40.743580342773427 ], [ -73.969584437500004, 40.743585093749992 ], [ -73.969653562499985, 40.743604906250006 ], [ -73.969718367187482, 40.743623480468756 ], [ -73.969778851562495, 40.743640816406256 ], [ -73.969835015624994, 40.743656914062505 ], [ -73.969886859374981, 40.743671773437505 ], [ -73.969934382812482, 40.743685394531255 ], [ -73.969977585937499, 40.743697777343755 ], [ -73.970016468750003, 40.743708921875005 ], [ -73.970051031249994, 40.743718828125004 ], [ -73.970081273437486, 40.743727496093754 ], [ -73.970107195312494, 40.743734925781254 ], [ -73.970128796874988, 40.743741117187504 ], [ -73.970146078124998, 40.743746070312504 ], [ -73.970159039062494, 40.743749785156254 ], [ -73.970167679687492, 40.743752261718754 ], [ -73.970172, 40.7437535 ], [ -73.970172, 40.7437535 ], [ -73.970167679687492, 40.743752261718754 ], [ -73.970159039062494, 40.743749785156254 ], [ -73.970146078124998, 40.743746070312504 ], [ -73.970128796874988, 40.743741117187504 ], [ -73.970107195312494, 40.743734925781254 ], [ -73.970081273437486, 40.743727496093754 ], [ -73.970051031249994, 40.743718828125004 ], [ -73.970016468750003, 40.743708921875005 ], [ -73.969977585937499, 40.743697777343755 ], [ -73.969934382812482, 40.743685394531255 ], [ -73.969886859374981, 40.743671773437505 ], [ -73.969835015624994, 40.743656914062505 ], [ -73.969778851562495, 40.743640816406256 ], [ -73.969718367187482, 40.743623480468756 ], [ -73.969653562499985, 40.743604906250006 ], [ -73.969584437500004, 40.743585093749992 ], [ -73.969519006835938, 40.743554696289053 ], [ -73.969457270507803, 40.743513713867181 ], [ -73.969399228515613, 40.743462146484369 ], [ -73.969344880859381, 40.743399994140617 ], [ -73.969294227539066, 40.743327256835926 ], [ -73.969247268554682, 40.743243934570302 ], [ -73.969204003906242, 40.743150027343745 ], [ -73.969164433593747, 40.743045535156241 ], [ -73.969128557617182, 40.742930458007805 ], [ -73.969096375976562, 40.742804795898437 ], [ -73.969067888671873, 40.742668548828121 ], [ -73.969043095703114, 40.742521716796873 ], [ -73.969021997070314, 40.742364299804684 ], [ -73.96900459277343, 40.742196297851557 ], [ -73.968990882812506, 40.742017710937496 ], [ -73.968980867187497, 40.741828539062496 ], [ -73.968974545898448, 40.741628782226563 ], [ -73.968971918945314, 40.741418440429683 ], [ -73.968972986328126, 40.741197513671871 ], [ -73.968977748046882, 40.740966001953119 ], [ -73.968986204101569, 40.740723905273427 ], [ -73.9689983544922, 40.740471223632809 ], [ -73.969014199218762, 40.740207957031245 ], [ -73.969033738281254, 40.739934105468748 ], [ -73.969056971679692, 40.739649668945312 ], [ -73.969083899414059, 40.739354647460935 ], [ -73.969114521484371, 40.739049041015619 ], [ -73.969148837890643, 40.738732849609363 ], [ -73.96918684863283, 40.738406073242174 ], [ -73.969228553710948, 40.738068711914053 ], [ -73.969273953125011, 40.737720765624999 ], [ -73.969323046875004, 40.737362234374999 ], [ -73.969373372070322, 40.737015077148442 ], [ -73.969424928710936, 40.736679293945315 ], [ -73.969477716796888, 40.736354884765632 ], [ -73.96953173632815, 40.736041849609379 ], [ -73.969586987304709, 40.735740188476569 ], [ -73.969643469726577, 40.73544990136719 ], [ -73.96970118359377, 40.735170988281254 ], [ -73.969760128906245, 40.734903449218749 ], [ -73.969820305664058, 40.734647284179687 ], [ -73.969881713867181, 40.734402493164062 ], [ -73.969944353515615, 40.734169076171874 ], [ -73.970008224609387, 40.733947033203123 ], [ -73.970073327148441, 40.733736364257808 ], [ -73.970139661132819, 40.733537069335938 ], [ -73.970207226562508, 40.733349148437497 ], [ -73.970276023437492, 40.733172601562501 ], [ -73.970346051757815, 40.733007428710941 ], [ -73.970417311523434, 40.732853629882811 ], [ -73.970489802734377, 40.732711205078125 ], [ -73.970563525390617, 40.732580154296869 ], [ -73.97063847949218, 40.732460477539057 ], [ -73.970714665039054, 40.732352174804682 ], [ -73.970792082031252, 40.732255246093743 ], [ -73.970870730468747, 40.732169691406256 ], [ -73.970950610351565, 40.732095510742191 ], [ -73.971031721679694, 40.732032704101563 ], [ -73.971114064453133, 40.731981271484372 ], [ -73.971197638671867, 40.731941212890632 ], [ -73.971282444335941, 40.731912528320315 ], [ -73.971368481445325, 40.731895217773442 ], [ -73.97145575, 40.731889281250005 ], [ -73.97154425, 40.731894718749999 ], [ -73.971627218750001, 40.731899816406255 ], [ -73.971704656249983, 40.731904574218753 ], [ -73.971776562499997, 40.731908992187506 ], [ -73.971842937499986, 40.731913070312501 ], [ -73.971903781249992, 40.731916808593752 ], [ -73.971959093749987, 40.731920207031251 ], [ -73.972008874999986, 40.731923265625007 ], [ -73.972053124999988, 40.731925984375003 ], [ -73.972091843749993, 40.731928363281256 ], [ -73.972125031249988, 40.731930402343757 ], [ -73.972152687499985, 40.731932101562506 ], [ -73.9721748125, 40.731933460937505 ], [ -73.972191406250005, 40.731934480468752 ], [ -73.972202468749998, 40.731935160156254 ], [ -73.972208, 40.7319355 ], [ -73.972208, 40.7319355 ], [ -73.972202468749998, 40.731935160156254 ], [ -73.972191406250005, 40.731934480468752 ], [ -73.9721748125, 40.731933460937505 ], [ -73.972152687499985, 40.731932101562506 ], [ -73.972125031249988, 40.731930402343757 ], [ -73.972091843749993, 40.731928363281256 ], [ -73.972053124999988, 40.731925984375003 ], [ -73.972008874999986, 40.731923265625007 ], [ -73.971959093749987, 40.731920207031251 ], [ -73.971903781249992, 40.731916808593752 ], [ -73.971842937499986, 40.731913070312501 ], [ -73.971776562499997, 40.731908992187506 ], [ -73.971704656249983, 40.731904574218753 ], [ -73.971627218750001, 40.731899816406255 ], [ -73.97154425, 40.731894718749999 ], [ -73.97145575, 40.731889281250005 ], [ -73.971369745117187, 40.731873943359375 ], [ -73.97128623535157, 40.731848705078129 ], [ -73.971205220703126, 40.731813566406252 ], [ -73.971126701171869, 40.731768527343746 ], [ -73.971050676757812, 40.731713587890624 ], [ -73.970977147460943, 40.731648748046872 ], [ -73.970906113281245, 40.731574007812497 ], [ -73.970837574218763, 40.7314893671875 ], [ -73.970771530273439, 40.731394826171879 ], [ -73.970707981445315, 40.731290384765629 ], [ -73.970646927734364, 40.731176042968755 ], [ -73.970588369140629, 40.731051800781245 ], [ -73.970532305664065, 40.730917658203126 ], [ -73.970478737304688, 40.730773615234369 ], [ -73.970427664062498, 40.730619671874997 ], [ -73.970379085937509, 40.730455828125002 ], [ -73.970333002929692, 40.730282083984378 ], [ -73.970289415039076, 40.730098439453123 ], [ -73.970248322265633, 40.729904894531252 ], [ -73.97020972460939, 40.729701449218751 ], [ -73.97017362207032, 40.729488103515635 ], [ -73.97014001464845, 40.729264857421882 ], [ -73.970108902343753, 40.729031710937505 ], [ -73.970080285156257, 40.728788664062506 ], [ -73.970054163085933, 40.728535716796884 ], [ -73.970030536132811, 40.728272869140625 ], [ -73.970009404296874, 40.728000121093757 ], [ -73.969990767578125, 40.727717472656252 ], [ -73.969974625976562, 40.727424923828131 ], [ -73.969960979492186, 40.727122474609381 ], [ -73.969949828124996, 40.726810125 ], [ -73.969941171875007, 40.726487875 ], [ -73.96993583398438, 40.726166773437498 ], [ -73.969933814453128, 40.725846820312505 ], [ -73.969935113281252, 40.725528015625002 ], [ -73.969939730468752, 40.725210359375005 ], [ -73.969947666015628, 40.724893851562506 ], [ -73.969958919921879, 40.724578492187504 ], [ -73.969973492187506, 40.724264281250008 ], [ -73.969991382812495, 40.723951218749995 ], [ -73.970012591796873, 40.723639304687495 ], [ -73.970037119140628, 40.7233285390625 ], [ -73.970064964843743, 40.723018921874996 ], [ -73.970096128906249, 40.722710453125003 ], [ -73.970130611328116, 40.722403132812502 ], [ -73.970168412109373, 40.722096960937506 ], [ -73.970209531249992, 40.721791937500001 ], [ -73.970253968750001, 40.721488062500001 ], [ -73.970301724609371, 40.721185335937506 ], [ -73.970352798828117, 40.720883757812501 ], [ -73.970407191406252, 40.720583328125002 ], [ -73.970464902343736, 40.720284046874994 ], [ -73.970525931640609, 40.719985914062498 ], [ -73.970590279296871, 40.719688929687493 ], [ -73.970657945312496, 40.719393093749993 ], [ -73.970728929687482, 40.719098406250005 ], [ -73.970803232421858, 40.718804867187501 ], [ -73.970880853515624, 40.718512476562502 ], [ -73.970961792968751, 40.718221234375001 ], [ -73.97104605078124, 40.717931140624998 ], [ -73.971133626953119, 40.7176421953125 ], [ -73.971224521484373, 40.7173543984375 ], [ -73.971318734374989, 40.71706775 ], [ -73.97141626562501, 40.71678225 ], [ -73.971513213867183, 40.71650350878906 ], [ -73.971609579101568, 40.716231526367196 ], [ -73.971705361328119, 40.71596630273438 ], [ -73.971800560546868, 40.715707837890626 ], [ -73.971895176757812, 40.715456131835936 ], [ -73.971989209960924, 40.715211184570315 ], [ -73.972082660156246, 40.714972996093749 ], [ -73.972175527343751, 40.714741566406254 ], [ -73.972267811523437, 40.714516895507813 ], [ -73.972359512695306, 40.714298983398436 ], [ -73.972450630859385, 40.714087830078128 ], [ -73.972541166015631, 40.713883435546876 ], [ -73.972631118164074, 40.713685799804693 ], [ -73.972720487304684, 40.713494922851567 ], [ -73.972809273437505, 40.713310804687502 ], [ -73.972897476562494, 40.713133445312501 ], [ -73.972985096679679, 40.712962844726562 ], [ -73.97307213378906, 40.712799002929685 ], [ -73.973158587890623, 40.712641919921872 ], [ -73.973244458984368, 40.712491595703121 ], [ -73.973329747070295, 40.712348030273432 ], [ -73.973414452148432, 40.712211223632806 ], [ -73.973498574218738, 40.712081175781243 ], [ -73.973582113281239, 40.711957886718743 ], [ -73.973665069335937, 40.711841356445305 ], [ -73.973747442382802, 40.71173158496093 ], [ -73.973829232421878, 40.711628572265617 ], [ -73.973910439453107, 40.711532318359367 ], [ -73.973991063476547, 40.71144282324218 ], [ -73.974071104492182, 40.711360086914056 ], [ -73.9741505625, 40.711284109374994 ], [ -73.974229437499986, 40.711214890624994 ], [ -73.974310954101554, 40.711145840820308 ], [ -73.974395112304677, 40.711076959960934 ], [ -73.974481912109354, 40.711008248046873 ], [ -73.974571353515614, 40.710939705078125 ], [ -73.974663436523429, 40.71087133105469 ], [ -73.974758161132797, 40.710803125976561 ], [ -73.974855527343749, 40.710735089843745 ], [ -73.974955535156241, 40.710667222656248 ], [ -73.975058184570315, 40.710599524414057 ], [ -73.97516347558593, 40.710531995117179 ], [ -73.975271408203128, 40.710464634765621 ], [ -73.975381982421865, 40.710397443359369 ], [ -73.975495198242172, 40.71033042089843 ], [ -73.975611055664061, 40.71026356738281 ], [ -73.97572955468749, 40.710196882812497 ], [ -73.975850695312502, 40.710130367187503 ], [ -73.975974477539069, 40.710064020507815 ], [ -73.976100901367175, 40.70999784277344 ], [ -73.976229966796865, 40.709931833984378 ], [ -73.976361673828137, 40.709865994140628 ], [ -73.976496022460935, 40.709800323242192 ], [ -73.976633012695316, 40.709734821289061 ], [ -73.976772644531252, 40.70966948828125 ], [ -73.976914917968742, 40.709604324218745 ], [ -73.977059833007814, 40.70953932910156 ], [ -73.977207389648441, 40.709474502929687 ], [ -73.977357587890623, 40.709409845703121 ], [ -73.977510427734373, 40.709345357421881 ], [ -73.977665909179692, 40.70928103808594 ], [ -73.977824032226565, 40.709216887695312 ], [ -73.977984796875006, 40.709152906249997 ], [ -73.978148203125002, 40.709089093749995 ], [ -73.97831642773437, 40.709026581054687 ], [ -73.978489470703124, 40.708965368164058 ], [ -73.97866733203125, 40.708905455078124 ], [ -73.978850011718748, 40.708846841796877 ], [ -73.979037509765618, 40.708789528320317 ], [ -73.979229826171888, 40.708733514648436 ], [ -73.979426960937502, 40.70867880078125 ], [ -73.979628914062516, 40.708625386718751 ], [ -73.979835685546874, 40.708573272460939 ], [ -73.980047275390632, 40.708522458007806 ], [ -73.980263683593748, 40.708472943359375 ], [ -73.98048491015625, 40.708424728515624 ], [ -73.980710955078123, 40.708377813476567 ], [ -73.980941818359383, 40.708332198242189 ], [ -73.9811775, 40.708287882812499 ], [ -73.981418, 40.708244867187503 ], [ -73.981663318359381, 40.708203151367186 ], [ -73.981913455078143, 40.708162735351564 ], [ -73.982168410156262, 40.708123619140629 ], [ -73.98242818359374, 40.708085802734374 ], [ -73.982692775390618, 40.708049286132812 ], [ -73.982962185546867, 40.708014069335938 ], [ -73.983236414062489, 40.707980152343751 ], [ -73.983515460937511, 40.707947535156258 ], [ -73.983799326171891, 40.707916217773445 ], [ -73.984088009765628, 40.707886200195318 ], [ -73.984381511718752, 40.707857482421879 ], [ -73.984679832031247, 40.707830064453134 ], [ -73.984982970703129, 40.707803946289069 ], [ -73.985290927734368, 40.707779127929697 ], [ -73.985603703124994, 40.707755609375006 ], [ -73.985921296874992, 40.707733390625002 ], [ -73.986243041015612, 40.707706971679684 ], [ -73.98656893554687, 40.707676352539067 ], [ -73.986898980468737, 40.70764153320313 ], [ -73.987233175781242, 40.707602513671873 ], [ -73.987571521484369, 40.707559293945309 ], [ -73.987914017578134, 40.707511874023439 ], [ -73.988260664062508, 40.707460253906248 ], [ -73.988611460937491, 40.707404433593751 ], [ -73.988966408203112, 40.707344413085941 ], [ -73.98932550585937, 40.707280192382811 ], [ -73.98968875390625, 40.707211771484374 ], [ -73.990056152343755, 40.707139150390624 ], [ -73.990427701171882, 40.707062329101561 ], [ -73.990803400390632, 40.706981307617191 ], [ -73.99118325, 40.706896085937501 ], [ -73.99156725, 40.706806664062498 ], [ -73.991955400390623, 40.706713041992188 ], [ -73.992347701171866, 40.706615219726558 ], [ -73.992744152343747, 40.706513197265622 ], [ -73.99314475390625, 40.706406974609379 ], [ -73.993549505859377, 40.706296551757816 ], [ -73.993958408203127, 40.706181928710933 ], [ -73.994371460937501, 40.706063105468751 ], [ -73.994788664062511, 40.705940082031248 ], [ -73.995210017578131, 40.705812858398431 ], [ -73.995635521484374, 40.705681434570309 ], [ -73.996065175781254, 40.705545810546873 ], [ -73.996498980468758, 40.705405986328124 ], [ -73.996936935546884, 40.705261961914061 ], [ -73.997379041015634, 40.705113737304686 ], [ -73.997825296875007, 40.704961312499996 ], [ -73.998275703125003, 40.704804687500001 ], [ -73.998713430664054, 40.704654197265626 ], [ -73.999138479492188, 40.70450984179687 ], [ -73.999550849609363, 40.704371621093749 ], [ -73.999950541015636, 40.704239535156248 ], [ -74.000337553710949, 40.70411358398438 ], [ -74.000711887695317, 40.703993767578126 ], [ -74.001073542968754, 40.703880085937499 ], [ -74.00142251953126, 40.703772539062498 ], [ -74.001758817382822, 40.703671126953125 ], [ -74.002082436523452, 40.703575849609379 ], [ -74.002393376953137, 40.703486707031253 ], [ -74.002691638671891, 40.703403699218747 ], [ -74.0029772216797, 40.703326826171875 ], [ -74.003250125976564, 40.70325608789063 ], [ -74.003510351562511, 40.703191484374997 ], [ -74.003757898437499, 40.703133015624999 ], [ -74.003994163085935, 40.703081921874997 ], [ -74.004219145507818, 40.70303820312499 ], [ -74.004432845703121, 40.703001859374993 ], [ -74.004635263671872, 40.702972890624999 ], [ -74.004826399414057, 40.702951296875 ], [ -74.005006252929689, 40.702937078124997 ], [ -74.005174824218756, 40.702930234374996 ], [ -74.005332113281241, 40.702930765624998 ], [ -74.005482309570311, 40.702942392578123 ], [ -74.005625413085937, 40.70296511523437 ], [ -74.005761423828119, 40.702998933593747 ], [ -74.005890341796885, 40.703043847656247 ], [ -74.006024735351573, 40.703111019531249 ], [ -74.006164604492184, 40.703200449218741 ], [ -74.006347654296874, 40.703345623046872 ], [ -74.006687, 40.703647 ] ] } },
{ "type": "Feature", "properties": { "Id": 0, "shape_id": "150", "route_id": "SG", "agency_id": "1", "short_name": "SG", "long_name": "St. George", "route_type": "4", "color": "#D0006F", "text_color": "FFFFFF", "rt_tp_txt": "Ferry", "direction": "SB" }, "geometry": { "type": "LineString", "coordinates": [ [ -74.074226, 40.6460716 ], [ -74.072558815917972, 40.646745141894527 ], [ -74.071717236328126, 40.64707119101562 ], [ -74.071145533203122, 40.647274261328121 ], [ -74.07065846386719, 40.647429190820304 ], [ -74.070256028320316, 40.64753597949219 ], [ -74.069876479003909, 40.647619573339846 ], [ -74.069519815917971, 40.647679972363278 ], [ -74.069186039062501, 40.647717176562502 ], [ -74.068875148437499, 40.647731185937495 ], [ -74.068566561523426, 40.647730315820311 ], [ -74.068260278320309, 40.647714566210936 ], [ -74.067956298828108, 40.64768393710937 ], [ -74.067654623046877, 40.647638428515627 ], [ -74.067355250976561, 40.647578040429686 ], [ -74.067058182617188, 40.64750277285156 ], [ -74.066763417968758, 40.64741262578125 ], [ -74.066470957031243, 40.647307599218749 ], [ -74.066173938964852, 40.647190464941403 ], [ -74.065872363769529, 40.647061222949219 ], [ -74.065566231445317, 40.646919873242183 ], [ -74.065255541992187, 40.646766415820309 ], [ -74.064940295410153, 40.646600850683591 ], [ -74.064620491699216, 40.646423177832027 ], [ -74.064296130859375, 40.646233397265618 ], [ -74.063967212890631, 40.646031508984379 ], [ -74.063633737792969, 40.64581751298828 ], [ -74.063295705566418, 40.645591409277344 ], [ -74.062953116210934, 40.645353197851563 ], [ -74.062605969726548, 40.645102878710937 ], [ -74.062254266113271, 40.644840451855472 ], [ -74.061898005371091, 40.644565917285156 ], [ -74.061537187499994, 40.644279275 ], [ -74.061171812500007, 40.643980525 ], [ -74.06080467382813, 40.643689771874996 ], [ -74.060435771484393, 40.643407015624994 ], [ -74.060065105468766, 40.643132256249999 ], [ -74.059692675781264, 40.642865493749994 ], [ -74.059318482421887, 40.642606728125003 ], [ -74.058942525390634, 40.642355959374996 ], [ -74.058564804687506, 40.642113187500001 ], [ -74.058185320312504, 40.641878412499992 ], [ -74.057804072265625, 40.641651634374995 ], [ -74.057421060546872, 40.641432853124996 ], [ -74.057036285156244, 40.641222068749997 ], [ -74.05664974609374, 40.641019281249996 ], [ -74.056261443359361, 40.640824490624993 ], [ -74.055871376953121, 40.640637696874997 ], [ -74.055479546874992, 40.6404589 ], [ -74.055085953125001, 40.6402881 ], [ -74.054690595703121, 40.640125296874999 ], [ -74.054293474609366, 40.639970490624997 ], [ -74.053894589843736, 40.63982368125 ], [ -74.053493941406259, 40.639684868749995 ], [ -74.053091529296879, 40.639554053124996 ], [ -74.052687353515623, 40.639431234374996 ], [ -74.052281414062492, 40.639316412500001 ], [ -74.051873710937485, 40.639209587499998 ], [ -74.051464244140618, 40.639110759375001 ], [ -74.051053013671861, 40.639019928125002 ], [ -74.050640019531244, 40.638937093750002 ], [ -74.050225261718751, 40.63886225625 ], [ -74.049808740234369, 40.638795415624998 ], [ -74.049390455078125, 40.638736571875 ], [ -74.048970406249992, 40.638685725 ], [ -74.048548593750013, 40.638642875 ], [ -74.048137812500016, 40.63860411308594 ], [ -74.047738062500002, 40.638569439257815 ], [ -74.04734934375, 40.638538853515627 ], [ -74.046971656250008, 40.638512355859376 ], [ -74.046605, 40.638489946289063 ], [ -74.046249375, 40.638471624804687 ], [ -74.045904781250016, 40.638457391406249 ], [ -74.045571218750013, 40.638447246093762 ], [ -74.04524868750002, 40.638441188867198 ], [ -74.044937187500011, 40.638439219726571 ], [ -74.044636718750013, 40.638441338671882 ], [ -74.044347281250026, 40.63844754570313 ], [ -74.044068875000022, 40.638457840820315 ], [ -74.043801500000015, 40.638472224023438 ], [ -74.043545156250019, 40.638490695312498 ], [ -74.043299843749992, 40.63851325468751 ], [ -74.04306556249999, 40.638539902148445 ], [ -74.042842312499999, 40.638570637695317 ], [ -74.042630093749992, 40.638605461328126 ], [ -74.042428906249995, 40.638644373046873 ], [ -74.04223875, 40.638687372851564 ], [ -74.042059625, 40.638734460742185 ], [ -74.041891531250002, 40.638785636718751 ], [ -74.041734468749993, 40.638840900781254 ], [ -74.041588437499996, 40.638900252929687 ], [ -74.041453437499996, 40.638963693164065 ], [ -74.041329468750007, 40.639031221484373 ], [ -74.041216531250001, 40.639102837890633 ], [ -74.041114625, 40.639178542382815 ], [ -74.04102375, 40.639258334960942 ], [ -74.040943906250007, 40.639342215625007 ], [ -74.040875093750003, 40.639430184375001 ], [ -74.040806785644534, 40.639514488964849 ], [ -74.0407389819336, 40.639595129394543 ], [ -74.040671682617187, 40.639672105664076 ], [ -74.040604887695324, 40.63974541777344 ], [ -74.040538597167981, 40.639815065722658 ], [ -74.040472811035158, 40.639881049511729 ], [ -74.040407529296886, 40.639943369140632 ], [ -74.040342751953119, 40.64000202460938 ], [ -74.040278479003902, 40.640057015917975 ], [ -74.04021471044922, 40.640108343066409 ], [ -74.040151446289059, 40.640156006054688 ], [ -74.040088686523447, 40.640200004882821 ], [ -74.040026431152356, 40.640240339550786 ], [ -74.039964680175785, 40.640277010058604 ], [ -74.039903433593764, 40.640310016406261 ], [ -74.03984269140625, 40.640339358593749 ], [ -74.039782453613284, 40.640365036621091 ], [ -74.039722720214854, 40.640387050488286 ], [ -74.039663491210945, 40.64040540019532 ], [ -74.039604766601556, 40.640420085742193 ], [ -74.039546546386717, 40.640431107128919 ], [ -74.039488830566398, 40.640438464355476 ], [ -74.039431619140629, 40.64044215742188 ], [ -74.039374912109366, 40.640442186328137 ], [ -74.039318709472653, 40.640438551074226 ], [ -74.039263011230474, 40.640431251660168 ], [ -74.039207817382817, 40.640420288085949 ], [ -74.039153127929694, 40.640405660351561 ], [ -74.039098942871107, 40.640387368457027 ], [ -74.039045262207026, 40.640365412402346 ], [ -74.038992085937508, 40.640339792187504 ], [ -74.038939414062497, 40.640310507812501 ], [ -74.038890034179687, 40.640283053710945 ], [ -74.038843946289063, 40.640257429882809 ], [ -74.038801150390626, 40.640233636328119 ], [ -74.038761646484375, 40.640211673046878 ], [ -74.038725434570324, 40.640191540039062 ], [ -74.038692514648432, 40.640173237304687 ], [ -74.038662886718754, 40.640156764843752 ], [ -74.038636550781263, 40.640142122656243 ], [ -74.038613506835944, 40.640129310742182 ], [ -74.038593754882811, 40.640118329101568 ], [ -74.038577294921879, 40.640109177734374 ], [ -74.038564126953119, 40.640101856640626 ], [ -74.03855425097656, 40.640096365820312 ], [ -74.038547666992187, 40.640092705273432 ], [ -74.038544375, 40.640090875 ], [ -74.038544375, 40.640090875 ], [ -74.038547666992187, 40.640092705273432 ], [ -74.03855425097656, 40.640096365820312 ], [ -74.038564126953119, 40.640101856640626 ], [ -74.038577294921879, 40.640109177734374 ], [ -74.038593754882811, 40.640118329101568 ], [ -74.038613506835944, 40.640129310742182 ], [ -74.038636550781263, 40.640142122656243 ], [ -74.038662886718754, 40.640156764843752 ], [ -74.038692514648432, 40.640173237304687 ], [ -74.038725434570324, 40.640191540039062 ], [ -74.038761646484375, 40.640211673046878 ], [ -74.038801150390626, 40.640233636328119 ], [ -74.038843946289063, 40.640257429882809 ], [ -74.038890034179687, 40.640283053710945 ], [ -74.038939414062497, 40.640310507812501 ], [ -74.038992085937508, 40.640339792187504 ], [ -74.039027761230471, 40.64038685966797 ], [ -74.039046439941416, 40.640451710253913 ], [ -74.039048122070326, 40.640534343945319 ], [ -74.03903280761719, 40.640634760742188 ], [ -74.039000496582034, 40.640752960644534 ], [ -74.038951188964845, 40.640888943652349 ], [ -74.038884884765622, 40.641042709765628 ], [ -74.03880158398438, 40.641214258984384 ], [ -74.038701286621091, 40.641403591308602 ], [ -74.038583992675768, 40.641610706738291 ], [ -74.038449702148426, 40.64183560527345 ], [ -74.038298415039066, 40.642078286914064 ], [ -74.038130131347671, 40.642338751660162 ], [ -74.037944851074229, 40.642616999511723 ], [ -74.037742574218768, 40.642913030468755 ], [ -74.037523300781245, 40.643226844531256 ], [ -74.037287030761718, 40.64355844169922 ], [ -74.037033764160157, 40.643907821972661 ], [ -74.036763500976562, 40.644274985351565 ], [ -74.036476241210949, 40.644659931835939 ], [ -74.036171984863287, 40.645062661425783 ], [ -74.035850731933607, 40.645483174121097 ], [ -74.035512482421893, 40.64592146992188 ], [ -74.035157236328132, 40.646377548828127 ], [ -74.034784993652352, 40.646851410839844 ], [ -74.034395754394552, 40.647343055957037 ], [ -74.033989518554705, 40.647852484179694 ], [ -74.033566286132825, 40.648379695507813 ], [ -74.033126057128925, 40.648924689941403 ], [ -74.032668831542978, 40.649487467480469 ], [ -74.032194609375011, 40.650068028124998 ], [ -74.031703390624997, 40.650666371875005 ], [ -74.031224865722663, 40.651264112011724 ], [ -74.030759034667966, 40.651861248535162 ], [ -74.030305897460948, 40.652457781445321 ], [ -74.029865454101554, 40.653053710742185 ], [ -74.029437704589839, 40.653649036425783 ], [ -74.029022648925775, 40.654243758496094 ], [ -74.028620287109362, 40.654837876953131 ], [ -74.028230619140629, 40.655431391796874 ], [ -74.027853645019519, 40.656024303027344 ], [ -74.027489364746089, 40.656616610644534 ], [ -74.027137778320309, 40.657208314648443 ], [ -74.026798885742181, 40.657799415039065 ], [ -74.026472687011733, 40.658389911816414 ], [ -74.026159182128907, 40.658979804980476 ], [ -74.025858371093761, 40.65956909453125 ], [ -74.025570253906238, 40.660157780468751 ], [ -74.025294830566395, 40.660745862792965 ], [ -74.025032101074217, 40.661333341503905 ], [ -74.02478206542969, 40.661920216601558 ], [ -74.024544723632815, 40.662506488085938 ], [ -74.024320075683605, 40.663092155957031 ], [ -74.024108121582046, 40.663677220214836 ], [ -74.023908861328138, 40.664261680859369 ], [ -74.023722294921882, 40.664845537890628 ], [ -74.023548422363291, 40.665428791308592 ], [ -74.023387243652337, 40.666011441113277 ], [ -74.023238758789063, 40.666593487304681 ], [ -74.02310296777344, 40.667174929882805 ], [ -74.022979870605468, 40.667755768847648 ], [ -74.022869467285147, 40.668336004199212 ], [ -74.022771757812507, 40.668915635937495 ], [ -74.022686742187503, 40.669494664062498 ], [ -74.022597695410155, 40.670062479394531 ], [ -74.022504617480479, 40.670619081933594 ], [ -74.022407508398445, 40.671164471679688 ], [ -74.022306368164067, 40.671698648632812 ], [ -74.022201196777345, 40.672221612792967 ], [ -74.022091994238295, 40.672733364160152 ], [ -74.021978760546887, 40.673233902734367 ], [ -74.021861495703121, 40.673723228515627 ], [ -74.021740199707025, 40.674201341503903 ], [ -74.021614872558601, 40.674668241699216 ], [ -74.021485514257819, 40.675123929101559 ], [ -74.021352124804679, 40.675568403710933 ], [ -74.02121470419921, 40.676001665527345 ], [ -74.021073252441411, 40.676423714550779 ], [ -74.020927769531255, 40.676834550781251 ], [ -74.020778255468741, 40.677234174218746 ], [ -74.020624710253898, 40.677622584863279 ], [ -74.020467133886726, 40.677999782714842 ], [ -74.020305526367196, 40.678365767773435 ], [ -74.020139887695308, 40.678720540039059 ], [ -74.019970217871091, 40.679064099511713 ], [ -74.019796516894544, 40.679396446191404 ], [ -74.01961878476564, 40.679717580078119 ], [ -74.019437021484379, 40.680027501171878 ], [ -74.019251227050788, 40.680326209472661 ], [ -74.019061401464853, 40.680613704980466 ], [ -74.018867544726561, 40.680889987695309 ], [ -74.018669656835954, 40.68115505761719 ], [ -74.018467737792975, 40.6814089147461 ], [ -74.018261787597652, 40.681651559082042 ], [ -74.01805180625, 40.681882990625006 ], [ -74.017837793750004, 40.682103209374993 ], [ -74.017621481835931, 40.682324107812491 ], [ -74.017402870507823, 40.682545685937498 ], [ -74.017181959765622, 40.682767943749994 ], [ -74.016958749609387, 40.682990881249999 ], [ -74.016733240039059, 40.683214498437501 ], [ -74.016505431054696, 40.683438795312497 ], [ -74.016275322656256, 40.683663771875004 ], [ -74.016042914843752, 40.683889428124999 ], [ -74.015808207617198, 40.684115764062497 ], [ -74.015571200976567, 40.684342779687498 ], [ -74.015331894921886, 40.684570475 ], [ -74.015090289453141, 40.68479885 ], [ -74.014846384570333, 40.685027904687502 ], [ -74.014600180273447, 40.685257639062506 ], [ -74.014351676562498, 40.685488053124999 ], [ -74.014100873437499, 40.685719146875002 ], [ -74.013847770898423, 40.685950920312493 ], [ -74.013592368945297, 40.686183373437501 ], [ -74.013334667578107, 40.686416506249998 ], [ -74.013074666796868, 40.686650318749997 ], [ -74.012812366601551, 40.686884810937499 ], [ -74.012547766992185, 40.687119982812504 ], [ -74.012280867968741, 40.687355834375005 ], [ -74.012011669531248, 40.687592365625001 ], [ -74.011740171679691, 40.687829576562507 ], [ -74.011466374414056, 40.688067467187501 ], [ -74.011190277734372, 40.688306037499999 ], [ -74.010911881640624, 40.688545287500006 ], [ -74.010631186132798, 40.688785217187501 ], [ -74.010348191210937, 40.689025826562499 ], [ -74.010062896874999, 40.689267115625 ], [ -74.009775303124997, 40.689509084374997 ], [ -74.00949350527344, 40.689742568749992 ], [ -74.009217503320315, 40.689967568749992 ], [ -74.008947297265621, 40.690184084374991 ], [ -74.008682887109373, 40.690392115625002 ], [ -74.008424272851556, 40.690591662499997 ], [ -74.008171454492185, 40.690782725 ], [ -74.007924432031245, 40.690965303124997 ], [ -74.007683205468751, 40.691139396874995 ], [ -74.007447774804689, 40.691305006249998 ], [ -74.007218140039072, 40.691462131249999 ], [ -74.006994301171886, 40.691610771874998 ], [ -74.006776258203132, 40.691750928124996 ], [ -74.006564011132809, 40.6918826 ], [ -74.006357559960946, 40.692005787499994 ], [ -74.006156904687501, 40.692120490625001 ], [ -74.005962045312501, 40.692226709374992 ], [ -74.005772981835946, 40.692324443749996 ], [ -74.005589714257809, 40.692413693749998 ], [ -74.005412242578132, 40.692494459374998 ], [ -74.005240566796886, 40.692566740624997 ], [ -74.005074686914071, 40.692630537499994 ], [ -74.004914602929688, 40.69268585 ], [ -74.00476031484375, 40.692732678124997 ], [ -74.004611822656258, 40.692771021874989 ], [ -74.004469126367184, 40.692800881249994 ], [ -74.004332225976569, 40.69282225624999 ], [ -74.004201121484385, 40.692835146874991 ], [ -74.004075812890648, 40.692839553124998 ], [ -74.003956300195327, 40.692835475 ], [ -74.003842583398438, 40.692822912499999 ], [ -74.003734662499994, 40.692801865625 ], [ -74.00363253750001, 40.692772334375 ], [ -74.003536795312499, 40.692744648828125 ], [ -74.003447435937488, 40.692718808984381 ], [ -74.003364459374993, 40.692694814843755 ], [ -74.003287865624998, 40.692672666406253 ], [ -74.003217654687489, 40.692652363671883 ], [ -74.00315382656251, 40.692633906640623 ], [ -74.003096381250003, 40.692617295312502 ], [ -74.003045318749997, 40.692602529687505 ], [ -74.003000639062492, 40.692589609765633 ], [ -74.002962342187487, 40.692578535546886 ], [ -74.002930428124998, 40.692569307031256 ], [ -74.002904896875009, 40.692561924218751 ], [ -74.002885748437507, 40.692556387109377 ], [ -74.002872982812505, 40.692552695703128 ], [ -74.0028666, 40.69255085 ], [ -74.0028666, 40.69255085 ], [ -74.002872982812505, 40.692552695703128 ], [ -74.002885748437507, 40.692556387109377 ], [ -74.002904896875009, 40.692561924218751 ], [ -74.002930428124998, 40.692569307031256 ], [ -74.002962342187487, 40.692578535546886 ], [ -74.003000639062492, 40.692589609765633 ], [ -74.003045318749997, 40.692602529687505 ], [ -74.003096381250003, 40.692617295312502 ], [ -74.00315382656251, 40.692633906640623 ], [ -74.003217654687489, 40.692652363671883 ], [ -74.003287865624998, 40.692672666406253 ], [ -74.003364459374993, 40.692694814843755 ], [ -74.003447435937488, 40.692718808984381 ], [ -74.003536795312499, 40.692744648828125 ], [ -74.00363253750001, 40.692772334375 ], [ -74.003734662499994, 40.692801865625 ], [ -74.003833516015632, 40.692839376367189 ], [ -74.003929098046882, 40.69288486660156 ], [ -74.004021408593758, 40.692938336328126 ], [ -74.004110447656259, 40.692999785546874 ], [ -74.004196215234373, 40.693069214257811 ], [ -74.004278711328126, 40.693146622460937 ], [ -74.004357935937506, 40.693232010156251 ], [ -74.004433889062497, 40.69332537734374 ], [ -74.004506570703128, 40.693426724023432 ], [ -74.004575980859386, 40.693536050195306 ], [ -74.004642119531255, 40.693653355859368 ], [ -74.00470498671875, 40.693778641015619 ], [ -74.004764582421871, 40.693911905664052 ], [ -74.004820906640617, 40.694053149804681 ], [ -74.00487395937499, 40.694202373437498 ], [ -74.004923740624989, 40.694359576562498 ], [ -74.004970250390613, 40.694524759179686 ], [ -74.005013488671864, 40.694697921289062 ], [ -74.00505345546874, 40.694879062890628 ], [ -74.005090150781243, 40.695068183984375 ], [ -74.005123574609371, 40.695265284570318 ], [ -74.005153726953111, 40.695470364648436 ], [ -74.005180607812491, 40.69568342421875 ], [ -74.005204217187483, 40.695904463281252 ], [ -74.005224555078115, 40.696133481835936 ], [ -74.005241621484373, 40.696370479882816 ], [ -74.005255416406243, 40.696615457421878 ], [ -74.005265939843738, 40.696868414453121 ], [ -74.005273191796874, 40.69712935097656 ], [ -74.005277172265622, 40.697398266992188 ], [ -74.005277881249995, 40.697675162500005 ], [ -74.005275318750009, 40.697960037499996 ], [ -74.005274237695318, 40.698237251367189 ], [ -74.00527463808595, 40.698506804101569 ], [ -74.005276519921892, 40.69876869570313 ], [ -74.005279883203144, 40.699022926171878 ], [ -74.005284727929705, 40.699269495507821 ], [ -74.005291054101576, 40.699508403710936 ], [ -74.005298861718771, 40.699739650781254 ], [ -74.005308150781261, 40.699963236718759 ], [ -74.005318921289074, 40.700179161523444 ], [ -74.005331173242212, 40.700387425195316 ], [ -74.005344906640644, 40.700588027734383 ], [ -74.005360121484372, 40.700780969140624 ], [ -74.005376817773438, 40.700966249414066 ], [ -74.005394995507814, 40.701143868554695 ], [ -74.005414654687499, 40.701313826562505 ], [ -74.005435795312522, 40.701476123437502 ], [ -74.005459818750026, 40.701632000390632 ], [ -74.005486725000011, 40.701781457421873 ], [ -74.005516514062506, 40.701924494531255 ], [ -74.005549185937511, 40.702061111718749 ], [ -74.005584740625011, 40.702191308984375 ], [ -74.005623178125006, 40.702315086328127 ], [ -74.005664498437511, 40.702432443750006 ], [ -74.005708701562497, 40.702543381250003 ], [ -74.005759991601565, 40.702651622460948 ], [ -74.005818368554685, 40.702757167382821 ], [ -74.005883832421873, 40.702860016015634 ], [ -74.005956383203127, 40.702960168359382 ], [ -74.006048633203136, 40.703068795312504 ], [ -74.00616058242187, 40.703185896874999 ], [ -74.006330067773433, 40.703344985742191 ], [ -74.0066706, 40.7036466 ] ] } },
{ "type": "Feature", "properties": { "Id": 0, "shape_id": "16", "route_id": "SG", "agency_id": "1", "short_name": "SG", "long_name": "St. George", "route_type": "4", "color": "#D0006F", "text_color": "FFFFFF", "rt_tp_txt": "Ferry", "direction": "NB" }, "geometry": { "type": "LineString", "coordinates": [ [ -74.074229, 40.6460718 ], [ -74.07256110400391, 40.646745294433586 ], [ -74.071723899902338, 40.64708332958984 ], [ -74.071161422363275, 40.647310403613275 ], [ -74.07068834960937, 40.647501349218743 ], [ -74.070304681640621, 40.64765616640625 ], [ -74.069948644531252, 40.647799799414059 ], [ -74.06962023828126, 40.647932248242185 ], [ -74.069319462890633, 40.648053512890627 ], [ -74.069046318359369, 40.648163593359371 ], [ -74.068780213378901, 40.648270804394528 ], [ -74.068521147949227, 40.648375145996098 ], [ -74.068269122070319, 40.648476618164068 ], [ -74.068024135742178, 40.648575220898437 ], [ -74.067786188964845, 40.648670954199218 ], [ -74.067555281738279, 40.648763818066413 ], [ -74.067331414062494, 40.648853812500008 ], [ -74.067114585937503, 40.648940937500001 ], [ -74.066897933593737, 40.64902796464844 ], [ -74.066681457031251, 40.649114893945317 ], [ -74.06646515624999, 40.649201725390625 ], [ -74.06624903125001, 40.649288458984387 ], [ -74.066033082031254, 40.649375094726572 ], [ -74.065817308593751, 40.649461632617196 ], [ -74.0656017109375, 40.649548072656259 ], [ -74.065386289062488, 40.649634414843746 ], [ -74.065171042968728, 40.649720659179685 ], [ -74.064955972656236, 40.649806805664063 ], [ -74.064741078124996, 40.64989285429688 ], [ -74.064526359375009, 40.649978805078121 ], [ -74.064311816406246, 40.650064658007807 ], [ -74.06409744921875, 40.650150413085939 ], [ -74.063883257812492, 40.650236070312502 ], [ -74.063669242187501, 40.650321629687497 ], [ -74.063441402832026, 40.65042837373047 ], [ -74.063199739746096, 40.650556302441402 ], [ -74.062944252929682, 40.650705415820312 ], [ -74.062674942382813, 40.65087571386718 ], [ -74.062391808105474, 40.651067196582026 ], [ -74.062094850097651, 40.651279863964845 ], [ -74.061784068359373, 40.651513716015629 ], [ -74.06145946289061, 40.65176875273437 ], [ -74.061121033691393, 40.652044974121097 ], [ -74.060768780761705, 40.652342380175781 ], [ -74.060402704101548, 40.652660970898438 ], [ -74.060022803710922, 40.653000746289067 ], [ -74.059629079589826, 40.653361706347653 ], [ -74.059221531738274, 40.653743851074225 ], [ -74.058800160156238, 40.654147180468755 ], [ -74.058364964843747, 40.654571694531242 ], [ -74.057915945800787, 40.655017393261716 ], [ -74.057453103027342, 40.655484276660147 ], [ -74.056976436523442, 40.655972344726557 ], [ -74.056485946289058, 40.656481597460932 ], [ -74.055981632324219, 40.657012034863271 ], [ -74.05546349462891, 40.65756365693359 ], [ -74.054931533203131, 40.658136463671866 ], [ -74.054385748046869, 40.658730455078128 ], [ -74.053826139160151, 40.659345631152348 ], [ -74.053252706542963, 40.659981991894526 ], [ -74.052665450195306, 40.660639537304689 ], [ -74.052064370117193, 40.661318267382811 ], [ -74.051449466308597, 40.662018182128911 ], [ -74.050820738769531, 40.662739281542969 ], [ -74.050178187499995, 40.663481565624998 ], [ -74.049521812500004, 40.664245034375 ], [ -74.048875830078131, 40.665002850781249 ], [ -74.048240240234378, 40.665755014843747 ], [ -74.047615042968758, 40.666501526562499 ], [ -74.047000238281257, 40.667242385937499 ], [ -74.046395826171874, 40.667977592968747 ], [ -74.04580180664064, 40.668707147656249 ], [ -74.04521817968751, 40.66943105 ], [ -74.044644945312484, 40.6701493 ], [ -74.04408210351562, 40.670861897656252 ], [ -74.043529654296862, 40.671568842968746 ], [ -74.042987597656236, 40.672270135937495 ], [ -74.042455933593743, 40.672965776562506 ], [ -74.041934662109355, 40.673655764843758 ], [ -74.041423783203129, 40.674340100781251 ], [ -74.040923296875008, 40.675018784374998 ], [ -74.040433203124991, 40.675691815625001 ], [ -74.039953501953121, 40.676359194531244 ], [ -74.039484193359385, 40.677020921093749 ], [ -74.039025277343768, 40.677676995312503 ], [ -74.038576753906256, 40.678327417187496 ], [ -74.038138623046876, 40.678972186718752 ], [ -74.03771088476563, 40.679611303906249 ], [ -74.037293539062503, 40.680244768750001 ], [ -74.036886585937495, 40.68087258125 ], [ -74.036490025390634, 40.681494741406247 ], [ -74.036103857421878, 40.68211124921875 ], [ -74.035728082031255, 40.6827221046875 ], [ -74.035362699218751, 40.683327307812498 ], [ -74.035007708984381, 40.68392685859375 ], [ -74.034663111328115, 40.684520757031251 ], [ -74.034328906249996, 40.685109003125 ], [ -74.034005093749997, 40.685691596875003 ], [ -74.033686436523439, 40.686276184765624 ], [ -74.033372934570309, 40.686862766796878 ], [ -74.033064587890621, 40.687451342968757 ], [ -74.032761396484375, 40.688041913281253 ], [ -74.032463360351557, 40.688634477734382 ], [ -74.032170479492194, 40.689229036328129 ], [ -74.03188275390626, 40.689825589062501 ], [ -74.031600183593739, 40.690424135937505 ], [ -74.031322768554674, 40.691024676953127 ], [ -74.031050508789065, 40.691627212109381 ], [ -74.030783404296869, 40.692231741406253 ], [ -74.03052145507813, 40.692838264843751 ], [ -74.030264661132819, 40.693446782421873 ], [ -74.030013022460935, 40.694057294140627 ], [ -74.029766539062507, 40.6946698 ], [ -74.029525210937493, 40.6952843 ], [ -74.029289038085935, 40.695900794140627 ], [ -74.029058020507819, 40.696519282421875 ], [ -74.02883215820313, 40.697139764843755 ], [ -74.028611451171869, 40.697762241406252 ], [ -74.028395899414051, 40.698386712109382 ], [ -74.028185502929688, 40.69901317695313 ], [ -74.027980261718753, 40.699641635937503 ], [ -74.027780175781245, 40.700272089062501 ], [ -74.027585245117194, 40.700904536328125 ], [ -74.027395469726557, 40.701538977734373 ], [ -74.027210849609375, 40.702175413281246 ], [ -74.027031384765621, 40.702813842968744 ], [ -74.026857075195323, 40.703454266796868 ], [ -74.026687920898439, 40.704096684765624 ], [ -74.026523921874997, 40.704741096874997 ], [ -74.026365078124996, 40.705387503125003 ], [ -74.026205197070311, 40.706013340039064 ], [ -74.026044278710941, 40.706618607617187 ], [ -74.025882323046872, 40.707203305859373 ], [ -74.025719330078118, 40.707767434765628 ], [ -74.02555529980468, 40.708310994335939 ], [ -74.025390232226556, 40.708833984570319 ], [ -74.025224127343748, 40.709336405468754 ], [ -74.02505698515624, 40.709818257031252 ], [ -74.024888805664062, 40.710279539257812 ], [ -74.024719588867185, 40.710720252148434 ], [ -74.024549334765624, 40.711140395703126 ], [ -74.024378043359363, 40.711539969921873 ], [ -74.024205714648431, 40.711918974804689 ], [ -74.024032348632801, 40.712277410351561 ], [ -74.0238579453125, 40.712615276562495 ], [ -74.023682504687486, 40.712932573437499 ], [ -74.023506026757801, 40.713229300976558 ], [ -74.023328511523431, 40.713505459179686 ], [ -74.023149958984362, 40.713761048046869 ], [ -74.022970369140623, 40.713996067578123 ], [ -74.022789741992185, 40.714210517773438 ], [ -74.022608077539061, 40.714404398632809 ], [ -74.022425375781253, 40.714577710156249 ], [ -74.022241636718732, 40.714730452343744 ], [ -74.02205686035154, 40.714862625195309 ], [ -74.021871046679678, 40.714974228710936 ], [ -74.021684195703116, 40.715065262890626 ], [ -74.02149630742187, 40.715135727734371 ], [ -74.021307381835925, 40.715185623242185 ], [ -74.021117418945309, 40.715214949414062 ], [ -74.020926418749994, 40.715223706250001 ], [ -74.020734381249994, 40.715211893749995 ], [ -74.020554346093746, 40.715200819531248 ], [ -74.02038631328125, 40.715190483593744 ], [ -74.020230282812491, 40.715180885937492 ], [ -74.020086254687499, 40.715172026562499 ], [ -74.019954228906244, 40.715163905468749 ], [ -74.019834205468754, 40.715156522656251 ], [ -74.019726184375003, 40.715149878124997 ], [ -74.019630165624989, 40.715143971875001 ], [ -74.019546149218741, 40.71513880390625 ], [ -74.019474135156244, 40.715134374218749 ], [ -74.019414123437485, 40.7151306828125 ], [ -74.019366114062507, 40.715127729687502 ], [ -74.019330107031251, 40.715125514843749 ], [ -74.019306102343748, 40.715124038281253 ], [ -74.0192941, 40.7151233 ], [ -74.0192941, 40.7151233 ], [ -74.019306102343748, 40.715124038281253 ], [ -74.019330107031251, 40.715125514843749 ], [ -74.019366114062507, 40.715127729687502 ], [ -74.019414123437485, 40.7151306828125 ], [ -74.019474135156244, 40.715134374218749 ], [ -74.019546149218741, 40.71513880390625 ], [ -74.019630165624989, 40.715143971875001 ], [ -74.019726184375003, 40.715149878124997 ], [ -74.019834205468754, 40.715156522656251 ], [ -74.019954228906244, 40.715163905468749 ], [ -74.020086254687499, 40.715172026562499 ], [ -74.020230282812491, 40.715180885937492 ], [ -74.02038631328125, 40.715190483593744 ], [ -74.020554346093746, 40.715200819531248 ], [ -74.020734381249994, 40.715211893749995 ], [ -74.020926418749994, 40.715223706250001 ], [ -74.021102448046861, 40.715270176953126 ], [ -74.021262469140623, 40.715351305859372 ], [ -74.021406482031239, 40.715467092968751 ], [ -74.021534486718735, 40.715617538281251 ], [ -74.021646483203114, 40.715802641796877 ], [ -74.021742471484373, 40.716022403515623 ], [ -74.0218224515625, 40.716276823437497 ], [ -74.021886423437493, 40.716565901562497 ], [ -74.021934387109383, 40.716889637890617 ], [ -74.021966342578125, 40.717248032421864 ], [ -74.021982289843749, 40.717641085156245 ], [ -74.021982228906239, 40.718068796093739 ], [ -74.021966159765611, 40.718531165234367 ], [ -74.021934082421865, 40.719028192578122 ], [ -74.021885996875, 40.719559878124997 ], [ -74.021821903124987, 40.720126221874992 ], [ -74.021741801171871, 40.720727223828121 ], [ -74.021645691015607, 40.721362883984376 ], [ -74.021533572656239, 40.722033202343752 ], [ -74.021405446093738, 40.722738178906241 ], [ -74.021261311328118, 40.723477813671863 ], [ -74.021101168359365, 40.72425210664062 ], [ -74.020925017187494, 40.725061057812496 ], [ -74.020732857812504, 40.725904667187493 ], [ -74.020524690234367, 40.726782934765623 ], [ -74.020300514453126, 40.727695860546874 ], [ -74.020060330468738, 40.728643444531244 ], [ -74.019804138281245, 40.729625686718748 ], [ -74.019531937890605, 40.730642587109372 ], [ -74.019243729296875, 40.731694145703116 ], [ -74.018939512499998, 40.732780362499994 ], [ -74.018619287500002, 40.733901237499992 ], [ -74.018302170117195, 40.734996899609371 ], [ -74.017988160351564, 40.736067348828115 ], [ -74.017677258203136, 40.73711258515624 ], [ -74.017369463671869, 40.738132608593745 ], [ -74.017064776757806, 40.739127419140615 ], [ -74.016763197460946, 40.740097016796867 ], [ -74.016464725781248, 40.741041401562491 ], [ -74.016169361718752, 40.741960573437495 ], [ -74.015877105273432, 40.742854532421866 ], [ -74.01558795644533, 40.743723278515624 ], [ -74.015301915234389, 40.744566811718748 ], [ -74.015018981640637, 40.745385132031238 ], [ -74.014739155664074, 40.746178239453116 ], [ -74.014462437304701, 40.746946133984366 ], [ -74.014188826562503, 40.74768881562499 ], [ -74.013918323437508, 40.748406284375001 ], [ -74.013650927929689, 40.749098540234378 ], [ -74.013386640039073, 40.749765583203121 ], [ -74.013125459765632, 40.750407413281245 ], [ -74.012867387109381, 40.751024030468749 ], [ -74.012612422070333, 40.751615434765618 ], [ -74.012360564648446, 40.752181626171868 ], [ -74.012111814843763, 40.752722604687499 ], [ -74.011866172656255, 40.753238370312495 ], [ -74.011623638085936, 40.753728923046872 ], [ -74.011384211132821, 40.754194262890628 ], [ -74.011147891796881, 40.754634389843751 ], [ -74.01091468007813, 40.75504930390624 ], [ -74.010684575976569, 40.755439005078117 ], [ -74.010457579492183, 40.755803493359373 ], [ -74.010233690625, 40.756142768749996 ], [ -74.010012909375007, 40.756456831249999 ], [ -74.009796553906256, 40.75676010078125 ], [ -74.009584624218746, 40.75705257734375 ], [ -74.009377120312507, 40.757334260937498 ], [ -74.009174042187496, 40.757605151562501 ], [ -74.008975389843755, 40.757865249218746 ], [ -74.008781163281242, 40.758114553906246 ], [ -74.008591362499999, 40.758353065624995 ], [ -74.008405987499998, 40.758580784374999 ], [ -74.008225038281239, 40.758797710156244 ], [ -74.00804851484375, 40.759003842968745 ], [ -74.007876417187504, 40.759199182812495 ], [ -74.007708745312499, 40.759383729687492 ], [ -74.007545499218764, 40.759557483593738 ], [ -74.007386678906244, 40.75972044453124 ], [ -74.007232284374993, 40.75987261249999 ], [ -74.007082315625013, 40.760013987500002 ], [ -74.006934299023442, 40.760143591015627 ], [ -74.006788234570323, 40.760261423046877 ], [ -74.006644122265641, 40.760367483593754 ], [ -74.006501962109382, 40.760461772656242 ], [ -74.006361754101562, 40.760544290234371 ], [ -74.006223498242178, 40.760615036328119 ], [ -74.006087194531247, 40.7606740109375 ], [ -74.005952842968767, 40.760721214062492 ], [ -74.00581302265627, 40.760753710156244 ], [ -74.005667733593754, 40.760771499218748 ], [ -74.005516975781262, 40.760774581249997 ], [ -74.005360749218752, 40.760762956249998 ], [ -74.005176791210943, 40.760727817578122 ], [ -74.004965101757819, 40.760669165234376 ], [ -74.004658892773449, 40.760560579296879 ], [ -74.0040578, 40.7603228 ] ] } },
{ "type": "Feature", "properties": { "Id": 0, "shape_id": "9", "route_id": "ER", "agency_id": "1", "short_name": "ER", "long_name": "East River", "route_type": "4", "color": "#228B9D", "text_color": "FFFFFF", "rt_tp_txt": "Ferry", "direction": "NB" }, "geometry": { "type": "LineString", "coordinates": [ [ -74.006693, 40.703647 ], [ -74.006352705078129, 40.703345623046872 ], [ -74.006174846679698, 40.703197294921871 ], [ -74.006045993164065, 40.703101556640618 ], [ -74.005928333984386, 40.703024921874999 ], [ -74.005821869140632, 40.702967390624991 ], [ -74.005713995117191, 40.702917800781243 ], [ -74.00560471191406, 40.702876152343748 ], [ -74.005494019531255, 40.702842445312498 ], [ -74.005381917968748, 40.702816679687494 ], [ -74.00526420605469, 40.702795134765623 ], [ -74.005140883789068, 40.70277781054687 ], [ -74.005011951171866, 40.70276470703125 ], [ -74.004877408203129, 40.702755824218755 ], [ -74.004737254882826, 40.702751162109379 ], [ -74.004591491210959, 40.702750720703122 ], [ -74.004440117187514, 40.7027545 ], [ -74.004283132812489, 40.7027625 ], [ -74.004119137695298, 40.702773480468757 ], [ -74.003948131835926, 40.702787441406251 ], [ -74.00377011523436, 40.702804382812502 ], [ -74.003585087890613, 40.702824304687503 ], [ -74.003393049804686, 40.702847207031247 ], [ -74.003194000976549, 40.702873089843749 ], [ -74.002987941406246, 40.702901953125 ], [ -74.002774871093749, 40.702933796874994 ], [ -74.002554790039056, 40.702968621093746 ], [ -74.002327698242198, 40.703006425781247 ], [ -74.00209359570313, 40.703047210937491 ], [ -74.001852482421882, 40.703090976562493 ], [ -74.001604358398453, 40.703137722656244 ], [ -74.001349223632815, 40.703187449218738 ], [ -74.001087078125011, 40.70324015624999 ], [ -74.000817921874983, 40.703295843749999 ], [ -74.000556224609355, 40.703349295898434 ], [ -74.000301986328111, 40.70340051269531 ], [ -74.000055207031238, 40.703449494140628 ], [ -73.999815886718736, 40.703496240234372 ], [ -73.999584025390618, 40.703540750976558 ], [ -73.999359623046871, 40.703583026367184 ], [ -73.999142679687495, 40.703623066406244 ], [ -73.998933195312489, 40.703660871093746 ], [ -73.998731169921854, 40.703696440429681 ], [ -73.998536603515618, 40.703729774414057 ], [ -73.998349496093738, 40.703760873046868 ], [ -73.998169847656243, 40.703789736328126 ], [ -73.997997658203118, 40.703816364257811 ], [ -73.997832927734379, 40.70384075683593 ], [ -73.997675656249996, 40.703862914062498 ], [ -73.997525843749997, 40.703882835937492 ], [ -73.99738349023437, 40.703900522460934 ], [ -73.997248595703127, 40.703915973632803 ], [ -73.997121160156254, 40.70392918945312 ], [ -73.997001183593753, 40.703940169921864 ], [ -73.996888666015622, 40.703948915039057 ], [ -73.996783607421875, 40.703955424804683 ], [ -73.996686007812499, 40.703959699218743 ], [ -73.996595867187494, 40.703961738281251 ], [ -73.996513185546874, 40.703961541992186 ], [ -73.996437962890624, 40.703959110351562 ], [ -73.996370199218745, 40.703954443359379 ], [ -73.996309894531251, 40.703947541015623 ], [ -73.996257048828127, 40.703938403320308 ], [ -73.996211662109374, 40.703927030273434 ], [ -73.996173734375006, 40.703913421875001 ], [ -73.996143265625008, 40.703897578124995 ], [ -73.996114701171877, 40.703882724609372 ], [ -73.996088041015639, 40.703868861328118 ], [ -73.996063285156254, 40.703855988281241 ], [ -73.996040433593748, 40.70384410546874 ], [ -73.996019486328123, 40.703833212890615 ], [ -73.996000443359378, 40.703823310546866 ], [ -73.995983304687499, 40.703814398437494 ], [ -73.9959680703125, 40.703806476562498 ], [ -73.995954740234367, 40.703799544921878 ], [ -73.995943314453129, 40.703793603515621 ], [ -73.995933792968742, 40.703788652343746 ], [ -73.99592617578125, 40.703784691406241 ], [ -73.995920462890609, 40.70378172070312 ], [ -73.995916654296877, 40.703779740234374 ], [ -73.99591475, 40.70377875 ], [ -73.99591475, 40.70377875 ], [ -73.995916654296877, 40.703779740234374 ], [ -73.995920462890609, 40.70378172070312 ], [ -73.99592617578125, 40.703784691406241 ], [ -73.995933792968742, 40.703788652343746 ], [ -73.995943314453129, 40.703793603515621 ], [ -73.995954740234367, 40.703799544921878 ], [ -73.9959680703125, 40.703806476562498 ], [ -73.995983304687499, 40.703814398437494 ], [ -73.996000443359378, 40.703823310546866 ], [ -73.996019486328123, 40.703833212890615 ], [ -73.996040433593748, 40.70384410546874 ], [ -73.996063285156254, 40.703855988281241 ], [ -73.996088041015639, 40.703868861328118 ], [ -73.996114701171877, 40.703882724609372 ], [ -73.996143265625008, 40.703897578124995 ], [ -73.996173734375006, 40.703913421875001 ], [ -73.99617974902344, 40.70393459082031 ], [ -73.996161309570311, 40.703961084960937 ], [ -73.996118416015619, 40.703992904296875 ], [ -73.996051068359364, 40.704030048828123 ], [ -73.995959266601545, 40.704072518554682 ], [ -73.995843010742192, 40.704120313476565 ], [ -73.995702300781247, 40.704173433593752 ], [ -73.995537136718752, 40.704231878906242 ], [ -73.995347518554681, 40.704295649414057 ], [ -73.995133446289074, 40.704364745117182 ], [ -73.994894919921876, 40.704439166015618 ], [ -73.994631939453129, 40.704518912109378 ], [ -73.994344504882804, 40.704603983398442 ], [ -73.994032616210944, 40.70469437988281 ], [ -73.993696273437507, 40.704790101562494 ], [ -73.993335476562493, 40.704891148437497 ], [ -73.992950225585929, 40.704997520507803 ], [ -73.992540520507816, 40.705109217773433 ], [ -73.992106361328126, 40.705226240234374 ], [ -73.991647748046873, 40.705348587890619 ], [ -73.991164680664056, 40.705476260742188 ], [ -73.99065715917969, 40.70560925878906 ], [ -73.990125183593747, 40.70574758203125 ], [ -73.989568753906241, 40.705891230468751 ], [ -73.988987870117171, 40.706040204101562 ], [ -73.988382532226552, 40.706194502929691 ], [ -73.987752740234356, 40.706354126953123 ], [ -73.987098494140611, 40.70651907617188 ], [ -73.986419793945302, 40.70668935058594 ], [ -73.98571663964843, 40.70686495019531 ], [ -73.984989031249995, 40.707045875 ], [ -73.984236968749997, 40.707232125 ], [ -73.983506107421874, 40.707411210937494 ], [ -73.982796447265628, 40.707583132812502 ], [ -73.982107988281257, 40.707747890625001 ], [ -73.981440730468762, 40.70790548437499 ], [ -73.980794673828143, 40.708055914062491 ], [ -73.980169818359371, 40.708199179687497 ], [ -73.979566164062504, 40.708335281250001 ], [ -73.978983710937499, 40.708464218749995 ], [ -73.978422458984369, 40.708585992187494 ], [ -73.977882408203129, 40.708700601562498 ], [ -73.977363558593751, 40.708808046874999 ], [ -73.976865910156249, 40.708908328125005 ], [ -73.976389462890637, 40.709001445312502 ], [ -73.975934216796873, 40.709087398437504 ], [ -73.975500171874998, 40.709166187500003 ], [ -73.975087328124999, 40.7092378125 ], [ -73.974695685546862, 40.709302273437501 ], [ -73.97432524414063, 40.7093595703125 ], [ -73.973976003906245, 40.709409703124997 ], [ -73.973647964843749, 40.709452671875006 ], [ -73.97334112695313, 40.709488476562505 ], [ -73.973055490234373, 40.709517117187502 ], [ -73.972791054687505, 40.709538593750004 ], [ -73.972547820312499, 40.709552906250003 ], [ -73.972325787109369, 40.7095600546875 ], [ -73.972124955078129, 40.709560039062502 ], [ -73.971945324218751, 40.709552859375002 ], [ -73.971786894531263, 40.709538515624999 ], [ -73.971649666015637, 40.709517007812501 ], [ -73.971533638671886, 40.7094883359375 ], [ -73.971438812499997, 40.7094525 ], [ -73.971365187499998, 40.7094095 ], [ -73.971296164062494, 40.709369187500002 ], [ -73.971231742187484, 40.709331562499997 ], [ -73.971171921874998, 40.709296625 ], [ -73.971116703124977, 40.709264375 ], [ -73.97106608593748, 40.7092348125 ], [ -73.971020070312491, 40.709207937499997 ], [ -73.970978656249997, 40.70918375 ], [ -73.970941843749983, 40.70916225 ], [ -73.970909632812493, 40.709143437500003 ], [ -73.970882023437483, 40.709127312500001 ], [ -73.970859015624995, 40.709113875 ], [ -73.970840609374989, 40.709103125 ], [ -73.970826804687505, 40.709095062499998 ], [ -73.970817601562487, 40.709089687499997 ], [ -73.970813, 40.709087 ], [ -73.970813, 40.709087 ], [ -73.970817601562487, 40.709089687499997 ], [ -73.970826804687505, 40.709095062499998 ], [ -73.970840609374989, 40.709103125 ], [ -73.970859015624995, 40.709113875 ], [ -73.970882023437483, 40.709127312500001 ], [ -73.970909632812493, 40.709143437500003 ], [ -73.970941843749983, 40.70916225 ], [ -73.970978656249997, 40.70918375 ], [ -73.971020070312491, 40.709207937499997 ], [ -73.97106608593748, 40.7092348125 ], [ -73.971116703124977, 40.709264375 ], [ -73.971171921874998, 40.709296625 ], [ -73.971231742187484, 40.709331562499997 ], [ -73.971296164062494, 40.709369187500002 ], [ -73.971365187499998, 40.7094095 ], [ -73.971438812499997, 40.7094525 ], [ -73.971504988281254, 40.70950577050781 ], [ -73.971563714843768, 40.709569311523438 ], [ -73.971614992187511, 40.709643123046874 ], [ -73.971658820312513, 40.709727205078124 ], [ -73.971695199218772, 40.70982155761719 ], [ -73.97172412890626, 40.709926180664056 ], [ -73.971745609375006, 40.710041074218744 ], [ -73.97175964062501, 40.710166238281253 ], [ -73.971766222656242, 40.710301672851564 ], [ -73.971765355468762, 40.710447377929682 ], [ -73.97175703906251, 40.710603353515623 ], [ -73.971741273437488, 40.710769599609371 ], [ -73.971718058593751, 40.710946116210934 ], [ -73.971687394531244, 40.711132903320312 ], [ -73.971649281249995, 40.711329960937498 ], [ -73.971603718750004, 40.711537289062498 ], [ -73.971550707031241, 40.711754887695307 ], [ -73.971490246093751, 40.711982756835937 ], [ -73.971422335937504, 40.712220896484368 ], [ -73.971346976562486, 40.712469306640628 ], [ -73.971264167968741, 40.712727987304689 ], [ -73.971173910156239, 40.712996938476564 ], [ -73.971076203124994, 40.713276160156255 ], [ -73.970971046874993, 40.713565652343746 ], [ -73.97085844140625, 40.713865415039066 ], [ -73.97073838671875, 40.714175448242187 ], [ -73.970610882812508, 40.71449575195313 ], [ -73.970475929687495, 40.714826326171881 ], [ -73.970333527343755, 40.71516717089844 ], [ -73.970183675781243, 40.71551828613282 ], [ -73.970026374999989, 40.715879671875001 ], [ -73.969861625, 40.716251328124997 ], [ -73.969699673828131, 40.716610223632806 ], [ -73.969540521484376, 40.716956358398434 ], [ -73.969384167968755, 40.717289732421868 ], [ -73.969230613281255, 40.717610345703129 ], [ -73.969079857421875, 40.717918198242188 ], [ -73.968931900390629, 40.718213290039067 ], [ -73.968786742187504, 40.718495621093751 ], [ -73.968644382812499, 40.718765191406249 ], [ -73.968504822265629, 40.719022000976558 ], [ -73.968368060546879, 40.719266049804681 ], [ -73.96823409765625, 40.719497337890616 ], [ -73.968102933593755, 40.719715865234363 ], [ -73.967974568359381, 40.719921631835923 ], [ -73.967849001953127, 40.720114637695303 ], [ -73.967726234375007, 40.720294882812489 ], [ -73.967606265625008, 40.720462367187501 ], [ -73.967489095703129, 40.720617090820312 ], [ -73.967374724609385, 40.720759053710943 ], [ -73.967263152343762, 40.720888255859379 ], [ -73.967154378906258, 40.721004697265627 ], [ -73.967048404296889, 40.721108377929689 ], [ -73.966945228515627, 40.721199297851562 ], [ -73.966844851562499, 40.721277457031249 ], [ -73.96674727343752, 40.721342855468748 ], [ -73.966652494140646, 40.72139549316406 ], [ -73.96656051367188, 40.721435370117185 ], [ -73.966471332031261, 40.721462486328122 ], [ -73.96638494921875, 40.721476841796871 ], [ -73.966301365234372, 40.721478436523434 ], [ -73.966220580078129, 40.721467270507809 ], [ -73.966142593749993, 40.721443343749996 ], [ -73.966067406250005, 40.721406656249997 ], [ -73.965996917968752, 40.721372261718749 ], [ -73.965931128906234, 40.721340160156245 ], [ -73.96587003906248, 40.721310351562501 ], [ -73.965813648437489, 40.721282835937494 ], [ -73.965761957031248, 40.721257613281246 ], [ -73.965714964843755, 40.72123468359375 ], [ -73.965672671874998, 40.721214046874998 ], [ -73.96563507812499, 40.721195703124998 ], [ -73.965602183593745, 40.72117965234375 ], [ -73.96557398828125, 40.721165894531246 ], [ -73.965550492187504, 40.721154429687495 ], [ -73.965531695312492, 40.721145257812502 ], [ -73.965517597656245, 40.721138378906247 ], [ -73.965508199218746, 40.72113379296875 ], [ -73.9655035, 40.7211315 ], [ -73.9655035, 40.7211315 ], [ -73.965508199218746, 40.72113379296875 ], [ -73.965517597656245, 40.721138378906247 ], [ -73.965531695312492, 40.721145257812502 ], [ -73.965550492187504, 40.721154429687495 ], [ -73.96557398828125, 40.721165894531246 ], [ -73.965602183593745, 40.72117965234375 ], [ -73.96563507812499, 40.721195703124998 ], [ -73.965672671874998, 40.721214046874998 ], [ -73.965714964843755, 40.72123468359375 ], [ -73.965761957031248, 40.721257613281246 ], [ -73.965813648437489, 40.721282835937494 ], [ -73.96587003906248, 40.721310351562501 ], [ -73.965931128906234, 40.721340160156245 ], [ -73.965996917968752, 40.721372261718749 ], [ -73.966067406250005, 40.721406656249997 ], [ -73.966142593749993, 40.721443343749996 ], [ -73.96621302343749, 40.721488058593749 ], [ -73.966278695312496, 40.721540800781241 ], [ -73.966339609374998, 40.721601570312494 ], [ -73.966395765625009, 40.721670367187492 ], [ -73.966447164062501, 40.721747191406244 ], [ -73.966493804687516, 40.721832042968742 ], [ -73.966535687500013, 40.721924921874994 ], [ -73.96657281249999, 40.722025828124998 ], [ -73.966605179687491, 40.722134761718749 ], [ -73.966632789062501, 40.722251722656239 ], [ -73.966655640624992, 40.722376710937496 ], [ -73.966673734375007, 40.722509726562492 ], [ -73.966687070312503, 40.722650769531249 ], [ -73.966695648437508, 40.722799839843745 ], [ -73.966699468749994, 40.722956937499994 ], [ -73.966698531250003, 40.723122062499996 ], [ -73.966692835937494, 40.723295214843745 ], [ -73.966682382812508, 40.723476394531247 ], [ -73.966667171875002, 40.723665601562494 ], [ -73.966647203125007, 40.723862835937496 ], [ -73.966622476562506, 40.724068097656243 ], [ -73.966592992187515, 40.724281386718744 ], [ -73.966558750000019, 40.724502703124998 ], [ -73.96651975, 40.72473204687499 ], [ -73.966475992187497, 40.724969417968744 ], [ -73.966427476562501, 40.725214816406243 ], [ -73.966374203125014, 40.725468242187489 ], [ -73.966316171875008, 40.725729695312495 ], [ -73.966253382812511, 40.725999175781247 ], [ -73.966185835937523, 40.726276683593753 ], [ -73.966113531250016, 40.726562218749997 ], [ -73.966036468749991, 40.726855781250002 ], [ -73.965960618164047, 40.727140129882812 ], [ -73.965885979492185, 40.727415264648435 ], [ -73.965812552734377, 40.727681185546878 ], [ -73.965740337890622, 40.727937892578126 ], [ -73.96566933496095, 40.728185385742186 ], [ -73.965599543945316, 40.728423665039067 ], [ -73.965530964843751, 40.728652730468752 ], [ -73.965463597656267, 40.728872582031251 ], [ -73.965397442382823, 40.729083219726562 ], [ -73.965332499023461, 40.729284643554692 ], [ -73.965268767578152, 40.729476853515628 ], [ -73.965206248046883, 40.729659849609376 ], [ -73.965144940429695, 40.729833631835945 ], [ -73.96508484472659, 40.729998200195311 ], [ -73.96502596093751, 40.730153554687504 ], [ -73.964968289062512, 40.730299695312503 ], [ -73.964911829101567, 40.730436622070314 ], [ -73.964856581054676, 40.730564334960945 ], [ -73.964802544921866, 40.730682833984382 ], [ -73.964749720703139, 40.730792119140631 ], [ -73.964698108398451, 40.730892190429692 ], [ -73.964647708007817, 40.730983047851574 ], [ -73.964598519531251, 40.73106469140626 ], [ -73.964550542968766, 40.731137121093752 ], [ -73.964503778320335, 40.731200336914064 ], [ -73.964458225585958, 40.731254338867195 ], [ -73.964413884765634, 40.731299126953132 ], [ -73.964370755859392, 40.731334701171875 ], [ -73.964328838867203, 40.731361061523437 ], [ -73.964288133789069, 40.731378208007818 ], [ -73.964248640625016, 40.731386140625006 ], [ -73.964210359374988, 40.731384859374998 ], [ -73.964174470703114, 40.731383658203129 ], [ -73.964140974609364, 40.731382537109376 ], [ -73.96410987109374, 40.731381496093753 ], [ -73.96408116015624, 40.731380535156248 ], [ -73.964054841796866, 40.731379654296873 ], [ -73.964030916015616, 40.731378853515622 ], [ -73.964009382812492, 40.731378132812502 ], [ -73.963990242187492, 40.731377492187498 ], [ -73.963973494140618, 40.731376931640625 ], [ -73.963959138671868, 40.731376451171876 ], [ -73.963947175781243, 40.73137605078125 ], [ -73.963937605468743, 40.731375730468748 ], [ -73.963930427734368, 40.73137549023437 ], [ -73.963925642578118, 40.731375330078123 ], [ -73.96392325, 40.73137525 ], [ -73.96392325, 40.73137525 ], [ -73.963925642578118, 40.731375330078123 ], [ -73.963930427734368, 40.73137549023437 ], [ -73.963937605468743, 40.731375730468748 ], [ -73.963947175781243, 40.73137605078125 ], [ -73.963959138671868, 40.731376451171876 ], [ -73.963973494140618, 40.731376931640625 ], [ -73.963990242187492, 40.731377492187498 ], [ -73.964009382812492, 40.731378132812502 ], [ -73.964030916015616, 40.731378853515622 ], [ -73.964054841796866, 40.731379654296873 ], [ -73.96408116015624, 40.731380535156248 ], [ -73.96410987109374, 40.731381496093753 ], [ -73.964140974609364, 40.731382537109376 ], [ -73.964174470703114, 40.731383658203129 ], [ -73.964210359374988, 40.731384859374998 ], [ -73.964248640625016, 40.731386140625006 ], [ -73.964285410156265, 40.731397858398438 ], [ -73.964320667968764, 40.731420012695317 ], [ -73.964354414062512, 40.731452603515628 ], [ -73.964386648437511, 40.731495630859378 ], [ -73.964417371093759, 40.731549094726567 ], [ -73.964446582031258, 40.731612995117189 ], [ -73.964474281250006, 40.731687332031257 ], [ -73.964500468750003, 40.73177210546875 ], [ -73.964525144531251, 40.731867315429689 ], [ -73.964548308593749, 40.731972961914067 ], [ -73.964569960937496, 40.732089044921878 ], [ -73.964590101562493, 40.732215564453128 ], [ -73.96460873046874, 40.732352520507817 ], [ -73.964625847656237, 40.732499913085938 ], [ -73.964641453124997, 40.732657742187499 ], [ -73.964655546875022, 40.732826007812506 ], [ -73.964668128906283, 40.733004709960937 ], [ -73.964679199218779, 40.733193848632816 ], [ -73.964688757812524, 40.733393423828126 ], [ -73.96469680468752, 40.733603435546875 ], [ -73.964703339843766, 40.733823883789064 ], [ -73.964708363281261, 40.734054768554685 ], [ -73.964711875, 40.734296089843752 ], [ -73.964713875, 40.734547847656245 ], [ -73.964714363281246, 40.734810041992183 ], [ -73.96471333984374, 40.735082672851561 ], [ -73.964710804687499, 40.735365740234371 ], [ -73.964706757812507, 40.735659244140621 ], [ -73.964701199218752, 40.735963184570309 ], [ -73.964694128906245, 40.736277561523437 ], [ -73.964685546874989, 40.736602375 ], [ -73.964675453125011, 40.736937625 ], [ -73.964662552734382, 40.737262109375003 ], [ -73.964646845703129, 40.737575828125003 ], [ -73.964628332031253, 40.737878781250004 ], [ -73.964607011718755, 40.738170968750005 ], [ -73.964582884765633, 40.738452390625 ], [ -73.96455595117186, 40.738723046875009 ], [ -73.964526210937493, 40.738982937500005 ], [ -73.964493664062488, 40.739232062500001 ], [ -73.96445831054686, 40.739470421874998 ], [ -73.964420150390623, 40.739698015625002 ], [ -73.964379183593749, 40.73991484375 ], [ -73.964335410156238, 40.740120906250006 ], [ -73.964288830078118, 40.740316203125005 ], [ -73.964239443359375, 40.740500734375004 ], [ -73.96418725, 40.7406745 ], [ -73.96413225, 40.7408375 ], [ -73.964074443359365, 40.740989734374999 ], [ -73.964013830078116, 40.741131203124993 ], [ -73.963950410156244, 40.741261906249996 ], [ -73.963884183593748, 40.741381843749998 ], [ -73.963815150390616, 40.741491015625002 ], [ -73.963743310546874, 40.741589421874998 ], [ -73.963668664062496, 40.741677062500003 ], [ -73.963591210937494, 40.7417539375 ], [ -73.963510951171884, 40.741820046875006 ], [ -73.963427884765622, 40.741875390624998 ], [ -73.963342011718737, 40.741919968749997 ], [ -73.963253332031258, 40.741953781250004 ], [ -73.963161845703127, 40.741976828125004 ], [ -73.963067552734373, 40.741989109374998 ], [ -73.962970453124996, 40.741990625 ], [ -73.962870546874996, 40.741981375 ], [ -73.962776884765617, 40.741972703125001 ], [ -73.962689466796874, 40.741964609374996 ], [ -73.962608292968753, 40.741957093750003 ], [ -73.962533363281239, 40.741950156249999 ], [ -73.962464677734374, 40.741943796875006 ], [ -73.962402236328117, 40.741938015624996 ], [ -73.962346039062496, 40.741932812499996 ], [ -73.962296085937496, 40.741928187500001 ], [ -73.962252376953117, 40.741924140625002 ], [ -73.962214912109374, 40.741920671875 ], [ -73.962183691406238, 40.741917781250002 ], [ -73.962158714843753, 40.741915468750001 ], [ -73.962139982421874, 40.741913734375004 ], [ -73.962127494140617, 40.741912578124996 ], [ -73.96212125, 40.741912 ], [ -73.96212125, 40.741912 ], [ -73.962127494140617, 40.741912578124996 ], [ -73.962139982421874, 40.741913734375004 ], [ -73.962158714843753, 40.741915468750001 ], [ -73.962183691406238, 40.741917781250002 ], [ -73.962214912109374, 40.741920671875 ], [ -73.962252376953117, 40.741924140625002 ], [ -73.962296085937496, 40.741928187500001 ], [ -73.962346039062496, 40.741932812499996 ], [ -73.962402236328117, 40.741938015624996 ], [ -73.962464677734374, 40.741943796875006 ], [ -73.962533363281239, 40.741950156249999 ], [ -73.962608292968753, 40.741957093750003 ], [ -73.962689466796874, 40.741964609374996 ], [ -73.962776884765617, 40.741972703125001 ], [ -73.962870546874996, 40.741981375 ], [ -73.962970453124996, 40.741990625 ], [ -73.963069981445301, 40.742000369140627 ], [ -73.96316913183594, 40.742010607421875 ], [ -73.96326790429687, 40.742021339843753 ], [ -73.96336629882812, 40.742032566406252 ], [ -73.96346431542969, 40.74204428710938 ], [ -73.96356195410155, 40.74205650195313 ], [ -73.963659214843744, 40.742069210937501 ], [ -73.963756097656244, 40.742082414062509 ], [ -73.963852602539049, 40.742096111328131 ], [ -73.963948729492188, 40.742110302734375 ], [ -73.964044478515618, 40.742124988281248 ], [ -73.964139849609367, 40.742140167968756 ], [ -73.964234842773436, 40.74215584179688 ], [ -73.964329458007796, 40.742172009765625 ], [ -73.96442369531249, 40.742188671874999 ], [ -73.964517554687504, 40.742205828125002 ], [ -73.964611036132823, 40.742223478515626 ], [ -73.964704139648447, 40.74224162304688 ], [ -73.964796865234391, 40.742260261718755 ], [ -73.96488921289064, 40.742279394531252 ], [ -73.964981182617208, 40.742299021484371 ], [ -73.965072774414068, 40.742319142578125 ], [ -73.965163988281262, 40.742339757812502 ], [ -73.965254824218761, 40.7423608671875 ], [ -73.965345282226565, 40.742382470703134 ], [ -73.965435362304703, 40.742404568359376 ], [ -73.965525064453132, 40.742427160156254 ], [ -73.965614388671881, 40.742450246093753 ], [ -73.965703334960949, 40.742473826171874 ], [ -73.965791903320309, 40.742497900390632 ], [ -73.965880093750002, 40.742522468750003 ], [ -73.96596790625, 40.742547531249997 ], [ -73.966056296874996, 40.742572763671873 ], [ -73.966145265624988, 40.742598166015618 ], [ -73.966234812499991, 40.742623738281246 ], [ -73.966324937500005, 40.742649480468749 ], [ -73.966415640625002, 40.742675392578121 ], [ -73.966506921874995, 40.742701474609376 ], [ -73.966598781249999, 40.742727726562499 ], [ -73.96669121875, 40.742754148437498 ], [ -73.966784234374998, 40.74278074023438 ], [ -73.966877828125007, 40.742807501953124 ], [ -73.966972, 40.74283443359375 ], [ -73.96706675, 40.742861535156251 ], [ -73.967162078125, 40.742888806640622 ], [ -73.96725798437501, 40.742916248046882 ], [ -73.967354468750017, 40.742943859375004 ], [ -73.967451531249992, 40.742971640625001 ], [ -73.96755249414062, 40.743000544921877 ], [ -73.967657357421871, 40.743030572265624 ], [ -73.967766121093746, 40.74306172265625 ], [ -73.967878785156259, 40.743093996093755 ], [ -73.967995349609396, 40.743127392578131 ], [ -73.968115814453142, 40.743161912109372 ], [ -73.968240179687513, 40.743197554687498 ], [ -73.968368445312507, 40.74323432031251 ], [ -73.968510578125006, 40.743275068359381 ], [ -73.96866657812501, 40.743319798828125 ], [ -73.968836445312505, 40.743368511718757 ], [ -73.96902017968749, 40.743421207031254 ], [ -73.96924768164061, 40.74348646289063 ], [ -73.969518951171864, 40.743564279296876 ], [ -73.969923689453111, 40.743680390625002 ], [ -73.970731, 40.743912 ] ] } }
]
}
